0.000000000000000000e+00,2.500000000000000000e+00
1.219512195121951172e-08,2.902823578873398702e+00
2.439024390243902345e-08,3.295119994822585330e+00
3.658536585365853848e-08,3.666637195828084117e+00
4.878048780487804690e-08,4.007666162087552664e+00
6.097560975609755531e-08,4.309294636032232617e+00
7.317073170731707696e-08,4.563640030211117526e+00
8.536585365853658538e-08,4.764055426360304324e+00
9.756097560975609379e-08,4.905303282194696912e+00
1.097560975609756154e-07,4.983692306367293767e+00
1.219512195121951106e-07,4.997173924583503180e+00
1.341463414634146455e-07,4.945395815879788159e+00
1.463414634146341539e-07,4.829711119979887002e+00
1.585365853658536623e-07,4.653143075108786775e+00
1.707317073170731708e-07,4.420306010399766450e+00
1.829268292682926792e-07,4.137284757634129839e+00
1.951219512195121876e-07,3.811475633698815368e+00
2.073170731707316960e-07,3.451393149436149166e+00
2.195121951219512309e-07,3.066447496247014293e+00
2.317073170731707393e-07,2.666698625486351837e+00
2.439024390243902212e-07,2.262593347400567279e+00
2.560975609756097561e-07,1.864692320114089696e+00
2.682926829268292910e-07,1.483394063380087724e+00
2.804878048780487730e-07,1.128663209563388614e+00
2.926829268292683078e-07,8.097700935903047181e-01
3.048780487804877898e-07,5.350484872739167397e-01
3.170731707317073247e-07,3.116778092485077423e-01
3.292682926829268066e-07,1.454955021152368744e-01
3.414634146341463415e-07,4.084448002824725421e-02
3.536585365853658764e-07,4.596334395254864091e-04
3.658536585365853583e-07,2.539635702308107312e-02
3.780487804878048932e-07,1.150029685891715836e-01
3.902439024390243752e-07,2.669377397770071880e-01
4.024390243902439101e-07,4.772300934554767338e-01
4.146341463414633920e-07,7.403843685337330172e-01
4.268292682926829269e-07,1.049523440450951250e+00
4.390243902439024618e-07,1.396568444048801316e+00
4.512195121951219437e-07,1.772449902051088655e+00
4.634146341463414786e-07,2.167344741638574934e+00
4.756097560975609605e-07,2.570933005062269849e+00
4.878048780487804425e-07,2.972667545565667702e+00
4.999999999999999774e-07,3.362049660535603834e+00
5.121951219512195123e-07,3.728903458641365187e+00
5.243902439024390471e-07,4.063641790806860499e+00
5.365853658536585820e-07,4.357516795326620951e+00
5.487804878048780110e-07,4.602848509521736631e+00
5.609756097560975459e-07,4.793225573528344441e+00
5.731707317073170808e-07,4.923672781139703858e+00
5.853658536585366157e-07,4.990781099023223533e+00
5.975609756097560447e-07,4.992796756463928176e+00
6.097560975609755796e-07,4.929667077413569132e+00
6.219512195121951145e-07,4.803041857096579825e+00
6.341463414634146494e-07,4.616230247197477432e+00
6.463414634146341842e-07,4.374114276367720322e+00
6.585365853658536132e-07,4.083021266058070253e+00
6.707317073170731481e-07,3.750558475888725596e+00
6.829268292682926830e-07,3.385414299841339236e+00
6.951219512195122179e-07,2.997131208698850635e+00
7.073170731707317528e-07,2.595856372526644584e+00
7.195121951219511818e-07,2.192076480285639839e+00
7.317073170731707167e-07,1.796343686651161509e+00
7.439024390243902516e-07,1.418999847987965301e+00
7.560975609756097864e-07,1.069906254142009017e+00
7.682926829268292154e-07,7.581859190850448460e-01
7.804878048780487503e-07,4.919851652421680654e-01
7.926829268292682852e-07,2.782607321222498875e-01
8.048780487804878201e-07,1.225979728335437891e-01
8.170731707317073550e-07,2.906488963363340616e-02
8.292682926829267840e-07,1.058230658461667417e-04
8.414634146341463189e-07,3.647757294995646049e-02
8.536585365853658538e-07,1.372296206049599121e-01
8.658536585365853887e-07,2.997289691651356947e-01
8.780487804878049235e-07,5.197289528266670899e-01
8.902439024390243525e-07,7.914802168030115048e-01
9.024390243902438874e-07,1.107880967701788455e+00
9.146341463414634223e-07,1.460662567765071751e+00
9.268292682926829572e-07,1.840605622758499704e+00
9.390243902439023862e-07,2.237780916390843977e+00
9.512195121951219211e-07,2.641808894820615983e+00
9.634146341463415619e-07,3.042130920028755625e+00
9.756097560975608850e-07,3.428285203275606818e+00
9.878048780487804199e-07,3.790180207553871305e+00
9.999999999999999547e-07,4.118358374092650820e+00
1.012195121951219490e-06,4.404243280833964214e+00
1.024390243902439025e-06,4.640363773782175905e+00
1.036585365853658559e-06,4.820549213904773644e+00
1.048780487804878094e-06,4.940090737112802444e+00
1.060975609756097629e-06,4.995864313044039662e+00
1.073170731707317164e-06,4.986412386700498800e+00
1.085365853658536487e-06,4.911981969364004996e+00
1.097560975609756022e-06,4.774518183343456457e+00
1.109756097560975557e-06,4.577613429251710997e+00
1.121951219512195092e-06,4.326413504245608443e+00
1.134146341463414627e-06,4.027483124681840110e+00
1.146341463414634162e-06,3.688634367543244252e+00
1.158536585365853696e-06,3.318722514050056915e+00
1.170731707317073231e-06,2.927414630763306214e+00
1.182926829268292766e-06,2.524936935950577777e+00
1.195121951219512089e-06,2.121807553398227686e+00
1.207317073170731624e-06,1.728561637730357869e+00
1.219512195121951159e-06,1.355476054653521611e+00
1.231707317073170694e-06,1.012300811177513582e+00
1.243902439024390229e-06,7.080042544624776113e-01
1.256097560975609764e-06,4.505386981211740860e-01
1.268292682926829299e-06,2.466326009656669704e-01
1.280487804878048834e-06,1.016147292811888647e-01
1.292682926829268368e-06,1.927489787056702042e-02
1.304878048780487903e-06,1.764929183812213864e-03
1.317073170731707226e-06,4.954241881073118137e-02
1.329268292682926761e-06,1.613587769373454606e-01
1.341463414634146296e-06,3.342918582838700914e-01
1.353658536585365831e-06,5.638223277919838239e-01
1.365853658536585366e-06,8.439517663638262945e-01
1.378048780487804901e-06,1.167359430144329302e+00
1.390243902439024436e-06,1.525593566688718594e+00
1.402439024390243971e-06,1.909292288266966064e+00
1.414634146341463506e-06,2.308428230127593572e+00
1.426829268292682829e-06,2.712570599960395068e+00
1.439024390243902364e-06,3.111157770306276049e+00
1.451219512195121898e-06,3.493773290138535437e+00
1.463414634146341433e-06,3.850418102485702487e+00
1.475609756097560968e-06,4.171771854114847855e+00
1.487804878048780503e-06,4.449436468356356755e+00
1.500000000000000038e-06,4.676155615676134580e+00
1.512195121951219573e-06,4.846004346475773161e+00
1.524390243902439108e-06,4.954543930364675219e+00
1.536585365853658431e-06,4.998937855422354914e+00
1.548780487804877966e-06,4.978025955992090523e+00
1.560975609756097501e-06,4.892354731792126543e+00
1.573170731707317036e-06,4.744163066002021978e+00
1.585365853658536570e-06,4.537323715559557158e+00
1.597560975609756105e-06,4.277242102727587536e+00
1.609756097560975640e-06,3.970715052854647986e+00
1.621951219512195175e-06,3.625753169996527081e+00
1.634146341463414710e-06,3.251371492333587465e+00
1.646341463414634245e-06,2.857353898276356219e+00
1.658536585365853568e-06,2.453997420136730945e+00
1.670731707317073103e-06,2.051843147326062322e+00
1.682926829268292638e-06,1.661400751503566697e+00
1.695121951219512173e-06,1.292873832778349330e+00
1.707317073170731708e-06,9.558932646117619392e-01
1.719512195121951242e-06,6.592655060331003014e-01
1.731707317073170777e-06,4.107424586344583517e-01
1.743902439024390312e-06,2.168188827714843114e-01
1.756097560975609847e-06,8.256266718014870776e-02
1.768292682926829170e-06,1.148238764707532056e-02
1.780487804878048705e-06,5.435615880049038395e-03
1.792682926829268240e-06,6.458037478263278786e-02
1.804878048780487775e-06,1.873710087732396445e-01
1.817073170731707310e-06,3.705985770713877692e-01
1.829268292682926845e-06,6.094747143359118269e-01
1.841463414634146380e-06,8.977567670887727225e-01
1.853658536585365914e-06,1.227910935680150084e+00
1.865853658536585449e-06,1.591309158335235452e+00
1.878048780487804772e-06,1.978454592026711811e+00
1.890243902439024307e-06,2.379229797583747974e+00
1.902439024390243842e-06,2.783161143108504376e+00
1.914634146341463377e-06,3.179692515931457741e+00
1.926829268292683124e-06,3.558461190072307101e+00
1.939024390243902447e-06,3.909568639842884608e+00
1.951219512195121770e-06,4.223839222302999019e+00
1.963414634146341517e-06,4.493059968308457108e+00
1.975609756097560840e-06,4.710195215588166562e+00
1.987804878048780586e-06,4.869570474751290234e+00
1.999999999999999909e-06,4.967020723174288221e+00
2.012195121951219656e-06,4.999999251339756867e+00
2.024390243902438979e-06,4.967644217098412085e+00
2.036585365853658726e-06,4.870801168562973515e+00
2.048780487804878049e-06,4.712000947033406995e+00
2.060975609756097372e-06,4.495393547425892145e+00
2.073170731707317119e-06,4.226639664659605167e+00
2.085365853658536442e-06,3.912762760266557116e+00
2.097560975609756189e-06,3.561965515231618085e+00
2.109756097560975512e-06,3.183415465780418341e+00
2.121951219512195258e-06,2.787005424187444902e+00
2.134146341463414581e-06,2.383094945631471173e+00
2.146341463414634328e-06,1.982239597456484814e+00
2.158536585365853651e-06,1.594915105962063206e+00
2.170731707317072974e-06,1.231243589714094977e+00
2.182926829268292721e-06,9.007290338396152229e-01
2.195121951219512044e-06,6.120089182703023489e-01
2.207317073170731791e-06,3.726284907411221425e-01
2.219512195121951114e-06,1.888435835658714979e-01
2.231707317073170861e-06,6.545712726378871693e-02
2.243902439024390184e-06,5.693633497690253620e-03
2.256097560975609930e-06,1.111492751513321053e-02
2.268292682926829253e-06,8.157933229328317992e-02
2.280487804878048577e-06,2.152453710458699376e-01
2.292682926829268323e-06,4.086198913330245652e-01
2.304878048780487646e-06,6.566493531257486804e-01
2.317073170731707393e-06,9.528518951546733895e-01
2.329268292682926716e-06,1.289486728195803122e+00
2.341463414634146463e-06,1.657756428465534171e+00
2.353658536585365786e-06,2.048036844503702270e+00
2.365853658536585533e-06,2.450128609289033310e+00
2.378048780487804856e-06,2.853523684711581687e+00
2.390243902439024179e-06,3.247679972680497684e+00
2.402439024390243925e-06,3.622296816335872638e+00
2.414634146341463249e-06,3.967584191572497421e+00
2.426829268292682995e-06,4.274518553976843549e+00
2.439024390243902318e-06,4.535078655018430993e+00
2.451219512195122065e-06,4.742455164809284085e+00
2.463414634146341388e-06,4.891228623268797371e+00
2.475609756097561135e-06,4.977511069219583639e+00
2.487804878048780458e-06,4.999047646159530345e+00
2.500000000000000205e-06,4.955275529402680235e+00
2.512195121951219528e-06,4.847338634620324882e+00
2.524390243902438851e-06,4.678057723397682111e+00
2.536585365853658597e-06,4.451856687050597117e+00
2.548780487804877921e-06,4.174646935159213257e+00
2.560975609756097667e-06,3.853672910142958763e+00
2.573170731707316990e-06,3.497322765111532838e+00
2.585365853658536737e-06,3.114909152629357081e+00
2.597560975609756060e-06,2.716425853135771451e+00
2.609756097560975807e-06,2.312286603155496501e+00
2.621951219512195130e-06,1.913052948615222792e+00
2.634146341463414453e-06,1.529158235392868104e+00
2.646341463414634200e-06,1.170634950174370470e+00
2.658536585365853523e-06,8.468525371372197519e-01
2.670731707317073269e-06,5.662725422106751338e-01
2.682926829268292593e-06,3.362274838340408856e-01
2.695121951219512339e-06,1.627292290787680784e-01
2.707317073170731662e-06,5.031188292448307564e-02
2.719512195121951409e-06,1.913296531189878635e-03
2.731707317073170732e-06,1.879829110347186472e-02
2.743902439024390055e-06,1.005256037705328787e-01
2.756097560975609802e-06,2.449594192997901487e-01
2.768292682926829125e-06,4.483251862806749699e-01
2.780487804878048872e-06,7.053082591102768362e-01
2.792682926829268195e-06,1.009192787926934676e+00
2.804878048780487941e-06,1.352037226821287463e+00
2.817073170731707264e-06,1.724881873692492906e+00
2.829268292682927011e-06,2.117983018020915154e+00
2.841463414634146334e-06,2.521067577472031473e+00
2.853658536585365657e-06,2.923601568803261053e+00
2.865853658536585404e-06,3.315065397006978554e+00
2.878048780487804727e-06,3.685228768439560820e+00
2.890243902439024474e-06,4.024418043512849152e+00
2.902439024390243797e-06,4.323769042104021132e+00
2.914634146341463544e-06,4.575458695011175081e+00
2.926829268292682867e-06,4.772909487606415979e+00
2.939024390243902613e-06,4.910961352872386776e+00
2.951219512195121936e-06,4.986006521666786817e+00
2.963414634146341260e-06,4.996083806114814507e+00
2.975609756097561006e-06,4.940929852180649284e+00
2.987804878048780329e-06,4.821986022012469064e+00
3.000000000000000076e-06,4.642360726201600230e+00
3.012195121951219399e-06,4.406748190343291682e+00
3.024390243902439146e-06,4.121305778807575315e+00
3.036585365853658469e-06,3.793493081671365452e+00
3.048780487804878216e-06,3.431876970022596396e+00
3.060975609756097539e-06,3.045907714210358996e+00
3.073170731707316862e-06,2.645672015839944713e+00
3.085365853658536608e-06,2.241629407634357474e+00
3.097560975609755932e-06,1.844338909938965543e+00
3.109756097560975678e-06,1.464183087272865835e+00
3.121951219512195001e-06,1.111096716276988028e+00
3.134146341463414748e-06,7.943071558963465950e-01
3.146341463414634071e-06,5.220932048153543725e-01
3.158536585365853818e-06,3.015687480287230215e-01
3.170731707317073141e-06,1.384968466061811121e-01
3.182926829268292888e-06,3.713912912327455018e-02
3.195121951219512211e-06,1.444206774725564912e-04
3.207317073170731534e-06,2.847951999547726487e-02
3.219512195121951280e-06,1.214039336637040556e-01
3.231707317073170604e-06,2.764892277631130213e-01
3.243902439024390350e-06,4.896824911838457695e-01
3.256097560975609673e-06,7.554122521052650807e-01
3.268292682926829420e-06,1.066734079680367264e+00
3.280487804878048743e-06,1.415512065852564838e+00
3.292682926829268490e-06,1.792631444561999743e+00
3.304878048780487813e-06,2.188236791871848830e+00
3.317073170731707136e-06,2.591989582027319994e+00
3.329268292682926883e-06,2.993338368623632118e+00
3.341463414634146206e-06,3.381794530121389641e+00
3.353658536585365952e-06,3.747206373532748103e+00
3.365853658536585276e-06,4.080024433007670481e+00
3.378048780487805022e-06,4.371551030158016715e+00
3.390243902439024345e-06,4.614167574250999770e+00
3.402439024390244092e-06,4.801533662138146141e+00
3.414634146341463415e-06,4.928752774754750376e+00
3.426829268292682738e-06,4.992500239971812803e+00
3.439024390243902485e-06,4.991110117691626158e+00
3.451219512195121808e-06,4.924618736581370726e+00
3.463414634146341555e-06,4.794763744680313522e+00
3.475609756097560878e-06,4.604938698691599441e+00
3.487804878048780624e-06,4.360104378696177285e+00
3.499999999999999947e-06,4.066659145940048958e+00
3.512195121951219694e-06,3.732271731690616434e+00
3.524390243902439017e-06,3.365680826963570738e+00
3.536585365853658340e-06,2.976466710528545168e+00
3.548780487804878087e-06,2.574800883337862167e+00
3.560975609756097410e-06,2.171180252289929946e+00
3.573170731707317157e-06,1.776152810018375883e+00
3.585365853658536480e-06,1.400041979635549216e+00
3.597560975609756227e-06,1.052676828248348961e+00
3.609756097560975550e-06,7.431351996937367588e-01
3.621951219512195296e-06,4.795064793168379857e-01
3.634146341463414619e-06,2.686801905628302123e-01
3.646341463414633943e-06,1.161659480789545285e-01
3.658536585365853689e-06,2.594947257048829670e-02
3.670731707317073012e-06,3.884302365770864185e-04
3.682926829268292759e-06,4.015081885906335302e-02
3.695121951219512082e-06,1.441975107273578693e-01
3.707317073170731829e-06,3.098094086126361724e-01
3.719512195121951152e-06,5.326585051124830272e-01
3.731707317073170899e-06,8.069209883415042750e-01
3.743902439024390222e-06,1.125429438127735216e+00
3.756097560975609545e-06,1.479860135306048763e+00
3.768292682926829291e-06,1.860950589073466332e+00
3.780487804878048615e-06,2.258741597670040235e+00
3.792682926829268361e-06,2.662837516508608005e+00
3.804878048780487684e-06,3.062677932054011176e+00
3.817073170731707007e-06,3.447813641680367969e+00
3.829268292682926754e-06,3.808179727205625920e+00
3.841463414634146501e-06,4.134358585754347004e+00
3.853658536585366247e-06,4.417826044049538048e+00
3.865853658536585147e-06,4.651174124322023040e+00
3.878048780487804894e-06,4.828304640199659659e+00
3.890243902439024640e-06,4.944588563250897906e+00
3.902439024390243540e-06,4.996986995388263963e+00
3.914634146341463287e-06,4.984130585707271521e+00
3.926829268292683033e-06,4.906355316326214577e+00
3.939024390243902780e-06,4.765693722020088785e+00
3.951219512195121679e-06,4.565821773109675519e+00
3.963414634146341426e-06,4.311962809738142610e+00
3.975609756097561173e-06,4.010751038062601026e+00
3.987804878048780072e-06,3.670058155673343592e+00
3.999999999999999819e-06,3.298787637113837601e+00
4.012195121951219566e-06,2.906642055527348223e+00
4.024390243902439312e-06,2.503869521113638363e+00
4.036585365853658212e-06,2.100995862829997840e+00
4.048780487804877959e-06,1.708549552347522926e+00
4.060975609756097705e-06,1.336786558944384140e+00
4.073170731707317452e-06,9.954223258220453729e-01
4.085365853658536351e-06,6.933778722233177039e-01
4.097560975609756098e-06,4.385466565754860824e-01
4.109756097560975845e-06,2.375882933251869389e-01
4.121951219512194744e-06,9.575451435177040338e-02
4.134146341463414491e-06,1.675192318518714529e-02
4.146341463414634238e-06,2.645128731841861480e-03
4.158536585365853984e-06,5.380278995644571793e-02
4.170731707317072884e-06,1.688879815577428722e-01
4.182926829268292631e-06,3.448931324160606771e-01
4.195121951219512377e-06,5.772186237509613349e-01
4.207317073170732124e-06,8.597929929495171653e-01
4.219512195121951023e-06,1.185231601726463246e+00
4.231707317073170770e-06,1.545029622072479514e+00
4.243902439024390517e-06,1.929784296605296490e+00
4.256097560975609416e-06,2.329440664897868718e+00
4.268292682926829163e-06,2.733554334110826378e+00
4.280487804878048910e-06,3.131564426830794723e+00
4.292682926829268656e-06,3.513069573050414007e+00
4.304878048780487556e-06,3.868099733672360596e+00
4.317073170731707302e-06,4.187376751856103141e+00
4.329268292682927049e-06,4.462556823105911619e+00
4.341463414634145949e-06,4.686448547524957320e+00
4.353658536585365695e-06,4.853200865781216677e+00
4.365853658536585442e-06,4.958455967373149420e+00
4.378048780487805189e-06,4.999463175177629282e+00
4.390243902439024088e-06,4.975150830085649289e+00
4.402439024390243835e-06,4.886154297133602498e+00
4.414634146341463582e-06,4.734799361233822168e+00
4.426829268292683328e-06,4.525041446430891234e+00
4.439024390243902228e-06,4.262362247093246737e+00
4.451219512195121974e-06,3.953626472421736260e+00
4.463414634146341721e-06,3.606902448033256992e+00
4.475609756097560621e-06,3.231251262915397771e+00
4.487804878048780367e-06,2.836489972066433385e+00
4.500000000000000114e-06,2.432935043148399590e+00
4.512195121951219861e-06,2.031132751772709799e+00
4.524390243902438760e-06,1.641583571115448281e+00
4.536585365853658507e-06,1.274467758507167092e+00
4.548780487804878254e-06,9.393793103623875318e-01
4.560975609756097153e-06,6.450752381190125728e-01
4.573170731707316900e-06,3.992467174684186659e-01
4.585365853658536646e-06,2.083180915326141580e-01
4.597560975609756393e-06,7.727898072494143733e-02
4.609756097560975293e-06,9.553886840393488455e-03
4.621951219512195039e-06,6.912699068101879618e-03
4.634146341463414786e-06,6.942444071120590365e-02
4.646341463414634533e-06,1.954554653709674739e-01
4.658536585365853432e-06,3.817121497351241288e-01
4.670731707317073179e-06,6.233269672614214496e-01
4.682926829268292926e-06,9.139856933552561458e-01
4.695121951219511825e-06,1.246092417733760005e+00
4.707317073170731572e-06,1.610968051636752829e+00
4.719512195121951318e-06,1.999077142209349844e+00
4.731707317073171065e-06,2.400277066618350830e+00
4.743902439024389965e-06,2.804083093604377908e+00
4.756097560975609711e-06,3.199942385501500119e+00
4.768292682926829458e-06,3.577509780111137516e+00
4.780487804878048358e-06,3.926918145303002650e+00
4.792682926829268104e-06,4.239036241049544351e+00
4.804878048780487851e-06,4.505707350073428152e+00
4.817073170731707597e-06,4.719962440870261844e+00
4.829268292682926497e-06,4.876202292425046991e+00
4.841463414634146244e-06,4.970343821078283320e+00
4.853658536585365990e-06,4.999926785518255201e+00
4.865853658536585737e-06,4.964178081332090819e+00
4.878048780487804637e-06,4.864031944877924118e+00
4.890243902439024383e-06,4.702105538481831104e+00
4.902439024390244130e-06,4.482630555002069528e+00
4.914634146341463030e-06,4.211342629168280283e+00
4.926829268292682776e-06,3.895331445756549549e+00
4.939024390243902523e-06,3.542855461789136573e+00
4.951219512195122269e-06,3.163126084702642338e+00
4.963414634146341169e-06,2.766066946651172032e+00
4.975609756097560916e-06,2.362054565932016015e+00
4.987804878048780662e-06,1.961647172942625694e+00
5.000000000000000409e-06,1.575308787375739872e+00
5.012195121951219309e-06,1.213135757464382847e+00
5.024390243902439055e-06,8.845929077435155108e-01
5.036585365853658802e-06,5.982661906946336039e-01
5.048780487804877702e-06,3.616383063333263870e-01
5.060975609756097448e-06,1.808931535714948247e-01
5.073170731707317195e-06,6.075422371072436434e-02
5.085365853658536941e-06,4.361159399864700248e-03
5.097560975609755841e-06,1.318770499482235792e-02
5.109756097560975588e-06,8.700319255953470332e-02
5.121951219512195334e-06,2.238785700109597876e-01
5.134146341463414234e-06,4.202368138720373736e-01
5.146341463414633981e-06,6.709464091743062575e-01
5.158536585365853727e-06,9.694554535594677169e-01
5.170731707317073474e-06,1.307962880979196330e+00
5.182926829268292373e-06,1.677622330330549971e+00
5.195121951219512120e-06,2.068773331239178948e+00
5.207317073170731867e-06,2.471193765312621249e+00
5.219512195121951613e-06,2.874367005184127688e+00
5.231707317073170513e-06,3.267756750087329465e+00
5.243902439024390260e-06,3.641082375564014484e+00
5.256097560975610006e-06,3.984587601472499685e+00
5.268292682926828906e-06,4.289295457078834417e+00
5.280487804878048653e-06,4.547242880118433916e+00
5.292682926829268399e-06,4.751688818948187176e+00
5.304878048780488146e-06,4.897290399366777791e+00
5.317073170731707045e-06,4.980242552258401290e+00
5.329268292682926792e-06,4.998377453110781410e+00
5.341463414634146539e-06,4.951221174711358586e+00
5.353658536585365438e-06,4.840006072492256450e+00
5.365853658536585185e-06,4.667638578852410625e+00
5.378048780487804932e-06,4.438623248101825070e+00
5.390243902439024678e-06,4.158945036994234457e+00
5.402439024390243578e-06,3.835912897262178767e+00
5.414634146341463325e-06,3.477968767617837909e+00
5.426829268292683071e-06,3.094466956915490119e+00
5.439024390243902818e-06,2.695429683949423172e+00
5.451219512195121717e-06,2.291285162473007286e+00
5.463414634146341464e-06,1.892595076175047852e+00
5.475609756097561211e-06,1.509778565629459113e+00
5.487804878048780110e-06,1.152839940384972284e+00
5.499999999999999857e-06,8.311072320141230652e-01
5.512195121951219604e-06,5.529884206270410107e-01
5.524390243902439350e-06,3.257517054884466745e-01
5.536585365853658250e-06,1.553355620205234544e-01
5.548780487804877997e-06,4.619354905470896000e-02
5.560975609756097743e-06,1.177922051273316839e-03
5.573170731707317490e-06,2.146509387296147153e-02
5.585365853658536389e-06,1.065248910784912795e-01
5.597560975609756136e-06,2.541344091745663114e-01
5.609756097560975883e-06,4.604361047410447938e-01
5.621951219512194782e-06,7.200386062826333866e-01
5.634146341463414529e-06,1.026157609273504079e+00
5.646341463414634276e-06,1.370793173323668013e+00
5.658536585365854022e-06,1.744938788083346681e+00
5.670731707317072922e-06,2.138816744276041071e+00
5.682926829268292669e-06,2.542133658806619678e+00
5.695121951219512415e-06,2.944349476196665982e+00
5.707317073170731315e-06,3.334952916415741875e+00
5.719512195121951061e-06,3.703736170711962039e+00
5.731707317073170808e-06,4.041061666695460630e+00
5.743902439024390555e-06,4.338113931189079508e+00
5.756097560975609454e-06,4.587129968803854929e+00
5.768292682926829201e-06,4.781602135657548658e+00
5.780487804878048948e-06,4.916448206448347236e+00
5.792682926829268694e-06,4.988144190448434045e+00
5.804878048780487594e-06,4.994816425478718180e+00
5.817073170731707340e-06,4.936290543133476483e+00
5.829268292682927087e-06,4.814096025625392627e+00
5.841463414634145987e-06,4.631426235164912697e+00
5.853658536585365733e-06,4.393054960443573798e+00
5.865853658536585480e-06,4.105211661148072899e+00
5.878048780487805227e-06,3.775418670794210563e+00
5.890243902439024126e-06,3.412294612329691557e+00
5.902439024390243873e-06,3.025329163930250420e+00
5.914634146341463620e-06,2.624635061133301583e+00
5.926829268292682519e-06,2.220683816343103523e+00
5.939024390243902266e-06,1.824032062265312781e+00
5.951219512195122012e-06,1.445045670855629627e+00
5.963414634146341759e-06,1.093628857501875551e+00
5.975609756097560659e-06,7.789653498766335726e-01
5.987804878048780405e-06,5.092783856075000504e-01
6.000000000000000152e-06,2.916158108491879730e-01
6.012195121951219899e-06,1.316658958698080362e-01
6.024390243902438798e-06,3.360868102201841623e-02
6.036585365853658545e-06,6.737939496126443828e-06
6.048780487804878292e-06,3.173820074335909069e-02
6.060975609756097191e-06,1.279738173831344028e-01
6.073170731707316938e-06,2.861986208394990960e-01
6.085365853658536684e-06,5.022776538457853768e-01
6.097560975609756431e-06,7.705640295158764363e-01
6.109756097560975331e-06,1.084046503883060453e+00
6.121951219512195077e-06,1.434532703773011786e+00
6.134146341463414824e-06,1.812863221637556421e+00
6.146341463414633724e-06,2.209150982316046896e+00
6.158536585365853470e-06,2.613039626249924030e+00
6.170731707317073217e-06,3.013974156708698615e+00
6.182926829268292964e-06,3.401476778088004860e+00
6.195121951219511863e-06,3.765420716676464163e+00
6.207317073170731610e-06,4.096294868016228108e+00
6.219512195121951356e-06,4.385452354711632417e+00
6.231707317073171103e-06,4.625336499018809278e+00
6.243902439024390003e-06,4.809678304775363955e+00
6.256097560975609749e-06,4.933660287790464949e+00
6.268292682926829496e-06,4.994042373243931188e+00
6.280487804878048396e-06,4.989246569963932565e+00
6.292682926829268142e-06,4.919398208753155366e+00
6.304878048780487889e-06,4.786322667064705882e+00
6.317073170731707635e-06,4.593497665623106130e+00
6.329268292682926535e-06,4.345962383643554361e+00
6.341463414634146282e-06,4.050185767780494217e+00
6.353658536585366028e-06,3.713897476345064952e+00
6.365853658536585775e-06,3.345885876799106207e+00
6.378048780487804675e-06,2.955768375544930660e+00
6.390243902439024421e-06,2.553740082081145335e+00
6.402439024390244168e-06,2.150307375794265674e+00
6.414634146341463068e-06,1.756013338198787466e+00
6.426829268292682814e-06,1.381162226025218320e+00
6.439024390243902561e-06,1.035550185619304120e+00
6.451219512195122307e-06,7.282092460100373366e-01
6.463414634146341207e-06,4.671712809858954429e-01
6.475609756097560954e-06,2.592581086611494001e-01
6.487804878048780700e-06,1.099032139506324057e-01
6.499999999999999600e-06,2.300975295696439105e-02
6.512195121951219347e-06,8.485501027748476588e-04
6.524390243902439093e-06,4.399875369338657194e-02
6.536585365853658840e-06,1.513327007834370797e-01
6.548780487804877740e-06,3.200453868806989455e-01
6.560975609756097486e-06,5.457277703424612270e-01
6.573170731707317233e-06,8.224819957688813687e-01
6.585365853658536979e-06,1.143075525210793808e+00
6.597560975609755879e-06,1.499130149214019214e+00
6.609756097560975626e-06,1.881340938193046153e+00
6.621951219512195372e-06,2.279719412182991789e+00
6.634146341463414272e-06,2.683854574109249658e+00
6.646341463414634019e-06,3.083184984880189106e+00
6.658536585365853765e-06,3.467274770045318366e+00
6.670731707317073512e-06,3.826086345019245272e+00
6.682926829268292412e-06,4.150242731623473347e+00
6.695121951219512158e-06,4.431272610715748073e+00
6.707317073170731905e-06,4.661831706839103973e+00
6.719512195121950804e-06,4.835894719351191640e+00
6.731707317073170551e-06,4.948912784213518989e+00
6.743902439024390298e-06,4.997932351424093866e+00
6.756097560975610044e-06,4.981672371417875667e+00
6.768292682926828944e-06,4.900557773289511587e+00
6.780487804878048691e-06,4.756708359937373842e+00
6.792682926829268437e-06,4.553883410337004278e+00
6.804878048780488184e-06,4.297383436676638802e+00
6.817073170731707083e-06,3.993911663778292542e+00
6.829268292682926830e-06,3.651398850822267228e+00
6.841463414634146577e-06,3.278796033385233955e+00
6.853658536585365476e-06,2.885840602153582957e+00
6.865853658536585223e-06,2.482801831478380183e+00
6.878048780487804970e-06,2.080212507984291914e+00
6.890243902439024716e-06,1.688593672698389891e+00
6.902439024390243616e-06,1.318179670131390369e+00
6.914634146341463363e-06,9.786506897233906432e-01
6.926829268292683109e-06,6.788797892636910802e-01
6.939024390243902856e-06,4.267010114315312741e-01
6.951219512195121755e-06,2.287046533681080795e-01
6.963414634146341502e-06,9.006503958929013010e-02
6.975609756097561249e-06,1.440529912362009668e-02
6.987804878048780148e-06,3.702680713383088573e-03
6.999999999999999895e-06,5.823688051746334082e-02
7.012195121951219642e-06,1.765827326905862193e-01
7.024390243902439388e-06,3.556474538591607448e-01
7.036585365853658288e-06,5.907514681676917512e-01
7.048780487804878035e-06,8.757507006598812538e-01
7.060975609756097781e-06,1.203197143048580386e+00
7.073170731707316681e-06,1.564533495739651503e+00
7.085365853658536427e-06,1.950316799445936944e+00
7.097560975609756174e-06,2.350465212129006609e+00
7.109756097560975921e-06,2.754521482140518618e+00
7.121951219512194820e-06,3.151926232105148440e+00
7.134146341463414567e-06,3.532293911699903255e+00
7.146341463414634314e-06,3.885684207734978468e+00
7.158536585365854060e-06,4.202861818660805326e+00
7.170731707317072960e-06,4.475537804700080891e+00
7.182926829268292707e-06,4.696586206298634991e+00
7.195121951219512453e-06,4.860230269910167600e+00
7.207317073170731353e-06,4.962193414397029656e+00
7.219512195121951099e-06,4.999810992775843843e+00
7.231707317073170846e-06,4.972099928590368201e+00
7.243902439024390593e-06,4.879784407074001962e+00
7.256097560975609492e-06,4.725276949703651752e+00
7.268292682926829239e-06,4.512615366731868249e+00
7.280487804878048986e-06,4.247357235343991455e+00
7.292682926829267885e-06,3.936434661088316744e+00
7.304878048780487632e-06,3.587973118161659869e+00
7.317073170731707378e-06,3.211079102875524782e+00
7.329268292682927125e-06,2.815602149646939445e+00
7.341463414634146025e-06,2.411877428852571281e+00
7.353658536585365771e-06,2.010455653348455662e+00
7.365853658536585518e-06,1.621827352124637800e+00
7.378048780487805265e-06,1.256148716771023910e+00
7.390243902439024164e-06,9.229761853268747540e-01
7.402439024390243911e-06,6.310166997497435037e-01
7.414634146341463658e-06,3.879001636329793001e-01
7.426829268292682557e-06,1.999800466330796667e-01
7.439024390243902304e-06,7.216734649725031758e-02
7.451219512195122050e-06,7.802247834081565969e-03
7.463414634146341797e-06,8.566831623416426567e-03
7.475609756097560697e-06,7.444111666617780898e-02
7.487804878048780443e-06,2.037035817617156574e-01
7.500000000000000190e-06,3.929761549663219888e-01
7.512195121951219090e-06,6.373124942094090528e-01
7.524390243902438836e-06,9.303272521915186832e-01
7.536585365853658583e-06,1.264362947428813833e+00
7.548780487804878330e-06,1.630690080530800001e+00
7.560975609756097229e-06,2.019735265985797223e+00
7.573170731707316976e-06,2.421331417587961443e+00
7.585365853658536722e-06,2.824983449301177174e+00
7.597560975609756469e-06,3.220142547884658146e+00
7.609756097560975369e-06,3.596481849594609148e+00
7.621951219512195115e-06,3.944166316584158949e+00
7.634146341463414015e-06,4.254109760203421686e+00
7.646341463414634609e-06,4.518212294300390397e+00
7.658536585365853508e-06,4.729572013050764134e+00
7.670731707317072408e-06,4.882665361450419184e+00
7.682926829268293002e-06,4.973491484768532089e+00
7.695121951219511901e-06,4.999676784615891378e+00
7.707317073170732495e-06,4.960536949218885994e+00
7.719512195121951394e-06,4.857094836835234020e+00
7.731707317073170294e-06,4.692053744956456995e+00
7.743902439024390888e-06,4.469726763864498409e+00
7.756097560975609787e-06,4.195924060776902387e+00
7.768292682926828687e-06,3.877801040232169427e+00
7.780487804878049281e-06,3.523671348806227233e+00
7.792682926829268180e-06,3.142789610988552695e+00
7.804878048780487080e-06,2.745109574074769743e+00
7.817073170731707674e-06,2.341023982580988871e+00
7.829268292682926573e-06,1.941092980153486636e+00
7.841463414634147167e-06,1.555768136764270615e+00
7.853658536585366066e-06,1.195119313309956244e+00
7.865853658536584966e-06,8.685715015786210635e-01
7.878048780487805560e-06,5.846585168603557481e-01
7.890243902439024459e-06,3.507999800592971340e-01
7.902439024390243359e-06,1.731074175289153416e-01
7.914634146341463953e-06,5.622454590917502770e-02
7.926829268292682852e-06,3.205915869726627676e-03
7.939024390243901752e-06,1.543708621524153557e-02
7.951219512195122345e-06,9.259841447758754285e-02
7.963414634146341245e-06,2.326734102706908836e-01
7.975609756097560145e-06,4.320014331066399649e-01
7.987804878048780738e-06,6.853733574977525222e-01
7.999999999999999638e-06,9.861677052873520921e-01
8.012195121951220232e-06,1.326523687604294954e+00
8.024390243902439131e-06,1.697546634260358900e+00
8.036585365853658031e-06,2.089540442016117439e+00
8.048780487804878625e-06,2.492260967042983388e+00
8.060975609756097524e-06,2.895183739567445791e+00
8.073170731707316424e-06,3.287779004394716154e+00
8.085365853658537017e-06,3.659786899558280293e+00
8.097560975609755917e-06,4.001485581732903363e+00
8.109756097560974817e-06,4.303945291374064119e+00
8.121951219512195410e-06,4.559261717988539075e+00
8.134146341463414310e-06,4.760762566901490800e+00
8.146341463414634904e-06,4.903181929221009483e+00
8.158536585365853803e-06,4.982797898114078805e+00
8.170731707317072703e-06,4.997529835008736043e+00
8.182926829268293297e-06,4.946992743822290706e+00
8.195121951219512196e-06,4.832507332230609798e+00
8.207317073170731096e-06,4.657065497042813362e+00
8.219512195121951689e-06,4.425252135667094855e+00
8.231707317073170589e-06,4.143125327002540992e+00
8.243902439024389489e-06,3.818058013041304211e+00
8.256097560975610082e-06,3.458545318584519634e+00
8.268292682926828982e-06,3.073982544469565426e+00
8.280487804878049576e-06,2.674419636106765363e+00
8.292682926829268475e-06,2.270298543906765332e+00
8.304878048780487375e-06,1.872180339271055649e+00
8.317073170731707969e-06,1.490469217542429226e+00
8.329268292682926868e-06,1.135140600665395905e+00
8.341463414634145768e-06,8.154804451669341869e-01
8.353658536585366361e-06,5.398425682360155076e-01
8.365853658536585261e-06,3.154303338034956106e-01
8.378048780487804161e-06,1.481084039148754528e-01
8.390243902439024754e-06,4.224947497894149251e-02
8.402439024390243654e-06,6.200042001851535645e-04
8.414634146341464248e-06,2.430791255520681204e-02
8.426829268292683147e-06,1.126941536831083113e-01
8.439024390243902047e-06,2.634688916919216695e-01
8.451219512195122640e-06,4.726918650996729809e-01
8.463414634146341540e-06,7.348953593929119510e-01
8.475609756097560440e-06,1.043227097176538054e+00
8.487804878048781033e-06,1.389629311704629888e+00
8.499999999999999933e-06,1.765049323985857788e+00
8.512195121951218833e-06,2.159676120361747831e+00
8.524390243902439426e-06,2.563196747972605660e+00
8.536585365853658326e-06,2.965065827617784144e+00
8.548780487804877226e-06,3.354781140714604426e+00
8.560975609756097819e-06,3.722158088321499747e+00
8.573170731707316719e-06,4.057595849669985100e+00
8.585365853658537312e-06,4.352328284569106920e+00
8.597560975609756212e-06,4.598653022740714746e+00
8.609756097560975112e-06,4.790132753195607052e+00
8.621951219512195705e-06,4.921763453267583799e+00
8.634146341463414605e-06,4.990105160903310022e+00
8.646341463414633505e-06,4.993371872679659873e+00
8.658536585365854098e-06,4.931478218203968034e+00
8.670731707317072998e-06,4.806041691135535920e+00
8.682926829268291897e-06,4.620340378523776437e+00
8.695121951219512491e-06,4.379227293140534272e+00
8.707317073170731391e-06,4.089003547597283905e+00
8.719512195121951984e-06,3.757253684641760572e+00
8.731707317073170884e-06,3.392647467020271534e+00
8.743902439024389784e-06,3.004713306815359974e+00
8.756097560975610377e-06,2.603589255329166186e+00
8.768292682926829277e-06,2.199758061001261478e+00
8.780487804878048177e-06,1.803773219206508127e+00
8.792682926829268770e-06,1.425983173193317466e+00
8.804878048780487670e-06,1.076260873737499679e+00
8.817073170731706569e-06,7.637457650465762082e-01
8.829268292682927163e-06,4.966049397089693507e-01
8.841463414634146063e-06,2.818197045288330926e-01
8.853658536585366656e-06,1.250031350136788788e-01
8.865853658536585556e-06,3.025338644317443482e-02
8.878048780487804456e-06,4.659500328862975493e-05
8.890243902439025049e-06,3.517216784789622963e-02
8.902439024390243949e-06,1.347121531798913807e-01
8.914634146341462849e-06,2.960652294827896824e-01
8.926829268292683442e-06,5.150146869818208462e-01
8.939024390243902342e-06,7.858386247452520124e-01
8.951219512195121241e-06,1.101459483597973854e+00
8.963414634146341835e-06,1.453629007038464094e+00
8.975609756097560735e-06,1.833143796495582123e+00
8.987804878048781328e-06,2.230085827726779435e+00
9.000000000000000228e-06,2.634081642837740489e+00
9.012195121951219128e-06,3.034573444347431259e+00
9.024390243902439721e-06,3.421095006678650741e+00
9.036585365853658621e-06,3.783545194560746339e+00
9.048780487804877521e-06,4.112451940369439285e+00
9.060975609756098114e-06,4.399219781769473592e+00
9.073170731707317014e-06,4.636354490651498850e+00
9.085365853658535913e-06,4.817658923039163099e+00
9.097560975609756507e-06,4.938394971734343386e+00
9.109756097560975407e-06,4.995407389323267111e+00
9.121951219512194306e-06,4.987206245622763490e+00
9.134146341463414900e-06,4.914005864670503598e+00
9.146341463414633800e-06,4.777719223702250773e+00
9.158536585365854393e-06,4.581907960489702170e+00
9.170731707317073293e-06,4.331689295519347560e+00
9.182926829268292192e-06,4.033602301454665806e+00
9.195121951219512786e-06,3.695437014720214464e+00
9.207317073170731686e-06,3.326030855108417228e+00
9.219512195121950585e-06,2.935037673663245528e+00
9.231707317073171179e-06,2.532675464412752486e+00
9.243902439024390079e-06,2.129459333109222641e+00
9.256097560975608978e-06,1.735926701419381102e+00
9.268292682926829572e-06,1.362361927923642968e+00
9.280487804878048472e-06,1.018527542522497997e+00
9.292682926829269065e-06,7.134091180171435731e-01
9.304878048780487965e-06,4.549804462471596089e-01
9.317073170731706864e-06,2.499951555368298273e-01
9.329268292682927458e-06,1.038102152036293191e-01
9.341463414634146358e-06,2.024593956050946275e-02
9.353658536585365257e-06,1.486149988513041365e-03
9.365853658536585851e-06,4.802110418756200261e-02
9.378048780487804751e-06,1.586346840597436803e-01
9.390243902439023650e-06,3.304361770499668616e-01
9.402439024390244244e-06,5.589358203881800158e-01
9.414634146341463144e-06,8.381621340029110634e-01
9.426829268292683737e-06,1.160817975794506296e+00
9.439024390243902637e-06,1.518471241007551598e+00
9.451219512195121536e-06,1.901775222073916360e+00
9.463414634146342130e-06,2.300712870166845558e+00
9.475609756097561030e-06,2.704858575072897509e+00
9.487804878048779929e-06,3.103650622176083118e+00
9.500000000000000523e-06,3.486667206316775847e+00
9.512195121951219423e-06,3.843898789336260613e+00
9.524390243902438322e-06,4.166009683669776642e+00
9.536585365853658916e-06,4.444582025909724621e+00
9.548780487804877816e-06,4.672335764473324105e+00
9.560975609756096715e-06,4.843318912341461058e+00
9.573170731707317309e-06,4.953063092911323295e+00
9.585365853658536208e-06,4.998700314016011781e+00
9.597560975609756802e-06,4.979037918405131435e+00
9.609756097560975702e-06,4.894589751972857172e+00
9.621951219512194601e-06,4.747562735200766326e+00
9.634146341463415195e-06,4.541799188749786609e+00
9.646341463414634095e-06,4.282676420431530850e+00
9.658536585365852994e-06,3.976966197695817939e+00
9.670731707317073588e-06,3.632657778101302970e+00
9.682926829268292488e-06,3.258749122590180125e+00
9.695121951219511387e-06,2.865011747880394033e+00
9.707317073170731981e-06,2.461735363190132642e+00
9.719512195121950880e-06,2.059458964814198545e+00
9.731707317073171474e-06,1.668695415971978679e+00
9.743902439024390374e-06,1.299656709603434823e+00
9.756097560975609273e-06,9.619870939378962760e-01
9.768292682926829867e-06,6.645110351811134297e-01
9.780487804878048767e-06,4.150026039210121809e-01
9.792682926829267666e-06,2.199823119760111467e-01
9.804878048780488260e-06,8.454670903812822047e-02
9.817073170731707159e-06,1.223519233399006367e-02
9.829268292682926059e-06,4.937510025205149589e-03
9.841463414634146653e-06,6.284437560191591388e-02
9.853658536585365552e-06,1.844424838845530878e-01
9.865853658536586146e-06,3.665540588830777935e-01
9.878048780487805046e-06,6.044198999922127946e-01
9.890243902439023945e-06,8.918237562405932906e-01
9.902439024390244539e-06,1.221254778267785168e+00
9.914634146341463439e-06,1.584103802600996591e+00
9.926829268292682338e-06,1.970888338650337079e+00
9.939024390243902932e-06,2.371500378739439530e+00
9.951219512195121831e-06,2.775470555044065257e+00
9.963414634146340731e-06,3.172241740113167729e+00
9.975609756097561325e-06,3.551444940849230125e+00
9.987804878048780224e-06,3.903170275892538399e+00
1.000000000000000082e-05,4.218225954839688541e+00
1.001219512195121972e-05,4.488378491280048621e+00
1.002439024390243862e-05,4.706567872059997271e+00
1.003658536585365921e-05,4.867092059661674242e+00
1.004878048780487811e-05,4.965756006017365998e+00
1.006097560975609701e-05,4.999981283516346409e+00
1.007317073170731760e-05,4.968873468169419994e+00
1.008536585365853650e-05,4.873245513978160304e+00
1.009756097560975540e-05,4.715596507656149683e+00
1.010975609756097600e-05,4.500046358914318922e+00
1.012195121951219490e-05,4.232228133077416743e+00
1.013414634146341380e-05,3.919140839749954530e+00
1.014634146341463439e-05,3.568966524669052731e+00
1.015853658536585329e-05,3.190856444762415034e+00
1.017073170731707388e-05,2.794691914389769494e+00
1.018292682926829278e-05,2.390826072679099301e+00
1.019512195121951168e-05,1.989813320460353641e+00
1.020731707317073228e-05,1.602133497541072593e+00
1.021951219512195118e-05,1.237918008517072010e+00
1.023170731707317008e-05,9.066850543913820282e-01
1.024390243902439067e-05,6.170908893080655488e-01
1.025609756097560957e-05,3.767036029163413069e-01
1.026829268292682847e-05,1.918053402083979009e-01
1.028048780487804906e-05,6.722812750545292815e-02
1.029268292682926796e-05,6.227595022737730801e-03
1.030487804878048855e-05,1.039789607592478404e-02
1.031707317073170745e-05,7.963004638274728819e-02
1.032926829268292635e-05,2.121147721963358990e-01
1.034146341463414695e-05,4.043897928391047003e-01
1.035365853658536585e-05,6.514303019821310325e-01
1.036585365853658475e-05,9.467802830836269390e-01
1.037804878048780534e-05,1.282721227263380115e+00
1.039024390243902424e-05,1.650473844435495163e+00
1.040243902439024314e-05,2.040427496296401966e+00
1.041463414634146373e-05,2.442391355294475819e+00
1.042682926829268263e-05,2.845860725936942170e+00
1.043902439024390323e-05,3.240291568543867129e+00
1.045121951219512213e-05,3.615376051200173357e+00
1.046341463414634103e-05,3.961311928788258108e+00
1.047560975609756162e-05,4.269058709301956966e+00
1.048780487804878052e-05,4.530573912936759484e+00
1.049999999999999942e-05,4.739023249695241802e+00
1.051219512195122001e-05,4.888959222845385533e+00
1.052439024390243891e-05,4.976463490710194115e+00
1.053658536585365781e-05,4.999249266386756041e+00
1.054878048780487841e-05,4.956721079337853553e+00
1.056097560975609731e-05,4.849990337081372616e+00
1.057317073170731790e-05,4.681846280296564800e+00
1.058536585365853680e-05,4.456683090390241020e+00
1.059756097560975570e-05,4.180385054452322002e+00
1.060975609756097629e-05,3.860172788634653074e+00
1.062195121951219519e-05,3.504414538664113898e+00
1.063414634146341409e-05,3.122407488855353019e+00
1.064634146341463468e-05,2.724134794769305312e+00
1.065853658536585358e-05,2.320004689088602579e+00
1.067073170731707248e-05,1.920578478767962061e+00
1.068292682926829308e-05,1.536294541828657767e+00
1.069512195121951198e-05,1.177195536708694812e+00
1.070731707317073088e-05,8.526659531228133471e-01
1.071951219512195147e-05,5.711868631316163736e-01
1.073170731707317037e-05,3.401142816148268189e-01
1.074390243902439096e-05,1.654869283508113575e-01
1.075609756097560986e-05,5.186841553924859127e-02
1.076829268292682876e-05,2.227984948180772307e-03
1.078048780487804936e-05,1.786291143409846072e-02
1.079268292682926826e-05,9.836460069651931093e-02
1.080487804878048716e-05,2.416292672496895833e-01
1.081707317073170775e-05,4.439129135593300468e-01
1.082926829268292665e-05,6.999291735502535250e-01
1.084146341463414555e-05,1.002987463499191101e+00
1.085365853658536614e-05,1.345167829954688532e+00
1.086585365853658504e-05,1.717527925308351078e+00
1.087804878048780564e-05,2.110336702035111589e+00
1.089024390243902454e-05,2.513328718369412851e+00
1.090243902439024343e-05,2.915972409537976873e+00
1.091463414634146403e-05,3.307745313700043877e+00
1.092682926829268293e-05,3.678409059996033292e+00
1.093902439024390183e-05,4.018276932324962303e+00
1.095121951219512242e-05,4.318467016488267696e+00
1.096341463414634132e-05,4.571134315097618028e+00
1.097560975609756022e-05,4.769675764286892772e+00
1.098780487804878081e-05,4.908902794437920214e+00
1.099999999999999971e-05,4.985176925315872865e+00
1.101219512195122031e-05,4.996504852047927159e+00
1.102439024390243921e-05,4.942590537022192088e+00
1.103658536585365811e-05,4.824842946366777241e+00
1.104878048780487870e-05,4.646339228828034962e+00
1.106097560975609760e-05,4.411744299310884188e+00
1.107317073170731650e-05,4.127188928638417131e+00
1.108536585365853709e-05,3.800109525464780091e+00
1.109756097560975599e-05,3.439053797389395317e+00
1.110975609756097489e-05,3.053457370014915018e+00
1.112195121951219549e-05,2.653397201659640547e+00
1.113414634146341439e-05,2.249328237844951506e+00
1.114634146341463498e-05,1.851810187678439412e+00
1.115853658536585388e-05,1.471231562406655868e+00
1.117073170731707278e-05,1.117538187953905027e+00
1.118292682926829337e-05,7.999732863492745594e-01
1.119512195121951227e-05,5.268359186049142995e-01
1.120731707317073117e-05,3.052641017628681119e-01
1.121951219512195177e-05,1.410482680064579775e-01
1.123170731707317067e-05,3.847994079000649492e-02
1.124390243902438956e-05,2.395825990788580384e-04
1.125609756097561016e-05,2.732654526428612840e-02
1.126829268292682906e-05,1.190329534673342238e-01
1.128048780487804796e-05,2.729622039531820477e-01
1.129268292682926855e-05,4.850915970000673205e-01
1.130487804878048745e-05,7.498774633722062877e-01
1.131707317073170804e-05,1.060400039427384478e+00
1.132926829268292694e-05,1.408544304294873539e+00
1.134146341463414584e-05,1.785212053227970941e+00
1.135365853658536644e-05,2.180559664926243535e+00
1.136585365853658534e-05,2.584255349151181935e+00
1.137804878048780424e-05,2.985749151871985418e+00
1.139024390243902483e-05,3.374548661780216730e+00
1.140243902439024373e-05,3.740493213015253726e+00
1.141463414634146263e-05,4.074019418243000956e+00
1.142682926829268322e-05,4.366411092796016469e+00
1.143902439024390212e-05,4.610027038499215024e+00
1.145121951219512272e-05,4.798500734409349988e+00
1.146341463414634162e-05,4.926906715861905539e+00
1.147560975609756052e-05,4.991889293770919167e+00
1.148780487804878111e-05,4.991750250304158421e+00
1.150000000000000001e-05,4.926493219144735036e+00
1.151219512195121891e-05,4.797823590530429172e+00
1.152439024390243950e-05,4.609103943552555371e+00
1.153658536585365840e-05,4.365266170421390868e+00
1.154878048780487730e-05,4.072682589192445413e+00
1.156097560975609790e-05,3.738999413220693846e+00
1.157317073170731679e-05,3.372936929358293145e+00
1.158536585365853739e-05,2.984061606923690047e+00
1.159756097560975629e-05,2.582536093018932721e+00
1.160975609756097519e-05,2.178853627674619098e+00
1.162195121951219578e-05,1.783563819466753131e+00
1.163414634146341468e-05,1.406996948030352135e+00
1.164634146341463358e-05,1.058993998390556524e+00
1.165853658536585417e-05,7.486494822418918726e-01
1.167073170731707307e-05,4.840737671386587948e-01
1.168292682926829197e-05,2.721811247489855923e-01
1.169512195121951257e-05,1.185090372011927684e-01
1.170731707317073147e-05,2.707348366671791240e-02
1.171951219512195206e-05,2.639890383573373356e-04
1.173170731707317096e-05,3.878117744207809636e-02
1.174390243902438986e-05,1.416184625235232808e-01
1.175609756097561045e-05,3.060883530048728041e-01
1.176829268292682935e-05,5.278926860574011393e-01
1.178048780487804825e-05,8.012349530509987883e-01
1.179268292682926885e-05,1.118971782223018074e+00
1.180487804878048775e-05,1.472799619503627033e+00
1.181707317073170665e-05,1.853471728888516301e+00
1.182926829268292724e-05,2.251039841392524110e+00
1.184146341463414614e-05,2.655114137468577162e+00
1.185365853658536504e-05,3.055134768658509969e+00
1.186585365853658563e-05,3.440647822683007284e+00
1.187804878048780453e-05,3.801578520055534760e+00
1.189024390243902513e-05,4.128494502654963760e+00
1.190243902439024402e-05,4.412852333622350187e+00
1.191463414634146292e-05,4.647220766694214689e+00
1.192682926829268352e-05,4.825474950177066624e+00
1.193902439024390242e-05,4.942956490347544474e+00
1.195121951219512132e-05,4.996595191271685721e+00
1.196341463414634191e-05,4.984989289564012438e+00
1.197560975609756081e-05,4.908442087276753796e+00
1.198780487804877971e-05,4.768954025576052302e+00
1.200000000000000030e-05,4.570170406347155989e+00
1.201219512195121920e-05,4.317286127942805862e+00
1.202439024390243980e-05,4.016909924655838182e+00
1.203658536585365870e-05,3.676891657806339087e+00
1.204878048780487760e-05,3.306117171917917208e+00
1.206097560975609819e-05,2.914276077097321505e+00
1.207317073170731709e-05,2.511608526259915486e+00
1.208536585365853599e-05,2.108637604781720132e+00
1.209756097560975658e-05,1.715894326155005700e+00
1.210975609756097548e-05,1.343642420454996600e+00
1.212195121951219438e-05,1.001610107839788544e+00
1.213414634146341498e-05,6.987358667626422104e-01
1.214634146341463388e-05,4.429348408462967512e-01
1.215853658536585447e-05,2.408919890087739546e-01
1.217073170731707337e-05,9.788738453901624226e-02
1.218292682926829227e-05,1.765822865641686334e-02
1.219512195121951286e-05,2.301184613930473688e-03
1.220731707317073176e-05,5.221758468987669488e-02
1.221951219512195066e-05,1.661029419978135024e-01
1.223170731707317126e-05,3.409810412069473884e-01
1.224390243902439015e-05,5.722817172652652218e-01
1.225609756097560905e-05,8.539602895011118022e-01
1.226829268292682965e-05,1.178655529878954056e+00
1.228048780487804855e-05,1.537882037157437765e+00
1.229268292682926745e-05,1.922251989552647533e+00
1.230487804878048804e-05,2.321720480747853088e+00
1.231707317073170694e-05,2.725848027776976767e+00
1.232926829268292753e-05,3.124073390551718621e+00
1.234146341463414643e-05,3.505989573319229891e+00
1.235365853658536533e-05,3.861615795186220446e+00
1.236585365853658593e-05,4.181658322185663579e+00
1.237804878048780483e-05,4.457753344448566857e+00
1.239024390243902373e-05,4.682685551267338653e+00
1.240243902439024432e-05,4.850576691933158102e+00
1.241463414634146322e-05,4.957039194605505905e+00
1.242682926829268212e-05,4.999290828626306471e+00
1.243902439024390271e-05,4.976227413757662532e+00
1.245121951219512161e-05,4.888451676201922780e+00
1.246341463414634221e-05,4.738257497296952891e+00
1.247560975609756111e-05,4.529569966522518421e+00
1.248780487804878001e-05,4.267842805437871867e+00
1.250000000000000060e-05,3.959915843216181397e+00
1.251219512195121950e-05,3.613836268428620269e+00
1.252439024390243840e-05,3.238648328382475405e+00
1.253658536585365899e-05,2.844156971891891317e+00
1.254878048780487789e-05,2.440671612307658389e+00
1.256097560975609679e-05,2.038736707155647920e+00
1.257317073170731738e-05,1.648856195265103075e+00
1.258536585365853628e-05,1.281218992789158628e+00
1.259756097560975688e-05,9.454327218493077112e-01
1.260975609756097578e-05,6.502726303887074177e-01
1.262195121951219468e-05,4.034522648192990779e-01
1.263414634146341527e-05,2.114218885756131705e-01
1.264634146341463417e-05,7.919991458867903233e-02
1.265853658536585307e-05,1.024175692884154998e-02
1.267073170731707366e-05,6.349528974539886406e-03
1.268292682926829256e-05,6.762494800341656287e-02
1.269512195121951146e-05,1.924666769706782077e-01
1.270731707317073206e-05,3.776121729431265450e-01
1.271951219512195096e-05,6.182229485456269824e-01
1.273170731707317155e-05,9.080110182457767909e-01
1.274390243902439045e-05,1.239403225000984321e+00
1.275609756097560935e-05,1.603739152849276817e+00
1.276829268292682994e-05,1.991497453307901733e+00
1.278048780487804884e-05,2.392544670893346215e+00
1.279268292682926774e-05,2.796400065099792887e+00
1.280487804878048834e-05,3.192509508126372797e+00
1.281707317073170724e-05,3.570521300466761971e+00
1.282926829268292614e-05,3.920556696352477388e+00
1.284146341463414673e-05,4.233468069291458136e+00
1.285365853658536563e-05,4.501077970950165152e+00
1.286585365853658453e-05,4.716392835949998918e+00
1.287804878048780512e-05,4.873785747738089036e+00
1.289024390243902402e-05,4.969143489232740407e+00
1.290243902439024461e-05,4.999974035305748465e+00
1.291463414634146351e-05,4.965471677953474661e+00
1.292682926829268241e-05,4.866538082212837679e+00
1.293902439024390301e-05,4.705758722558673668e+00
1.295121951219512191e-05,4.487335315580323503e+00
1.296341463414634081e-05,4.216976014703546660e+00
1.297560975609756140e-05,3.901746236546560276e+00
1.298780487804878030e-05,3.549884017330017905e+00
1.299999999999999920e-05,3.170584724710539426e+00
1.301219512195121979e-05,2.773760751258604884e+00
1.302439024390243869e-05,2.369782469613524789e+00
1.303658536585365929e-05,1.969207219046716695e+00
1.304878048780487819e-05,1.582503405945704600e+00
1.306097560975609709e-05,1.219776928419317397e+00
1.307317073170731768e-05,8.905070744886909306e-01
1.308536585365853658e-05,6.032987957508826327e-01
1.309756097560975548e-05,3.656578304546593827e-01
1.310975609756097607e-05,1.837945527944171431e-01
1.312195121951219497e-05,6.246167451369544210e-02
1.313414634146341387e-05,4.830040232076004969e-03
1.314634146341463447e-05,1.240576239055091179e-02
1.315853658536585337e-05,8.499086136327793639e-02
1.317073170731707396e-05,2.206884393447845483e-01
1.318292682926829286e-05,4.159522528012944420e-01
1.319512195121951176e-05,6.656793879877676012e-01
1.320731707317073235e-05,9.633436176013367991e-01
1.321951219512195125e-05,1.301165953503614192e+00
1.323170731707317015e-05,1.670317938384926038e+00
1.324390243902439074e-05,2.061152363659557007e+00
1.325609756097560964e-05,2.463455384142925197e+00
1.326829268292682854e-05,2.866713440888514874e+00
1.328048780487804914e-05,3.260388016574052195e+00
1.329268292682926804e-05,3.634191043135010180e+00
1.330487804878048863e-05,3.978353764300597284e+00
1.331707317073170753e-05,4.283882026728839776e+00
1.332926829268292643e-05,4.542791328108505056e+00
1.334146341463414702e-05,4.748315479613636647e+00
1.335365853658536592e-05,4.895083429644317974e+00
1.336585365853658482e-05,4.979259627842973046e+00
1.337804878048780542e-05,4.998644261191529381e+00
1.339024390243902432e-05,4.952730742677232456e+00
1.340243902439024322e-05,4.842718950150279866e+00
1.341463414634146381e-05,4.671483869396644728e+00
1.342682926829268271e-05,4.443500460890277282e+00
1.343902439024390161e-05,4.164726713714329343e+00
1.345121951219512220e-05,3.842447942853891796e+00
1.346341463414634110e-05,3.485086398906486860e+00
1.347560975609756170e-05,3.101981165762078163e+00
1.348780487804878060e-05,2.703144098282198815e+00
1.349999999999999949e-05,2.298998178163500938e+00
1.351219512195122009e-05,1.900105125646043502e+00
1.352439024390243899e-05,1.516889385507901755e+00
1.353658536585365789e-05,1.159365700537495769e+00
1.354878048780487848e-05,8.368773919263858829e-01
1.356097560975609738e-05,5.578521862128180686e-01
1.357317073170731628e-05,3.295819698566750944e-01
1.358536585365853687e-05,1.580322272147736129e-01
1.359756097560975577e-05,4.768614195637299602e-02
1.360975609756097637e-05,1.427436084072475353e-03
1.362195121951219527e-05,2.046500837869746903e-02
1.363414634146341417e-05,1.043013417242111274e-01
1.364634146341463476e-05,2.507455049378735090e-01
1.365853658536585366e-05,4.559704093230352306e-01
1.367073170731707256e-05,7.146128236343689544e-01
1.368292682926829315e-05,1.019913533721150234e+00
1.369512195121951205e-05,1.363893983995967840e+00
1.370731707317073095e-05,1.737564784480921221e+00
1.371951219512195155e-05,2.131160634426488620e+00
1.373170731707317045e-05,2.534395523141978135e+00
1.374390243902439104e-05,2.936731538765342986e+00
1.375609756097560994e-05,3.327654260073584780e+00
1.376829268292682884e-05,3.696947534403872027e+00
1.378048780487804943e-05,4.034960460792155423e+00
1.379268292682926833e-05,4.332859601144938289e+00
1.380487804878048723e-05,4.582859828299985949e+00
1.381707317073170783e-05,4.778427778123767844e+00
1.382926829268292673e-05,4.914452588743932537e+00
1.384146341463414562e-05,4.987379464914533322e+00
1.385365853658536622e-05,4.995302577018669865e+00
1.386585365853658512e-05,4.938014866938687852e+00
1.387804878048780571e-05,4.817013459195591096e+00
1.389024390243902461e-05,4.635460535945977512e+00
1.390243902439024351e-05,4.398100698307191081e+00
1.391463414634146410e-05,4.111136973642914860e+00
1.392682926829268300e-05,3.782068709164471798e+00
1.393902439024390190e-05,3.419495588244520157e+00
1.395121951219512250e-05,3.032892891169558514e+00
1.396341463414634140e-05,2.632363873539751875e+00
1.397560975609756030e-05,2.228375733517065971e+00
1.398780487804878089e-05,1.831486068006237034e+00
1.399999999999999979e-05,1.452066966405580306e+00
1.401219512195121869e-05,1.100033952305532914e+00
1.402439024390243928e-05,7.845868568193248294e-01
1.403658536585365818e-05,5.139693954154256339e-01
1.404878048780487878e-05,2.952537313328376101e-01
1.406097560975609768e-05,1.341556556787102394e-01
1.407317073170731658e-05,3.488521418554668685e-02
1.408536585365853717e-05,3.668426401848279284e-05
1.409756097560975607e-05,3.052077762861760135e-02
1.410975609756097497e-05,1.255408402742732576e-01
1.412195121951219556e-05,2.826136717802847365e-01
1.413414634146341446e-05,4.976344198614972569e-01
1.414634146341463336e-05,7.649838542497655602e-01
1.415853658536585396e-05,1.077675216470393105e+00
1.417073170731707285e-05,1.427536807825164900e+00
1.418292682926829345e-05,1.805425543931113985e+00
1.419512195121951235e-05,2.201465894901387443e+00
1.420731707317073125e-05,2.605307966842473011e+00
1.421951219512195184e-05,3.006397980110030232e+00
1.423170731707317074e-05,3.394254075799952641e+00
1.424390243902438964e-05,3.758740242703829892e+00
1.425609756097561023e-05,4.090331206076633919e+00
1.426829268292682913e-05,4.380361355763520592e+00
1.428048780487804803e-05,4.621251208340998673e+00
1.429268292682926863e-05,4.806705485037242376e+00
1.430487804878048753e-05,4.931877628976826244e+00
1.431707317073170812e-05,4.993496462349083842e+00
1.432926829268292702e-05,4.989951673513545849e+00
1.434146341463414592e-05,4.921335899971012395e+00
1.435365853658536651e-05,4.789442307427570711e+00
1.436585365853658541e-05,4.597717728219267386e+00
1.437804878048780431e-05,4.351172583750777534e+00
1.439024390243902491e-05,4.056249944984459788e+00
1.440243902439024381e-05,3.720657152878394935e+00
1.441463414634146271e-05,3.353164399109476168e+00
1.442682926829268330e-05,2.963375530858675777e+00
1.443902439024390220e-05,2.561477069316228761e+00
1.445121951219512279e-05,2.157972000914686106e+00
1.446341463414634169e-05,1.763405298239181684e+00
1.447560975609756059e-05,1.388088343694756199e+00
1.448780487804878119e-05,1.041829457687285743e+00
1.450000000000000009e-05,7.336775735419431843e-01
1.451219512195121898e-05,4.716857578117039651e-01
1.452439024390243958e-05,2.627007560041563217e-01
1.453658536585365848e-05,1.121840636178950135e-01
1.454878048780487738e-05,2.406919851698141599e-02
1.456097560975609797e-05,6.589046062193126829e-04
1.457317073170731687e-05,4.256497322809149608e-02
1.458536585365853577e-05,1.486922549548266304e-01
1.459756097560975636e-05,3.162672796024015298e-01
1.460975609756097526e-05,5.409107365270127143e-01
1.462195121951219586e-05,8.167519210458438206e-01
1.463414634146341476e-05,1.136582156102771357e+00
1.464634146341463366e-05,1.492043179746169512e+00
1.465853658536585425e-05,1.873845575205632885e+00
1.467073170731707315e-05,2.272011535240838320e+00
1.468292682926829205e-05,2.676135616496437386e+00
1.469512195121951264e-05,3.075656669456691361e+00
1.470731707317073154e-05,3.460133837536166546e+00
1.471951219512195044e-05,3.819519412504255307e+00
1.473170731707317104e-05,4.144421415592266733e+00
1.474390243902438994e-05,4.426349042139456458e+00
1.475609756097561053e-05,4.657934555466221482e+00
1.476829268292682943e-05,4.833125831125189897e+00
1.478048780487804833e-05,4.947344519688751774e+00
1.479268292682926892e-05,4.997605694736112270e+00
1.480487804878048782e-05,4.982595859227288315e+00
1.481707317073170672e-05,4.902707271689719093e+00
1.482926829268292732e-05,4.760027695156376026e+00
1.484146341463414621e-05,4.558285836751009512e+00
1.485365853658536511e-05,4.302753903770844879e+00
1.486585365853658571e-05,4.000109822811772631e+00
1.487804878048780461e-05,3.658262722622553476e+00
1.489024390243902520e-05,3.286146241419963587e+00
1.490243902439024410e-05,2.893485060255096997e+00
1.491463414634146300e-05,2.490540763714676586e+00
1.492682926829268359e-05,2.087843669489881648e+00
1.493902439024390249e-05,1.695917635027068826e+00
1.495121951219512139e-05,1.325005033005825172e+00
1.496341463414634199e-05,9.847990829815864711e-01
1.497560975609756089e-05,6.841905342837635295e-01
1.498780487804877979e-05,4.310353202154511010e-01
1.500000000000000038e-05,2.319492555485074270e-01
1.501219512195121928e-05,9.213514257320021272e-02
1.502439024390243818e-05,1.524680401384914674e-02
1.503658536585365877e-05,3.293596098433937414e-03
1.504878048780487767e-05,5.658789718262102753e-02
1.506097560975609827e-05,1.737369442310301437e-01
1.507317073170731717e-05,3.516792304962783611e-01
1.508536585365853607e-05,5.857645132000532939e-01
1.509756097560975666e-05,8.698753403400083517e-01
1.510975609756097556e-05,1.196586920710425606e+00
1.512195121951219446e-05,1.557361159184434740e+00
1.513414634146341505e-05,1.942769786448962588e+00
1.514634146341463395e-05,2.342740752047186792e+00
1.515853658536585285e-05,2.746821441632195437e+00
1.517073170731707344e-05,3.144451839661486670e+00
1.518292682926829234e-05,3.525240498853398741e+00
1.519512195121951294e-05,3.879236104376279748e+00
1.520731707317073184e-05,4.197187535865561259e+00
1.521951219512195074e-05,4.470785630956353174e+00
1.523170731707317133e-05,4.692880332219599104e+00
1.524390243902439023e-05,4.857667542706968433e+00
1.525609756097560913e-05,4.960840806928788815e+00
1.526829268292682803e-05,4.999703853318921531e+00
1.528048780487805032e-05,4.973241057066557502e+00
1.529268292682926922e-05,4.882143981878964922e+00
1.530487804878048812e-05,4.728793307047846284e+00
1.531707317073170702e-05,4.517196612126955557e+00
1.532926829268292592e-05,4.252883645121351641e+00
1.534146341463414482e-05,3.942761811189469334e+00
1.535365853658536710e-05,3.594935658434628145e+00
1.536585365853658600e-05,3.218495078242138430e+00
1.537804878048780490e-05,2.823277755213359885e+00
1.539024390243902380e-05,2.419612074696615434e+00
1.540243902439024270e-05,2.018047206622814116e+00
1.541463414634146499e-05,1.629077419482018563e+00
1.542682926829268389e-05,1.262867829063464509e+00
1.543902439024390279e-05,9.289887490848802720e-01
1.545121951219512169e-05,6.361655860425035058e-01
1.546341463414634059e-05,3.920508143865890638e-01
1.547560975609755949e-05,2.030239910950020210e-01
1.548780487804878178e-05,7.402503594948806054e-02
1.550000000000000068e-05,8.425134474205453472e-03
1.551219512195121957e-05,7.938637285279881439e-03
1.552439024390243847e-05,7.257825822429975204e-02
1.553658536585365737e-05,2.006547421019648780e-01
1.554878048780487966e-05,3.888210107350773548e-01
1.556097560975609856e-05,6.321596335891375151e-01
1.557317073170731746e-05,9.243113371189095595e-01
1.558536585365853636e-05,1.257641194416018404e+00
1.559756097560975526e-05,1.623438152058422901e+00
1.560975609756097416e-05,2.012142679839190595e+00
1.562195121951219645e-05,2.413596594107022764e+00
1.563414634146341535e-05,2.817308525975267930e+00
1.564634146341463425e-05,3.212728096806712674e+00
1.565853658536585315e-05,3.589521635823605283e+00
1.567073170731707205e-05,3.937842234398813090e+00
1.568292682926829433e-05,4.248587079580584458e+00
1.569512195121951323e-05,4.513635341842801907e+00
1.570731707317073213e-05,4.726060400237918735e+00
1.571951219512195103e-05,4.880310858779720817e+00
1.573170731707316993e-05,4.972355623477261233e+00
1.574390243902438883e-05,4.999789248658792928e+00
1.575609756097561112e-05,4.961894799524435129e+00
1.576829268292683002e-05,4.859662588113758730e+00
1.578048780487804892e-05,4.695764293052470784e+00
1.579268292682926782e-05,4.474483139418760302e+00
1.580487804878048672e-05,4.201601963368529091e+00
1.581707317073170901e-05,3.884252086775342505e+00
1.582926829268292791e-05,3.530726951309778094e+00
1.584146341463414680e-05,3.150265382338606202e+00
1.585365853658536570e-05,2.752810146703238203e+00
1.586585365853658460e-05,2.348748114090686734e+00
1.587804878048780350e-05,1.948638812472787585e+00
1.589024390243902579e-05,1.562938471391253081e+00
1.590243902439024469e-05,1.201726764786677393e+00
1.591463414634146359e-05,8.744433945160356991e-01
1.592682926829268249e-05,5.896413985390569490e-01
1.593902439024390139e-05,3.547636306757677715e-01
1.595121951219512029e-05,1.759482532861951221e-01
1.596341463414634258e-05,5.786832601692948330e-02
1.597560975609756148e-05,3.609682711003259215e-03
1.598780487804878038e-05,1.459028797643524555e-02
1.599999999999999928e-05,9.052318090354116720e-02
1.601219512195121818e-05,2.294239743385251273e-01
1.602439024390244046e-05,4.276627137319790606e-01
1.603658536585365936e-05,6.800587403116784557e-01
1.604878048780487826e-05,9.800160794808590037e-01
1.606097560975609716e-05,1.319695816276955869e+00
1.607317073170731606e-05,1.690220953128659165e+00
1.608536585365853496e-05,2.081908396275512274e+00
1.609756097560975725e-05,2.484522008247911362e+00
1.610975609756097615e-05,2.887540113277398568e+00
1.612195121951219505e-05,3.280430464803605783e+00
1.613414634146341395e-05,3.652925489231575895e+00
1.614634146341463285e-05,3.995290612876275294e+00
1.615853658536585514e-05,4.298578659789773937e+00
1.617073170731707403e-05,4.554863672182319689e+00
1.618292682926829293e-05,4.757448042907844510e+00
1.619512195121951183e-05,4.901037546929923217e+00
1.620731707317073073e-05,4.981879697596074408e+00
1.621951219512194963e-05,4.997861811995335302e+00
1.623170731707317192e-05,4.948566222615218280e+00
1.624390243902439082e-05,4.835281192427585140e+00
1.625609756097560972e-05,4.660967248154813447e+00
1.626829268292682862e-05,4.430179811543699664e+00
1.628048780487804752e-05,4.148950150557405792e+00
1.629268292682926981e-05,3.824627761639461276e+00
1.630487804878048871e-05,3.465688302142653221e+00
1.631707317073170761e-05,3.081512092306917694e+00
1.632926829268292651e-05,2.682138975291105343e+00
1.634146341463414541e-05,2.278005941606241702e+00
1.635365853658536431e-05,1.879674374725913477e+00
1.636585365853658659e-05,1.497554045880759466e+00
1.637804878048780549e-05,1.141631071002003894e+00
1.639024390243902439e-05,8.212069392315433092e-01
1.640243902439024329e-05,5.446554330808950350e-01
1.641463414634146219e-05,3.192037927486741644e-01
1.642682926829268448e-05,1.507438435245922470e-01
1.643902439024390338e-05,4.367802216935201542e-02
1.645121951219512228e-05,8.043261292778325355e-04
1.646341463414634118e-05,2.324319225823856527e-02
1.647560975609756008e-05,1.104082159563763987e-01
1.648780487804877898e-05,2.600214759353769445e-01
1.650000000000000127e-05,4.681730641213461830e-01
1.651219512195122016e-05,7.294232649743583874e-01
1.652439024390243906e-05,1.036944713929528694e+00
1.653658536585365796e-05,1.382700819869446818e+00
1.654878048780487686e-05,1.757655788838232258e+00
1.656097560975609915e-05,2.152010760355601349e+00
1.657317073170731805e-05,2.555459885278357657e+00
1.658536585365853695e-05,2.957459653016720313e+00
1.659756097560975585e-05,3.347504429659405645e+00
1.660975609756097475e-05,3.715401006251419780e+00
1.662195121951219365e-05,4.051534982335127211e+00
1.663414634146341594e-05,4.347122023238743083e+00
1.664634146341463484e-05,4.594437424895318145e+00
1.665853658536585374e-05,4.787017986878121079e+00
1.667073170731707264e-05,4.919830918014220345e+00
1.668292682926829154e-05,4.989405360494257202e+00
1.669512195121951382e-05,4.993923095301858517e+00
1.670731707317073272e-05,4.933266058518071873e+00
1.671951219512195162e-05,4.809019426736855785e+00
1.673170731707317052e-05,4.624430190959095022e+00
1.674390243902438942e-05,4.384322301571513592e+00
1.675609756097560832e-05,4.094970601963525247e+00
1.676829268292683061e-05,3.763936845328922143e+00
1.678048780487804951e-05,3.399872080097800620e+00
1.679268292682926841e-05,3.012290568343039876e+00
1.680487804878048731e-05,2.611321145452109693e+00
1.681707317073170621e-05,2.207442518888540484e+00
1.682926829268292850e-05,1.811209423594374979e+00
1.684146341463414739e-05,1.432976790534300715e+00
1.685365853658536629e-05,1.082629136802834680e+00
1.686585365853658519e-05,7.693222492614637531e-01
1.687804878048780409e-05,5.012439123980034772e-01
1.689024390243902299e-05,2.853999334109942332e-01
1.690243902439024528e-05,1.274310564181275751e-01
1.691463414634146418e-05,3.146555044906573784e-02
1.692682926829268308e-05,1.132360405708965345e-05
1.693902439024390198e-05,3.389038280626532895e-02
1.695121951219512088e-05,1.322173519390963392e-01
1.696341463414633978e-05,2.924226097633950694e-01
1.697560975609756207e-05,5.103194429414488198e-01
1.698780487804878097e-05,7.802134592284413195e-01
1.699999999999999987e-05,1.095051401489683718e+00
1.701219512195121877e-05,1.446605473521743956e+00
1.702439024390243767e-05,1.825688360611560590e+00
1.703658536585365995e-05,2.222393325608077230e+00
1.704878048780487885e-05,2.626353105971455104e+00
1.706097560975609775e-05,3.027010845932278649e+00
1.707317073170731665e-05,3.413895983371922238e+00
1.708536585365853555e-05,3.776897881554276637e+00
1.709756097560975445e-05,4.106530054770935578e+00
1.710975609756097674e-05,4.394178082778177341e+00
1.712195121951219564e-05,4.632324735169159879e+00
1.713414634146341454e-05,4.814746422409807991e+00
1.714634146341463344e-05,4.936675839597412185e+00
1.715853658536585234e-05,4.994926552502925610e+00
1.717073170731707462e-05,4.987976270035730408e+00
1.718292682926829352e-05,4.916006626935546464e+00
1.719512195121951242e-05,4.780898437033169301e+00
1.720731707317073132e-05,4.586182541128620116e+00
1.721951219512195022e-05,4.336947534000471727e+00
1.723170731707316912e-05,4.039706781956022397e+00
1.724390243902439141e-05,3.702228206210818939e+00
1.725609756097561031e-05,3.333331280442044964e+00
1.726829268292682921e-05,2.942656547665013278e+00
1.728048780487804811e-05,2.540413679751078124e+00
1.729268292682926701e-05,2.137114663653621793e+00
1.730487804878048930e-05,1.743299087103528988e+00
1.731707317073170820e-05,1.369258703001871913e+00
1.732926829268292710e-05,1.024768470586779223e+00
1.734146341463414600e-05,7.188311021934516987e-01
1.735365853658536490e-05,4.594417914764044042e-01
1.736585365853658379e-05,2.533792715532898754e-01
1.737804878048780608e-05,1.060286634388094562e-01
1.739024390243902498e-05,2.124074434660627730e-02
1.740243902439024388e-05,1.231313661510746726e-03
1.741463414634146278e-05,4.652328649546522144e-02
1.742682926829268168e-05,1.559330281205539848e-01
1.743902439024390397e-05,3.266012864076173194e-01
1.745121951219512287e-05,5.540679138994777375e-01
1.746341463414634177e-05,8.323884267749181998e-01
1.747560975609756067e-05,1.154289354616977681e+00
1.748780487804877957e-05,1.511358321163259522e+00
1.749999999999999847e-05,1.894263888575509203e+00
1.751219512195122075e-05,2.292999419943596351e+00
1.752439024390243965e-05,2.697144587057681786e+00
1.753658536585365855e-05,3.096137689356160294e+00
1.754878048780487745e-05,3.479551667417080107e+00
1.756097560975609635e-05,3.837366597814447999e+00
1.757317073170731864e-05,4.160231548113966227e+00
1.758536585365853754e-05,4.439708948837024494e+00
1.759756097560975644e-05,4.668495096115915288e+00
1.760975609756097534e-05,4.840611022547726350e+00
1.762195121951219424e-05,4.951558748137180110e+00
1.763414634146341314e-05,4.998438827954519326e+00
1.764634146341463543e-05,4.980026124584696845e+00
1.765853658536585433e-05,4.896801825173692890e+00
1.767073170731707323e-05,4.750940866356560655e+00
1.768292682926829213e-05,4.546255095697089743e+00
1.769512195121951103e-05,4.288093655025550177e+00
1.770731707317073331e-05,3.983203189000296351e+00
1.771951219512195221e-05,3.639551532123406652e+00
1.773170731707317111e-05,3.266119481872395536e+00
1.774390243902439001e-05,2.872666099633720549e+00
1.775609756097560891e-05,2.469473672927621877e+00
1.776829268292682781e-05,2.067079003938356863e+00
1.778048780487805010e-05,1.675998046702440458e+00
1.779268292682926900e-05,1.306451089130894028e+00
1.780487804878048790e-05,9.680956618016312021e-01
1.781707317073170680e-05,6.697741535335179908e-01
1.782926829268292570e-05,4.192827294122132287e-01
1.784146341463414798e-05,2.231675902341470064e-01
1.785365853658536688e-05,8.655389780804112476e-02
1.786585365853658578e-05,1.301183688280982409e-02
1.787804878048780468e-05,4.463313964818027557e-03
1.789024390243902358e-05,6.113173130318605430e-02
1.790243902439024248e-05,1.815361486221571674e-01
1.791463414634146477e-05,3.625299851742940227e-01
1.792682926829268367e-05,5.993832506968199691e-01
1.793902439024390257e-05,8.859061562944325896e-01
1.795121951219512147e-05,1.214610874871259849e+00
1.796341463414634037e-05,1.576907223756962795e+00
1.797560975609756266e-05,1.963327155668593615e+00
1.798780487804878156e-05,2.363772191286974245e+00
1.800000000000000046e-05,2.767777327188244652e+00
1.801219512195121936e-05,3.164784522307161119e+00
1.802439024390243826e-05,3.544418615793362370e+00
1.803658536585365715e-05,3.896758465580408171e+00
1.804878048780487944e-05,4.212596221885142711e+00
1.806097560975609834e-05,4.483677959930917112e+00
1.807317073170731724e-05,4.702919383336311654e+00
1.808536585365853614e-05,4.864590961098252286e+00
1.809756097560975504e-05,4.964467659905434260e+00
1.810975609756097394e-05,4.999939358762453878e+00
1.812195121951219623e-05,4.970079060411281446e+00
1.813414634146341513e-05,4.875667116951952984e+00
1.814634146341463403e-05,4.719170836563349347e+00
1.815853658536585293e-05,4.504680004270641192e+00
1.817073170731707183e-05,4.237800001823376128e+00
1.818292682926829411e-05,3.925505319828111794e+00
1.819512195121951301e-05,3.575957290367165253e+00
1.820731707317073191e-05,3.198290803374843172e+00
1.821951219512195081e-05,2.802375580605522387e+00
1.823170731707316971e-05,2.398558245923488208e+00
1.824390243902438861e-05,1.997391932503654655e+00
1.825609756097561090e-05,1.609360493234616829e+00
1.826829268292682980e-05,1.244604521654776308e+00
1.828048780487804870e-05,9.126563434316261603e-01
1.829268292682926760e-05,6.221909039699928812e-01
1.830487804878048650e-05,3.807990623095629523e-01
1.831707317073170879e-05,1.947892159200934614e-01
1.832926829268292769e-05,6.902244062031570593e-02
1.834146341463414659e-05,6.785453979546218761e-03
1.835365853658536549e-05,9.704722105135399346e-03
1.836585365853658438e-05,7.770395449973133140e-02
1.837804878048780328e-05,2.090060977938632547e-01
1.839024390243902557e-05,4.001797762507730560e-01
1.840243902439024447e-05,6.462289653934627509e-01
1.841463414634146337e-05,9.407235552747736929e-01
1.842682926829268227e-05,1.275967391323330258e+00
1.843902439024390117e-05,1.643199401282032124e+00
1.845121951219512346e-05,2.032822552100830293e+00
1.846341463414634236e-05,2.434654653354516363e+00
1.847560975609756126e-05,2.838194452832889958e+00
1.848780487804878016e-05,3.232896070308626690e+00
1.849999999999999906e-05,3.608444597589814506e+00
1.851219512195121796e-05,3.955025662479835447e+00
1.852439024390244024e-05,4.263581912013584052e+00
1.853658536585365914e-05,4.526049712182213192e+00
1.854878048780487804e-05,4.735569878370862185e+00
1.856097560975609694e-05,4.886666929398531423e+00
1.857317073170731584e-05,4.975392180637664197e+00
1.858536585365853813e-05,4.999426936698302626e+00
1.859756097560975703e-05,4.958143086898338048e+00
1.860975609756097593e-05,4.852619519951784532e+00
1.862195121951219483e-05,4.685613928903069159e+00
1.863414634146341373e-05,4.461490743141210302e+00
1.864634146341463263e-05,4.186107070877715941e+00
1.865853658536585492e-05,3.866659632802743829e+00
1.867073170731707382e-05,3.511496687068875744e+00
1.868292682926829272e-05,3.129899860647449739e+00
1.869512195121951162e-05,2.731841588554150935e+00
1.870731707317073051e-05,2.327724499888806253e+00
1.871951219512195280e-05,1.928109561426556429e+00
1.873170731707317170e-05,1.543440083303436072e+00
1.874390243902439060e-05,1.183768799471778044e+00
1.875609756097560950e-05,8.584951552535140529e-01
1.876829268292682840e-05,5.761196675678399437e-01
1.878048780487804730e-05,3.440217772433791232e-01
1.879268292682926959e-05,1.682669988973111153e-01
1.880487804878048849e-05,5.344840821690644006e-02
1.881707317073170739e-05,2.566609124573737688e-03
1.882926829268292629e-05,1.695131769706392788e-02
1.884146341463414519e-05,9.622661211969241180e-02
1.885365853658536747e-05,2.383207568139447119e-01
1.886585365853658637e-05,4.395203439996717698e-01
1.887804878048780527e-05,6.945673377880698940e-01
1.889024390243902417e-05,9.967964847089398894e-01
1.890243902439024307e-05,1.338309499664530833e+00
1.891463414634146197e-05,1.710181475231967951e+00
1.892682926829268426e-05,2.102694120131809896e+00
1.893902439024390316e-05,2.505589731539695109e+00
1.895121951219512206e-05,2.908339264074080610e+00
1.896341463414634096e-05,3.300417489895778544e+00
1.897560975609755986e-05,3.671578059042345021e+00
1.898780487804878215e-05,4.012121271726210914e+00
1.900000000000000105e-05,4.313147564786918409e+00
1.901219512195121995e-05,4.566790087827181210e+00
1.902439024390243885e-05,4.766420291018729216e+00
1.903658536585365774e-05,4.906821151863918651e+00
1.904878048780487664e-05,4.984323513902332081e+00
1.906097560975609893e-05,4.996901974364663879e+00
1.907317073170731783e-05,4.944227814899832651e+00
1.908536585365853673e-05,4.827677592113923666e+00
1.909756097560975563e-05,4.650297163420625601e+00
1.910975609756097453e-05,4.416722088331235696e+00
1.912195121951219343e-05,4.133056485371729316e+00
1.913414634146341572e-05,3.806713510511468002e+00
1.914634146341463462e-05,3.446221625950157907e+00
1.915853658536585352e-05,3.061001722123817270e+00
1.917073170731707242e-05,2.661120917498052574e+00
1.918292682926829132e-05,2.257029470203921306e+00
1.919512195121951360e-05,1.859287676919725296e+00
1.920731707317073250e-05,1.478289896067877640e+00
1.921951219512195140e-05,1.123992907546658149e+00
1.923170731707317030e-05,8.056557078929114102e-01
1.924390243902438920e-05,5.315975409179469757e-01
1.925609756097560810e-05,3.089804873086130499e-01
1.926829268292683039e-05,1.436222948730154769e-01
1.928048780487804929e-05,3.984434081929677518e-02
1.929268292682926819e-05,3.586993346407219008e-04
1.930487804878048709e-05,2.619726577690384417e-02
1.931707317073170599e-05,1.166847897065910189e-01
1.932926829268292828e-05,2.694565214989292912e-01
1.934146341463414718e-05,4.805200113690797359e-01
1.935365853658536608e-05,7.443594457902589223e-01
1.936585365853658498e-05,1.054079794636181511e+00
1.937804878048780387e-05,1.401587001986760672e+00
1.939024390243902277e-05,1.777799511595197890e+00
1.940243902439024506e-05,2.172885599127639455e+00
1.941463414634146396e-05,2.576520308869235887e+00
1.942682926829268286e-05,2.978155280262024807e+00
1.943902439024390176e-05,3.367294412775637458e+00
1.945121951219512066e-05,3.733768165044788478e+00
1.946341463414634295e-05,4.067999319895964305e+00
1.947560975609756185e-05,4.361253269907818364e+00
1.948780487804878075e-05,4.605866282687603785e+00
1.949999999999999965e-05,4.795445780506751632e+00
1.951219512195121855e-05,4.925037400300752211e+00
1.952439024390243745e-05,4.991254468183811355e+00
1.953658536585365973e-05,4.992366504862916443e+00
1.954878048780487863e-05,4.928344449002253214e+00
1.956097560975609753e-05,4.800861416695679118e+00
1.957317073170731643e-05,4.613248977199605250e+00
1.958536585365853533e-05,4.370410087592066617e+00
1.959756097560975762e-05,4.078690961672947424e+00
1.960975609756097652e-05,3.745715221612727408e+00
1.962195121951219542e-05,3.380184666534689963e+00
1.963414634146341432e-05,2.991651864631948765e+00
1.964634146341463322e-05,2.590270511769522610e+00
1.965853658536585212e-05,2.186530080554962119e+00
1.967073170731707441e-05,1.790981694411238223e+00
1.968292682926829331e-05,1.413962390502886857e+00
1.969512195121951221e-05,1.065324977468372847e+00
1.970731707317073110e-05,7.541805477087726306e-01
1.971951219512195000e-05,4.886603732670176115e-01
1.973170731707317229e-05,2.757034077757545276e-01
1.974390243902439119e-05,1.208749477796500216e-01
1.975609756097561009e-05,2.822119243182008574e-02
1.976829268292682899e-05,1.635024202077950406e-04
1.978048780487804789e-05,3.743512150095984481e-02
1.979268292682926679e-05,1.390620143219263305e-01
1.980487804878048908e-05,3.023883213100386769e-01
1.981707317073170798e-05,5.231457653989002310e-01
1.982926829268292688e-05,7.955651967609509434e-01
1.984146341463414578e-05,1.112527360496152751e+00
1.985365853658536468e-05,1.465748947202044850e+00
1.986585365853658696e-05,1.845999064283191160e+00
1.987804878048780586e-05,2.243340470861407532e+00
1.989024390243902476e-05,2.647389271993957127e+00
1.990243902439024366e-05,3.047586285493209424e+00
1.991463414634146256e-05,3.433472989604347436e+00
1.992682926829268146e-05,3.794964840081676893e+00
1.993902439024390375e-05,4.122614813946925416e+00
1.995121951219512265e-05,4.407860292629756316e+00
1.996341463414634155e-05,4.643246832584912553e+00
1.997560975609756045e-05,4.822622975490938657e+00
1.998780487804877935e-05,4.941301006973386478e+00
2.000000000000000164e-05,4.996179462673026705e+00
2.001219512195122054e-05,4.985824180156204655e+00
2.002439024390243944e-05,4.910505778502644247e+00
2.003658536585365833e-05,4.772192586099655465e+00
2.004878048780487723e-05,4.574499201464793607e+00
2.006097560975609613e-05,4.322592031378057698e+00
2.007317073170731842e-05,4.023054274937976516e+00
2.008536585365853732e-05,3.683713881970295922e+00
2.009756097560975622e-05,3.313438981826910990e+00
2.010975609756097512e-05,2.921906128724336416e+00
2.012195121951219402e-05,2.519347420163586371e+00
2.013414634146341631e-05,2.116283097098075050e+00
2.014634146341463521e-05,1.723246613924739101e+00
2.015853658536585411e-05,1.350509363159827725e+00
2.017073170731707301e-05,1.007812248693951362e+00
2.018292682926829191e-05,7.041111225351404102e-01
2.019512195121951081e-05,4.473427376515228815e-01
2.020731707317073309e-05,2.442173333718473671e-01
2.021951219512195199e-05,1.000432737965861740e-01
2.023170731707317089e-05,1.858832202143068102e-02
2.024390243902438979e-05,1.981175553964042990e-03
2.025609756097560869e-05,5.065583614019519842e-02
2.026829268292682759e-05,1.633402678091457894e-01
2.028048780487804988e-05,3.370896395395335254e-01
2.029268292682926878e-05,5.673632838031257286e-01
2.030487804878048768e-05,8.481433597944301184e-01
2.031707317073170658e-05,1.172092120269181637e+00
2.032926829268292548e-05,1.530743672068648698e+00
2.034146341463414777e-05,1.914725218969189235e+00
2.035365853658536667e-05,2.314002005022611996e+00
2.036585365853658557e-05,2.718139557176758814e+00
2.037804878048780446e-05,3.116576373874719419e+00
2.039024390243902336e-05,3.498899933347029645e+00
2.040243902439024226e-05,3.855118808548399834e+00
2.041463414634146455e-05,4.175923777445918361e+00
2.042682926829268345e-05,4.452931104946469709e+00
2.043902439024390235e-05,4.678901638674757280e+00
2.045121951219512125e-05,4.847929992875459781e+00
2.046341463414634015e-05,4.955598876414709864e+00
2.047560975609756244e-05,4.999094531761025806e+00
2.048780487804878134e-05,4.977280268128827068e+00
2.050000000000000024e-05,4.890726167110568845e+00
2.051219512195121914e-05,4.741694184487862174e+00
2.052439024390243804e-05,4.534079037561848935e+00
2.053658536585365694e-05,4.273306422820789763e+00
2.054878048780487922e-05,3.966191223864985460e+00
2.056097560975609812e-05,3.620759415104837675e+00
2.057317073170731702e-05,3.246038315497814519e+00
2.058536585365853592e-05,2.851820673714903887e+00
2.059756097560975482e-05,2.448408750001632939e+00
2.060975609756097711e-05,2.046345082752682565e+00
2.062195121951219601e-05,1.656136975793038868e+00
2.063414634146341491e-05,1.287981906459286785e+00
2.064634146341463381e-05,9.515010305119524503e-01
2.065853658536585271e-05,6.554877483070722377e-01
2.067073170731707161e-05,4.076779030599295695e-01
2.068292682926829390e-05,2.145476167055093697e-01
2.069512195121951280e-05,8.114404660182472639e-02
2.070731707317073169e-05,1.095348598197443124e-02
2.071951219512195059e-05,5.810255144263365423e-03
2.073170731707316949e-05,6.584876436613873452e-02
2.074390243902439178e-05,1.895000013021257423e-01
2.075609756097561068e-05,3.735325346625115728e-01
2.076829268292682958e-05,6.131369626056846212e-01
2.078048780487804848e-05,9.020515989181605576e-01
2.079268292682926738e-05,1.232726112370307048e+00
2.080487804878048628e-05,1.596518842789640846e+00
2.081707317073170857e-05,1.983922637306964498e+00
2.082926829268292747e-05,2.384813304896026498e+00
2.084146341463414637e-05,2.788714196239606036e+00
2.085365853658536527e-05,3.185069994540739469e+00
2.086585365853658417e-05,3.563522562183818465e+00
2.087804878048780645e-05,3.914181634428874457e+00
2.089024390243902535e-05,4.227883285979485706e+00
2.090243902439024425e-05,4.496429415809046759e+00
2.091463414634146315e-05,4.712801991683097214e+00
2.092682926829268205e-05,4.871346455432751910e+00
2.093902439024390095e-05,4.967919495970468446e+00
2.095121951219512324e-05,4.999997328232218763e+00
2.096341463414634214e-05,4.966741648344536131e+00
2.097560975609756104e-05,4.869021541382652529e+00
2.098780487804877994e-05,4.709390769193901427e+00
2.099999999999999884e-05,4.492021031834402045e+00
2.101219512195122113e-05,4.222592946725598040e+00
2.102439024390244003e-05,3.908147594621149690e+00
2.103658536585365892e-05,3.556902511996145932e+00
2.104878048780487782e-05,3.178036938609639428e+00
2.106097560975609672e-05,2.781451932459553689e+00
2.107317073170731562e-05,2.377511621149411614e+00
2.108536585365853791e-05,1.976772351655224247e+00
2.109756097560975681e-05,1.589706816742275430e+00
2.110975609756097571e-05,1.226430367552180156e+00
2.112195121951219461e-05,8.964366647533323906e-01
2.113414634146341351e-05,6.083495765987638748e-01
2.114634146341463580e-05,3.696978076438703908e-01
2.115853658536585470e-05,1.867181478526620531e-01
2.117073170731707360e-05,6.419248386603415568e-02
2.118292682926829250e-05,5.322831888602053141e-03
2.119512195121951140e-05,1.164765801362932507e-02
2.120731707317073030e-05,8.300167282267212343e-02
2.121951219512195258e-05,2.175201509655599885e-01
2.123170731707317148e-05,4.116876628348862255e-01
2.124390243902439038e-05,6.604299448093573499e-01
2.125609756097560928e-05,9.572465071814444393e-01
2.126829268292682818e-05,1.294380514267604143e+00
2.128048780487805047e-05,1.663021497153081452e+00
2.129268292682926937e-05,2.053535601488345019e+00
2.130487804878048827e-05,2.455717353174544204e+00
2.131707317073170717e-05,2.859056362435405063e+00
2.132926829268292607e-05,3.253011996381047766e+00
2.134146341463414497e-05,3.627288841930151442e+00
2.135365853658536726e-05,3.972105760295405741e+00
2.136585365853658616e-05,4.278451501715808902e+00
2.137804878048780505e-05,4.538320200348086253e+00
2.139024390243902395e-05,4.744920595022697363e+00
2.140243902439024285e-05,4.892853508211140401e+00
2.141463414634146175e-05,4.978252945069463919e+00
2.142682926829268404e-05,4.998887125154270805e+00
2.143902439024390294e-05,4.954216806507190540e+00
2.145121951219512184e-05,4.845409377898207914e+00
2.146341463414634074e-05,4.675308350949867631e+00
2.147560975609755964e-05,4.448359049417192068e+00
2.148780487804878193e-05,4.170492437618025683e+00
2.150000000000000083e-05,3.848970123976447333e+00
2.151219512195121973e-05,3.492194590265912169e+00
2.152439024390243863e-05,3.109489605917172383e+00
2.153658536585365753e-05,2.710856565916890393e+00
2.154878048780487643e-05,2.306713120023013097e+00
2.156097560975609871e-05,1.907620923815963376e+00
2.157317073170731761e-05,1.524009626381966909e+00
2.158536585365853651e-05,1.165904307779255245e+00
2.159756097560975541e-05,8.426634892830735524e-01
2.160975609756097431e-05,5.627345630980391533e-01
2.162195121951219660e-05,3.334330330020902622e-01
2.163414634146341550e-05,1.607513351206666385e-01
2.164634146341463440e-05,4.920223499901865694e-02
2.165853658536585330e-05,1.700893547814441575e-03
2.167073170731707220e-05,1.948868388127733553e-02
2.168292682926829110e-05,1.021007499762798254e-01
2.169512195121951339e-05,2.473781549559923576e-01
2.170731707317073228e-05,4.515243015215721911e-01
2.171951219512195118e-05,7.092041500728050174e-01
2.173170731707317008e-05,1.013683641606384578e+00
2.174390243902438898e-05,1.357005681794976271e+00
2.175609756097561127e-05,1.730198087176312072e+00
2.176829268292683017e-05,2.123508059106943513e+00
2.178048780487804907e-05,2.526657057870548062e+00
2.179268292682926797e-05,2.929109416203806937e+00
2.180487804878048687e-05,3.320347672449687870e+00
2.181707317073170577e-05,3.690147427934329372e+00
2.182926829268292806e-05,4.028844545602335181e+00
2.184146341463414696e-05,4.327587707093284664e+00
2.185365853658536586e-05,4.578569728075462031e+00
2.186585365853658476e-05,4.775231586772171077e+00
2.187804878048780366e-05,4.912433833717187781e+00
2.189024390243902594e-05,4.986590903211427062e+00
2.190243902439024484e-05,4.995764816463459823e+00
2.191463414634146374e-05,4.939715827627909839e+00
2.192682926829268264e-05,4.819908689187426987e+00
2.193902439024390154e-05,4.639474372942050451e+00
2.195121951219512044e-05,4.403128246968066151e+00
2.196341463414634273e-05,4.117046846863553711e+00
2.197560975609756163e-05,3.788706461670379166e+00
2.198780487804878053e-05,3.426687752776594209e+00
2.199999999999999943e-05,3.040451511779595162e+00
2.201219512195121833e-05,2.640091417523788397e+00
2.202439024390244062e-05,2.236070253623842152e+00
2.203658536585365951e-05,1.838946480011908191e+00
2.204878048780487841e-05,1.459098304134214485e+00
2.206097560975609731e-05,1.106452462765252331e+00
2.207317073170731621e-05,7.902248022985296494e-01
2.208536585365853511e-05,5.186794370447076474e-01
2.209756097560975740e-05,2.989127795558634837e-01
2.210975609756097630e-05,1.366680870047392027e-01
2.212195121951219520e-05,3.618537015933842582e-02
2.213414634146341410e-05,9.058734684108671331e-05
2.214634146341463300e-05,2.932701914787649855e-02
2.215853658536585529e-05,1.231306172370141283e-01
2.217073170731707419e-05,2.790499715881820109e-01
2.218292682926829309e-05,4.930103742340867790e-01
2.219512195121951199e-05,7.594203053725789854e-01
2.220731707317073089e-05,1.071317558974064221e+00
2.221951219512194979e-05,1.420551189124682701e+00
2.223170731707317207e-05,1.797994522223217206e+00
2.224390243902439097e-05,2.193783668292572209e+00
2.225609756097560987e-05,2.597575298285280887e+00
2.226829268292682877e-05,2.998816950778410373e+00
2.228048780487804767e-05,3.387022804014620636e+00
2.229268292682926996e-05,3.752047706420018169e+00
2.230487804878048886e-05,4.084352304241257947e+00
2.231707317073170776e-05,4.375252337606016617e+00
2.232926829268292666e-05,4.617145590043909564e+00
2.234146341463414556e-05,4.803710560500467075e+00
2.235365853658536446e-05,4.930071665859397712e+00
2.236585365853658675e-05,4.992926656666778484e+00
2.237804878048780564e-05,4.990632916244853945e+00
2.239024390243902454e-05,4.923250387904806402e+00
2.240243902439024344e-05,4.792540008422160547e+00
2.241463414634146234e-05,4.601917688713838217e+00
2.242682926829268124e-05,4.356365044360103411e+00
2.243902439024390353e-05,4.062299208888106250e+00
2.245121951219512243e-05,3.727405132044699254e+00
2.246341463414634133e-05,3.360434745678558155e+00
2.247560975609756023e-05,2.970978245716989985e+00
2.248780487804877913e-05,2.569213467426151087e+00
2.250000000000000142e-05,2.165639903636114472e+00
2.251219512195122032e-05,1.770804316951646307e+00
2.252439024390243922e-05,1.395025116640103091e+00
2.253658536585365812e-05,1.048122703176092019e+00
2.254878048780487702e-05,7.391628274660264619e-01
2.256097560975609592e-05,4.762196716564091048e-01
2.257317073170731820e-05,2.661648430366709839e-01
2.258536585365853710e-05,1.144877953526011183e-01
2.259756097560975600e-05,2.515237053546837132e-02
2.260975609756097490e-05,4.932099053238658826e-04
2.262195121951219380e-05,4.115474197913959742e-02
2.263414634146341609e-05,1.460743413414049563e-01
2.264634146341463499e-05,3.125100986939601810e-01
2.265853658536585389e-05,5.361124763582980624e-01
2.267073170731707279e-05,8.110379766263724477e-01
2.268292682926829169e-05,1.130101852415136054e+00
2.269512195121951059e-05,1.484965869371124292e+00
2.270731707317073287e-05,1.866356212558317518e+00
2.271951219512195177e-05,2.264305843076632740e+00
2.273170731707317067e-05,2.668414971003465919e+00
2.274390243902438957e-05,3.068122837605101072e+00
2.275609756097560847e-05,3.452983704214292793e+00
2.276829268292683076e-05,3.812939835240755748e+00
2.278048780487804966e-05,4.138584341327270266e+00
2.279268292682926856e-05,4.421407013660905605e+00
2.280487804878048746e-05,4.654016724943289773e+00
2.281707317073170636e-05,4.830334584918453800e+00
2.282926829268292526e-05,4.945752802643374579e+00
2.284146341463414755e-05,4.997255103882553229e+00
2.285365853658536645e-05,4.983495556708019691e+00
2.286585365853658535e-05,4.904833745321120375e+00
2.287804878048780425e-05,4.763325372882714959e+00
2.289024390243902315e-05,4.562668538933067452e+00
2.290243902439024543e-05,4.308107095355664384e+00
2.291463414634146433e-05,4.006293606526904583e+00
2.292682926829268323e-05,3.665115494971963983e+00
2.293902439024390213e-05,3.293488915937917483e+00
2.295121951219512103e-05,2.901125747650723063e+00
2.296341463414633993e-05,2.498279786597464636e+00
2.297560975609756222e-05,2.095478780625263049e+00
2.298780487804878112e-05,1.703249302751495220e+00
2.300000000000000002e-05,1.331841655673653202e+00
2.301219512195121892e-05,9.909619961737572424e-01
2.302439024390243782e-05,6.895186799226356023e-01
2.303658536585366010e-05,4.353894555649455711e-01
2.304878048780487900e-05,2.352155921052125898e-01
2.306097560975609790e-05,9.422831975026602080e-02
2.307317073170731680e-05,1.611211990616556733e-02
2.308536585365853570e-05,2.908437031303279241e-03
2.309756097560975460e-05,5.496232868461525811e-02
2.310975609756097689e-05,1.709134479872895795e-01
2.312195121951219579e-05,3.477315941560892298e-01
2.313414634146341469e-05,5.807959020523403293e-01
2.314634146341463359e-05,8.640156012502897553e-01
2.315853658536585249e-05,1.189989188776302331e+00
2.317073170731707478e-05,1.550197855790084178e+00
2.318292682926829368e-05,1.935228113302195130e+00
2.319512195121951258e-05,2.335017798956162238e+00
2.320731707317073148e-05,2.739119035872588093e+00
2.321951219512195038e-05,3.136971271536387551e+00
2.323170731707316927e-05,3.518177261287261715e+00
2.324390243902439156e-05,3.872774784013242932e+00
2.325609756097561046e-05,4.191496989187005973e+00
2.326829268292682936e-05,4.466014571481581541e+00
2.328048780487804826e-05,4.689153444110552904e+00
2.329268292682926716e-05,4.855082222343621190e+00
2.330487804878048945e-05,4.959464617607165948e+00
2.331707317073170835e-05,4.999572759590090953e+00
2.332926829268292725e-05,4.974358484859703111e+00
2.334146341463414615e-05,4.884480728969940344e+00
2.335365853658536505e-05,4.732288306213614959e+00
2.336585365853658395e-05,4.521758527041680686e+00
2.337804878048780623e-05,4.258393257288202172e+00
2.339024390243902513e-05,3.949075135529291014e+00
2.340243902439024403e-05,3.601887706110062481e+00
2.341463414634146293e-05,3.225904168382582871e+00
2.342682926829268183e-05,2.830950262859610156e+00
2.343902439024390412e-05,2.427347490885495507e+00
2.345121951219512302e-05,2.025643378375540316e+00
2.346341463414634192e-05,1.636335832754701514e+00
2.347560975609756082e-05,1.269598796600488022e+00
2.348780487804877972e-05,9.350163675986344902e-01
2.349999999999999862e-05,6.413323331695264251e-01
2.351219512195122091e-05,3.962216652881718204e-01
2.352439024390243981e-05,2.060899471195130062e-01
2.353658536585365871e-05,7.590597314118774364e-02
2.354878048780487761e-05,9.071897487422209139e-03
2.356097560975609651e-05,7.334323982254087326e-03
2.357317073170731540e-05,7.073866138612983079e-02
2.358536585365853769e-05,1.976279367090021388e-01
2.359756097560975659e-05,3.846860976025308076e-01
2.360975609756097549e-05,6.270246721915460064e-01
2.362195121951219439e-05,9.183105216247375857e-01
2.363414634146341329e-05,1.250931346733830329e+00
2.364634146341463558e-05,1.616194623541600262e+00
2.365853658536585448e-05,2.004554768753250560e+00
2.367073170731707338e-05,2.405862598616331560e+00
2.368292682926829228e-05,2.809630561931240056e+00
2.369512195121951118e-05,3.205306815766578943e+00
2.370731707317073008e-05,3.582550981336768636e+00
2.371951219512195236e-05,3.931504373595789303e+00
2.373170731707317126e-05,4.243047642520528129e+00
2.374390243902439016e-05,4.509039093031967482e+00
2.375609756097560906e-05,4.722527455435602484e+00
2.376829268292682796e-05,4.877933545961523620e+00
2.378048780487805025e-05,4.971196069987924737e+00
2.379268292682926915e-05,4.999877757611451479e+00
2.380487804878048805e-05,4.963229057876347383e+00
2.381707317073170695e-05,4.862207727113960765e+00
2.382926829268292585e-05,4.699453799481929650e+00
2.384146341463414475e-05,4.479220593809243312e+00
2.385365853658536704e-05,4.207263559774048645e+00
2.386585365853658594e-05,3.890689868246801186e+00
2.387804878048780484e-05,3.537772676517846548e+00
2.389024390243902374e-05,3.157734922297121827e+00
2.390243902439024263e-05,2.760508296691596364e+00
2.391463414634146492e-05,2.356473695023566961e+00
2.392682926829268382e-05,1.956189928400196454e+00
2.393902439024390272e-05,1.570117785732688009e+00
2.395121951219512162e-05,1.208346657413318370e+00
2.396341463414634052e-05,8.803308649086818427e-01
2.397560975609755942e-05,5.946425868860736319e-01
2.398780487804878171e-05,3.587478387575337990e-01
2.400000000000000061e-05,1.788113600686087601e-01
2.401219512195121951e-05,5.953550869139245805e-02
2.402439024390243841e-05,4.037372071098221937e-03
2.403658536585365731e-05,1.376730703100692565e-02
2.404878048780487959e-05,8.847103696983626975e-02
2.406097560975609849e-05,2.261962969821014191e-01
2.407317073170731739e-05,4.233438532420530365e-01
2.408536585365853629e-05,6.747615633385701805e-01
2.409756097560975519e-05,9.738790194431168334e-01
2.410975609756097409e-05,1.312879255620437169e+00
2.412195121951219638e-05,1.682903031983254749e+00
2.413414634146341528e-05,2.074280357041636602e+00
2.414634146341463418e-05,2.476783197775983325e+00
2.415853658536585308e-05,2.879892773250821048e+00
2.417073170731707198e-05,3.273074446469115273e+00
2.418292682926829427e-05,3.646053030599901490e+00
2.419512195121951317e-05,3.989081314883037965e+00
2.420731707317073207e-05,4.293194792706807483e+00
2.421951219512195097e-05,4.550445934938140091e+00
2.423170731707316987e-05,4.754111886141881627e+00
2.424390243902438876e-05,4.898870155870751475e+00
2.425609756097561105e-05,4.980937713612274109e+00
2.426829268292682995e-05,4.998169852362013721e+00
2.428048780487804885e-05,4.950116237180174572e+00
2.429268292682926775e-05,4.838032673989334675e+00
2.430487804878048665e-05,4.664848291054942919e+00
2.431707317073170894e-05,4.435088990808357501e+00
2.432926829268292784e-05,4.154759172480213536e+00
2.434146341463414674e-05,3.831184816536596482e+00
2.435365853658536564e-05,3.472822031660627751e+00
2.436585365853658454e-05,3.089036067604711722e+00
2.437804878048780344e-05,2.689856569066034986e+00
2.439024390243902572e-05,2.285715466640028559e+00
2.440243902439024462e-05,1.887174354664255205e+00
2.441463414634146352e-05,1.504648480502221997e+00
2.442682926829268242e-05,1.148134558376034953e+00
2.443902439024390132e-05,8.269495209080799381e-01
2.445121951219512361e-05,5.494870356875547479e-01
2.446341463414634251e-05,3.229981499234919617e-01
2.447560975609756141e-05,1.534017956894566659e-01
2.448780487804878031e-05,4.513010790995064525e-02
2.449999999999999921e-05,1.012597460479103262e-03
2.451219512195121811e-05,2.220220633521030607e-02
2.452439024390244040e-05,1.081451773148116580e-01
2.453658536585365930e-05,2.565955255435254934e-01
2.454878048780487820e-05,4.636737338233669625e-01
2.456097560975609710e-05,7.239681377163820208e-01
2.457317073170731599e-05,1.030676350912965722e+00
2.458536585365853489e-05,1.375783034937872573e+00
2.459756097560975718e-05,1.750269367459463821e+00
2.460975609756097608e-05,2.144348735075959134e+00
2.462195121951219498e-05,2.547722491120577804e+00
2.463414634146341388e-05,2.949849094651125103e+00
2.464634146341463278e-05,3.340219597101389493e+00
2.465853658536585507e-05,3.708632277183146364e+00
2.467073170731707397e-05,4.045459246882812110e+00
2.468292682926829287e-05,4.341898061226205030e+00
2.469512195121951177e-05,4.590201756382907838e+00
2.470731707317073067e-05,4.783881304424174807e+00
2.471951219512194957e-05,4.917875193898810338e+00
2.473170731707317185e-05,4.988681704502155867e+00
2.474390243902439075e-05,4.994450419048253487e+00
2.475609756097560965e-05,4.935030581223275092e+00
2.476829268292682855e-05,4.811975035365379405e+00
2.478048780487804745e-05,4.628499645311515920e+00
2.479268292682926974e-05,4.389399252835859855e+00
2.480487804878048864e-05,4.100922371975270764e+00
2.481707317073170754e-05,3.770607893906673169e+00
2.482926829268292644e-05,3.407088069841690547e+00
2.484146341463414534e-05,3.019862920670153716e+00
2.485365853658536424e-05,2.619051968801783481e+00
2.486585365853658653e-05,2.215129780308362051e+00
2.487804878048780543e-05,1.818652228554907824e+00
2.489024390243902433e-05,1.439980632992143406e+00
2.490243902439024322e-05,1.089010982311979348e+00
2.491463414634146212e-05,7.749153182912160709e-01
2.492682926829268441e-05,5.059020388546040525e-01
2.493902439024390331e-05,2.890013844599557125e-01
2.495121951219512221e-05,1.298817137805219346e-01
2.496341463414634111e-05,3.270137003534712150e-02
2.497560975609756001e-05,9.206150952678626709e-09
2.498780487804877891e-05,3.263223010824090053e-02
2.500000000000000120e-05,1.297452407899473137e-01
2.501219512195122010e-05,2.888011449136396180e-01
2.502439024390243900e-05,5.056432656993572472e-01
2.503658536585365790e-05,7.746047741576267409e-01
2.504878048780487680e-05,1.088656782784461985e+00
2.506097560975609908e-05,1.439592034520502217e+00
2.507317073170731798e-05,1.818239386550811076e+00
2.508536585365853688e-05,2.214703483750705360e+00
2.509756097560975578e-05,2.618623358283004077e+00
2.510975609756097468e-05,3.019443197254298106e+00
2.512195121951219358e-05,3.406688202342710969e+00
2.513414634146341587e-05,3.770238332234839618e+00
2.514634146341463477e-05,4.100592774045694888e+00
2.515853658536585367e-05,4.389118232173975898e+00
2.517073170731707257e-05,4.628274545951644114e+00
2.518292682926829147e-05,4.811811739926698195e+00
2.519512195121951376e-05,4.934933357176220170e+00
2.520731707317073266e-05,4.994421807190806639e+00
2.521951219512195156e-05,4.988722452560402587e+00
2.523170731707317046e-05,4.917984236986146840e+00
2.524390243902438935e-05,4.784055792870391066e+00
2.525609756097560825e-05,4.590437130205845762e+00
2.526829268292683054e-05,4.342188169299939560e+00
2.528048780487804944e-05,4.045796507687498433e+00
2.529268292682926834e-05,3.709007876936211368e+00
2.530487804878048724e-05,3.340623720092065430e+00
2.531707317073170614e-05,2.950271179758132689e+00
2.532926829268292843e-05,2.548151507811275529e+00
2.534146341463414733e-05,2.144773471671495457e+00
2.535365853658536623e-05,1.750678724134430819e+00
2.536585365853658513e-05,1.376166313797512863e+00
2.537804878048780403e-05,1.031023535564690397e+00
2.539024390243902293e-05,7.242701550333299210e-01
2.540243902439024521e-05,4.639226910563993833e-01
2.541463414634146411e-05,2.567849165855262683e-01
2.542682926829268301e-05,1.082700527277138391e-01
2.543902439024390191e-05,2.225930269582221399e-02
2.545121951219512081e-05,1.000422644860776700e-03
2.546341463414634310e-05,4.504898008784730123e-02
2.547560975609756200e-05,1.532538350093544111e-01
2.548780487804878090e-05,3.227872231059492059e-01
2.549999999999999980e-05,5.492186549742430479e-01
2.551219512195121870e-05,8.266307000082970813e-01
2.552439024390243760e-05,1.147773629174545507e+00
2.553658536585365989e-05,1.504254875317948770e+00
2.554878048780487879e-05,1.886758359751826930e+00
2.556097560975609769e-05,2.285287953374529391e+00
2.557317073170731658e-05,2.689428709836513498e+00
2.558536585365853548e-05,3.088619043841865697e+00
2.559756097560975777e-05,3.472426741626792879e+00
2.560975609756097667e-05,3.830821590517303754e+00
2.562195121951219557e-05,4.154437502818332462e+00
2.563414634146341447e-05,4.434817283836165913e+00
2.564634146341463337e-05,4.664633647408373385e+00
2.565853658536585227e-05,4.837880703043838437e+00
2.567073170731707456e-05,4.950030910458169231e+00
2.568292682926829346e-05,4.998153399743655356e+00
2.569512195121951236e-05,4.980990565060958275e+00
2.570731707317073126e-05,4.898990930196735150e+00
2.571951219512195016e-05,4.754297427097355921e+00
2.573170731707316906e-05,4.550691393701137955e+00
2.574390243902439134e-05,4.293493754597082379e+00
2.575609756097561024e-05,3.989425967000204576e+00
2.576829268292682914e-05,3.646434366001021665e+00
2.578048780487804804e-05,3.273482499551112923e+00
2.579268292682926694e-05,2.880316880186044592e+00
2.580487804878048923e-05,2.477212275194068170e+00
2.581707317073170813e-05,2.074703191676716685e+00
2.582926829268292703e-05,1.683308573715089906e+00
2.584146341463414593e-05,1.313256906251420109e+00
2.585365853658536483e-05,9.742189096656186376e-01
2.586585365853658373e-05,6.750548106545273264e-01
2.587804878048780602e-05,4.235827940922525237e-01
2.589024390243902492e-05,2.263746870219902618e-01
2.590243902439024381e-05,8.858421425529794391e-02
2.591463414634146271e-05,1.381231385105774478e-02
2.592682926829268161e-05,4.013032243023406664e-03
2.593902439024390390e-05,5.944245829846961371e-02
2.595121951219512280e-05,1.786520308370711518e-01
2.596341463414634170e-05,3.585263945070411573e-01
2.597560975609756060e-05,5.943648147150237815e-01
2.598780487804877950e-05,8.800040239576190082e-01
2.599999999999999840e-05,1.207979289158056080e+00
2.601219512195122069e-05,1.569719490767073733e+00
2.602439024390243959e-05,1.955771115538822880e+00
2.603658536585365849e-05,2.356045309284197309e+00
2.604878048780487739e-05,2.760081533264158615e+00
2.606097560975609629e-05,3.157320933974826715e+00
2.607317073170731857e-05,3.537382282236960496e+00
2.608536585365853747e-05,3.890333270350005090e+00
2.609756097560975637e-05,4.206950077388278864e+00
2.610975609756097527e-05,4.478958419305389960e+00
2.612195121951219417e-05,4.699249784379938788e+00
2.613414634146341307e-05,4.862067203028655804e+00
2.614634146341463536e-05,4.963155697184558512e+00
2.615853658536585426e-05,4.999873477479839678e+00
2.617073170731707316e-05,4.971260982271022755e+00
2.618292682926829206e-05,4.878065954278543614e+00
2.619512195121951096e-05,4.722723899502755174e+00
2.620731707317073325e-05,4.509294439091299900e+00
2.621951219512195215e-05,4.243355217503024690e+00
2.623170731707317105e-05,3.931856139511318737e+00
2.624390243902438994e-05,3.582937745334419333e+00
2.625609756097560884e-05,3.205718470375549245e+00
2.626829268292682774e-05,2.810056349203347015e+00
2.628048780487805003e-05,2.406291391268232438e+00
2.629268292682926893e-05,2.004975360961418485e+00
2.630487804878048783e-05,1.616596023787689518e+00
2.631707317073170673e-05,1.251303065051488250e+00
2.632926829268292563e-05,9.186428437384033252e-01
2.634146341463414792e-05,6.273089133833806841e-01
2.635365853658536682e-05,3.849148296745616982e-01
2.636585365853658572e-05,1.977951821069985350e-01
2.637804878048780462e-05,7.084004941372423758e-02
2.639024390243902352e-05,7.367205022251965829e-03
2.640243902439024242e-05,9.035412245341323256e-03
2.641463414634146470e-05,7.580107510171973928e-02
2.642682926829268360e-05,2.059193776284407029e-01
2.643902439024390250e-05,3.959898819118610191e-01
2.645121951219512140e-05,6.410453932032635915e-01
2.646341463414634030e-05,9.346817697686313764e-01
2.647560975609756259e-05,1.269225285096865052e+00
2.648780487804878149e-05,1.635933168715123731e+00
2.650000000000000039e-05,2.025222084793622201e+00
2.651219512195121929e-05,2.426918577608887073e+00
2.652439024390243819e-05,2.830524938864175777e+00
2.653658536585365709e-05,3.225493548844655223e+00
2.654878048780487938e-05,3.601502521927993250e+00
2.656097560975609828e-05,3.948725452887625220e+00
2.657317073170731717e-05,4.258088214594881293e+00
2.658536585365853607e-05,4.521506096109427553e+00
2.659756097560975497e-05,4.732095083929168666e+00
2.660975609756097726e-05,4.884351764895010106e+00
2.662195121951219616e-05,4.974297149268208429e+00
2.663414634146341506e-05,4.999580655391591577e+00
2.664634146341463396e-05,4.959541538457236776e+00
2.665853658536585286e-05,4.855226158036495931e+00
2.667073170731707176e-05,4.689360633112425347e+00
2.668292682926829405e-05,4.466279599232420239e+00
2.669512195121951295e-05,4.191812929602139803e+00
2.670731707317073185e-05,3.873133380484979682e+00
2.671951219512195075e-05,3.518569142458809029e+00
2.673170731707316965e-05,3.137386196207624600e+00
2.674390243902439193e-05,2.739546160637094552e+00
2.675609756097561083e-05,2.335445961578028307e+00
2.676829268292682973e-05,1.935646124422178982e+00
2.678048780487804863e-05,1.550594791342676526e+00
2.679268292682926753e-05,1.190354675473038970e+00
2.680487804878048643e-05,8.643400876689075751e-01
2.681707317073170872e-05,5.810709082489484700e-01
2.682926829268292762e-05,3.479499332747320040e-01
2.684146341463414652e-05,1.710694140772335281e-01
2.685365853658536542e-05,5.505184581666222599e-02
2.686585365853658432e-05,2.929165815397372086e-03
2.687804878048780322e-05,1.606351862803601094e-02
2.689024390243902551e-05,9.411165852815583932e-02
2.690243902439024440e-05,2.350339196973285638e-01
2.691463414634146330e-05,4.351475196949485813e-01
2.692682926829268220e-05,6.892228032052252207e-01
2.693902439024390110e-05,9.906199108834357059e-01
2.695121951219512339e-05,1.331462301673264736e+00
2.696341463414634229e-05,1.702842593863312048e+00
2.697560975609756119e-05,2.095055345548819670e+00
2.698780487804878009e-05,2.497850691144452462e+00
2.699999999999999899e-05,2.900702205558603808e+00
2.701219512195121789e-05,3.293081995815623664e+00
2.702439024390244018e-05,3.664735831039021452e+00
2.703658536585365908e-05,4.005951120705187662e+00
2.704878048780487798e-05,4.307810737975374948e+00
2.706097560975609688e-05,4.562426054829805899e+00
2.707317073170731578e-05,4.763143098998654068e+00
2.708536585365853806e-05,4.904716445098477706e+00
2.709756097560975696e-05,4.983446295604280429e+00
2.710975609756097586e-05,4.997275169259454586e+00
2.712195121951219476e-05,4.945841670123780176e+00
2.713414634146341366e-05,4.830489932090023864e+00
2.714634146341463256e-05,4.654234492051084082e+00
2.715853658536585485e-05,4.421681509702901636e+00
2.717073170731707375e-05,4.138908392779604206e+00
2.718292682926829265e-05,3.813304973526577157e+00
2.719512195121951155e-05,3.453380387016881770e+00
2.720731707317073045e-05,3.068540698240838527e+00
2.721951219512195274e-05,2.668843089339644425e+00
2.723170731707317164e-05,2.264733030911487699e+00
2.724390243902439053e-05,1.866771306007279030e+00
2.725609756097560943e-05,1.485358020617572716e+00
2.726829268292682833e-05,1.130460813200572900e+00
2.728048780487804723e-05,8.113543660734721108e-01
2.729268292682926952e-05,5.363780261245030268e-01
2.730487804878048842e-05,3.127178690523391147e-01
2.731707317073170732e-05,1.462189025393980657e-01
2.732926829268292622e-05,4.123231613635125470e-02
2.734146341463414512e-05,5.017697426801248639e-04
2.735365853658536741e-05,2.509169235506059081e-02
2.736585365853658631e-05,1.143594648835790650e-01
2.737804878048780521e-05,2.659722139947215958e-01
2.739024390243902411e-05,4.759677780995694718e-01
2.740243902439024301e-05,7.388582522377993289e-01
2.741463414634146191e-05,1.047773405872533869e+00
2.742682926829268419e-05,1.394640225599048211e+00
2.743902439024390309e-05,1.770393890697267381e+00
2.745121951219512199e-05,2.165214668015076782e+00
2.746341463414634089e-05,2.568784535304970085e+00
2.747560975609755979e-05,2.970556826564706210e+00
2.748780487804878208e-05,3.360031852624121740e+00
2.750000000000000098e-05,3.727031294066668998e+00
2.751219512195121988e-05,4.061964195656154075e+00
2.752439024390243878e-05,4.356077610919916410e+00
2.753658536585365768e-05,4.601685346688093148e+00
2.754878048780487658e-05,4.792368829705420552e+00
2.756097560975609887e-05,4.923144845984672280e+00
2.757317073170731776e-05,4.990595769293955541e+00
2.758536585365853666e-05,4.992958875462438328e+00
2.759756097560975556e-05,4.930172408413929119e+00
2.760975609756097446e-05,4.803877194065027112e+00
2.762195121951219675e-05,4.617373759911473030e+00
2.763414634146341565e-05,4.375536080914683268e+00
2.764634146341463455e-05,4.084684205804341772e+00
2.765853658536585345e-05,3.752419092510327570e+00
2.767073170731707235e-05,3.387423969038726668e+00
2.768292682926829125e-05,2.999237410917257041e+00
2.769512195121951354e-05,2.598004065471815061e+00
2.770731707317073244e-05,2.194209537368339902e+00
2.771951219512195134e-05,1.798406363767629079e+00
2.773170731707317024e-05,1.420938240304277178e+00
2.774390243902438914e-05,1.071669704812969970e+00
2.775609756097561142e-05,7.597283430909529400e-01
2.776829268292683032e-05,4.932662537489509447e-01
2.778048780487804922e-05,2.792470058896006080e-01
2.779268292682926812e-05,1.232636571422291993e-01
2.780487804878048702e-05,2.939258786746679064e-02
2.781707317073170592e-05,8.697134507817949611e-05
2.782926829268292821e-05,3.611266393476464387e-02
2.784146341463414711e-05,1.365281906205861873e-01
2.785365853658536601e-05,2.987093489848842154e-01
2.786585365853658491e-05,5.184177886260554757e-01
2.787804878048780381e-05,7.899117738034644454e-01
2.789024390243902271e-05,1.106096234702997450e+00
2.790243902439024499e-05,1.458708185967150461e+00
2.791463414634146389e-05,1.838532666866560916e+00
2.792682926829268279e-05,2.235643559858361495e+00
2.793902439024390169e-05,2.639662994111016570e+00
2.795121951219512059e-05,3.040032554893855377e+00
2.796341463414634288e-05,3.426289211199776030e+00
2.797560975609756178e-05,3.788338750661854881e+00
2.798780487804878068e-05,4.116719575974249423e+00
2.799999999999999958e-05,4.402849968909772649e+00
2.801219512195121848e-05,4.639252360075625248e+00
2.802439024390243738e-05,4.819748743471287789e+00
2.803658536585365967e-05,4.939622128992740002e+00
2.804878048780487857e-05,4.995739813576129507e+00
2.806097560975609747e-05,4.986635249483242660e+00
2.807317073170731637e-05,4.912546370227834913e+00
2.808536585365853527e-05,4.775409372556373100e+00
2.809756097560975755e-05,4.578808116980258802e+00
2.810975609756097645e-05,4.327880469198315261e+00
2.812195121951219535e-05,4.029184030028805097e+00
2.813414634146341425e-05,3.690524762788795154e+00
2.814634146341463315e-05,3.320752996677225788e+00
2.815853658536585205e-05,2.929532137290834726e+00
2.817073170731707434e-05,2.527086128663665221e+00
2.818292682926829324e-05,2.123932266513836709e+00
2.819512195121951214e-05,1.730606345201082474e+00
2.820731707317073104e-05,1.357387321253973322e+00
2.821951219512194994e-05,1.014028688950571411e+00
2.823170731707317223e-05,7.095035880303777187e-01
2.824390243902439112e-05,4.517703047509060710e-01
2.825609756097561002e-05,2.475642945482285917e-01
2.826829268292682892e-05,1.022221614648946009e-01
2.828048780487804782e-05,1.954219436731108317e-02
2.829268292682926672e-05,1.685104618542432320e-03
2.830487804878048901e-05,4.911755927338035121e-02
2.831707317073170791e-05,1.605999854660469239e-01
2.832926829268292681e-05,3.332189647045860070e-01
2.834146341463414571e-05,5.624633704968859949e-01
2.835365853658536461e-05,8.423422595720286843e-01
2.836585365853658690e-05,1.165541435793621794e+00
2.837804878048780580e-05,1.523614595212048783e+00
2.839024390243902470e-05,1.907204056982409579e+00
2.840243902439024360e-05,2.306285311687199968e+00
2.841463414634146250e-05,2.710428996179066630e+00
2.842682926829268140e-05,3.109073448642623916e+00
2.843902439024390368e-05,3.491800721072660707e+00
2.845121951219512258e-05,3.848608836018583723e+00
2.846341463414634148e-05,4.170173172590217803e+00
2.847560975609756038e-05,4.448090150810289245e+00
2.848780487804877928e-05,4.675096846007751772e+00
2.850000000000000157e-05,4.845260793971167601e+00
2.851219512195122047e-05,4.954135026603127656e+00
2.852439024390243937e-05,4.998874286462862138e+00
2.853658536585365827e-05,4.978309383109787767e+00
2.854878048780487717e-05,4.892977748063504606e+00
2.856097560975609607e-05,4.745109389873189087e+00
2.857317073170731835e-05,4.538568616339210493e+00
2.858536585365853725e-05,4.278753046884958167e+00
2.859756097560975615e-05,3.972452554232055011e+00
2.860975609756097505e-05,3.627671821718618350e+00
2.862195121951219395e-05,3.253421153444541858e+00
2.863414634146341624e-05,2.859481004095025369e+00
2.864634146341463514e-05,2.456146382086433988e+00
2.865853658536585404e-05,2.053957805654129221e+00
2.867073170731707294e-05,1.663425842928571319e+00
2.868292682926829184e-05,1.294756434709776638e+00
2.869512195121951074e-05,9.575841781984442136e-01
2.870731707317073303e-05,6.607205418984816170e-01
2.871951219512195193e-05,4.119235916966381694e-01
2.873170731707317083e-05,2.176952459688874519e-01
2.874390243902438973e-05,8.311135813411052453e-02
2.875609756097560863e-05,1.168906717939277584e-02
2.876829268292683091e-05,5.294882745076279207e-03
2.878048780487804981e-05,6.409590682028287745e-02
2.879268292682926871e-05,1.865554667944735456e-01
2.880487804878048761e-05,3.694732739876385175e-01
2.881707317073170651e-05,6.080690581796635019e-01
2.882926829268292541e-05,8.961074924807979070e-01
2.884146341463414770e-05,1.226061143827579469e+00
2.885365853658536660e-05,1.589307190648999502e+00
2.886585365853658550e-05,1.976352766794922111e+00
2.887804878048780440e-05,2.377083042714687178e+00
2.889024390243902330e-05,2.781025560676405828e+00
2.890243902439024558e-05,3.177623916036264262e+00
2.891463414634146448e-05,3.556513632330204455e+00
2.892682926829268338e-05,3.907793020623372193e+00
2.893902439024390228e-05,4.222281944631491868e+00
2.895121951219512118e-05,4.491761729196324104e+00
2.896341463414634008e-05,4.709189942480083602e+00
2.897560975609756237e-05,4.868884438884437671e+00
2.898780487804878127e-05,4.966671853020844907e+00
2.900000000000000017e-05,4.999996664074454422e+00
2.901219512195121907e-05,4.967987980335374587e+00
2.902439024390243797e-05,4.871482298588736271e+00
2.903658536585365687e-05,4.713001643582262368e+00
2.904878048780487916e-05,4.496687658861773684e+00
2.906097560975609806e-05,4.228193371408275780e+00
2.907317073170731696e-05,3.914535458637218746e+00
2.908536585365853586e-05,3.563910878530575310e+00
2.909756097560975476e-05,3.185482654986506734e+00
2.910975609756097704e-05,2.789140416550487611e+00
2.912195121951219594e-05,2.385241946472175023e+00
2.913414634146341484e-05,1.984342498272559041e+00
2.914634146341463374e-05,1.596918950736489151e+00
2.915853658536585264e-05,1.233096011104010126e+00
2.917073170731707154e-05,9.023816217152644814e-01
2.918292682926829383e-05,6.134184848373867016e-01
2.919512195121951273e-05,3.737581991865259745e-01
2.920731707317073163e-05,1.896639107299287197e-01
2.921951219512195053e-05,6.594663518167243055e-02
2.923170731707316943e-05,5.839529647094998666e-03
2.924390243902439171e-05,1.091339912886413188e-02
2.925609756097561061e-05,8.103564599989976358e-02
2.926829268292682951e-05,2.143737352345436165e-01
2.928048780487804841e-05,4.074430848396155547e-01
2.929268292682926731e-05,6.551981299437417139e-01
2.930487804878048621e-05,9.511641807274489047e-01
2.931707317073170850e-05,1.287606628295033584e+00
2.932926829268292740e-05,1.655733076555606864e+00
2.934146341463414630e-05,2.045923117715646722e+00
2.935365853658536520e-05,2.447979746559927783e+00
2.936585365853658410e-05,2.851395843200998481e+00
2.937804878048780639e-05,3.245628760191668682e+00
2.939024390243902529e-05,3.620375838092504406e+00
2.940243902439024419e-05,3.965843649330285103e+00
2.941463414634146309e-05,4.273003934079490307e+00
2.942682926829268199e-05,4.533829539683338794e+00
2.943902439024390088e-05,4.741504197708016122e+00
2.945121951219512317e-05,4.890600656436253857e+00
2.946341463414634207e-05,4.977222513584750985e+00
2.947560975609756097e-05,4.999106042671685124e+00
2.948780487804877987e-05,4.955679351960496248e+00
2.949999999999999877e-05,4.848077329954151971e+00
2.951219512195122106e-05,4.679111986862617201e+00
2.952439024390243996e-05,4.453198967123228158e+00
2.953658536585365886e-05,4.176242153453555872e+00
2.954878048780487776e-05,3.855479378128951584e+00
2.956097560975609666e-05,3.499293273579360264e+00
2.957317073170731556e-05,3.116992205428561036e+00
2.958536585365853784e-05,2.718567012945876549e+00
2.959756097560975674e-05,2.314429914120530896e+00
2.960975609756097564e-05,1.915142398662258660e+00
2.962195121951219454e-05,1.531139220019399616e+00
2.963414634146341344e-05,1.172455699451948385e+00
2.964634146341463573e-05,8.484654686368389154e-01
2.965853658536585463e-05,5.676355044954231044e-01
2.967073170731707353e-05,3.373048580207318459e-01
2.968292682926829243e-05,1.634928596814915203e-01
2.969512195121951133e-05,5.074181365414931477e-02
2.970731707317073023e-05,1.998291821999842455e-03
2.971951219512195252e-05,1.853612973669660491e-02
2.973170731707317142e-05,9.992313692265364367e-02
2.974390243902439032e-05,2.440323914976363362e-01
2.975609756097560922e-05,4.470978239430731804e-01
2.976829268292682811e-05,7.038126374282915876e-01
2.978048780487805040e-05,1.007467992629377251e+00
2.979268292682926930e-05,1.350128332730154757e+00
2.980487804878048820e-05,1.722838766763091778e+00
2.981707317073170710e-05,2.115859091650980961e+00
2.982926829268292600e-05,2.518918337148480013e+00
2.984146341463414490e-05,2.921483181553634179e+00
2.985365853658536719e-05,3.313033223562340979e+00
2.986585365853658609e-05,3.683335916467787463e+00
2.987804878048780499e-05,4.022713979733721246e+00
2.989024390243902389e-05,4.322298299553904322e+00
2.990243902439024279e-05,4.574259709241546901e+00
2.991463414634146507e-05,4.772013592231391321e+00
2.992682926829268397e-05,4.910391960713509363e+00
2.993902439024390287e-05,4.985778512895741699e+00
2.995121951219512177e-05,4.996203139383510461e+00
2.996341463414634067e-05,4.941393408901140205e+00
2.997560975609755957e-05,4.822781687856377175e+00
2.998780487804878186e-05,4.643467707688956558e+00
3.000000000000000076e-05,4.408137558247915422e+00
3.001219512195121966e-05,4.122941224176730479e+00
3.002439024390243856e-05,3.795331864703324953e+00
3.003658536585365746e-05,3.433871037004688986e+00
3.004878048780487636e-05,3.048004953327001054e+00
3.006097560975609865e-05,2.647817619033634440e+00
3.007317073170731755e-05,2.243767302928399765e+00
3.008536585365853645e-05,1.846413226790226014e+00
3.009756097560975535e-05,1.466139616661481293e+00
3.010975609756097424e-05,1.112884327373655280e+00
3.012195121951219653e-05,7.958791322864109397e-01
3.013414634146341543e-05,5.234084653596866588e-01
3.014634146341463433e-05,3.025929204542783246e-01
3.015853658536585323e-05,1.392031657716348292e-01
3.017073170731707213e-05,3.750913648423770397e-02
3.018292682926829103e-05,1.684466714158006084e-04
3.019512195121951332e-05,2.815693674072594632e-02
3.020731707317073222e-05,1.207431713680384711e-01
3.021951219512195112e-05,2.755075544136218468e-01
3.023170731707317002e-05,4.884055612749542696e-01
3.024390243902438892e-05,7.538734361990142574e-01
3.025609756097561120e-05,1.064973592318833928e+00
3.026829268292683010e-05,1.413575914613755646e+00
3.028048780487804900e-05,1.790570227724324059e+00
3.029268292682926790e-05,2.186104376106862368e+00
3.030487804878048680e-05,2.589841694679091866e+00
3.031707317073170570e-05,2.991231141361938128e+00
3.032926829268292799e-05,3.379783032028256695e+00
3.034146341463414689e-05,3.745343171958251283e+00
3.035365853658536579e-05,4.078358219805068074e+00
3.036585365853658469e-05,4.370125349197929054e+00
3.037804878048780359e-05,4.613019683471081933e+00
3.039024390243902588e-05,4.800693559864917859e+00
3.040243902439024478e-05,4.928242415744460203e+00
3.041463414634146368e-05,4.992332961657386825e+00
3.042682926829268258e-05,4.991290291629642439e+00
3.043902439024390147e-05,4.925141654208353259e+00
3.045121951219512037e-05,4.795615740363578183e+00
3.046341463414634266e-05,4.606097506859194723e+00
3.047560975609756156e-05,4.361539715712827281e+00
3.048780487804878046e-05,4.068333501522197082e+00
3.049999999999999936e-05,3.734141349179301628e+00
3.051219512195121826e-05,3.367696846835689151e+00
3.052439024390244055e-05,2.978576447264278837e+00
3.053658536585365606e-05,2.576949202274287920e+00
3.054878048780487835e-05,2.173311010478093497e+00
3.056097560975610064e-05,1.778210323432539708e+00
3.057317073170731615e-05,1.401972478387436993e+00
3.058536585365853843e-05,1.054429861778215516e+00
3.059756097560975395e-05,7.446649552179804843e-01
3.060975609756097623e-05,4.807729790720776109e-01
3.062195121951219175e-05,2.696503365629046023e-01
3.063414634146341403e-05,1.168143870785129934e-01
3.064634146341463632e-05,2.625925863254208181e-02
3.065853658536585183e-05,3.514675879099371514e-04
3.067073170731707412e-05,3.976807346056920878e-02
3.068292682926828963e-05,1.434789850301578795e-01
3.069512195121951192e-05,3.087738801597845750e-01
3.070731707317073421e-05,5.313330358172285717e-01
3.071951219512194972e-05,8.053402172664885228e-01
3.073170731707317201e-05,1.123634676247715625e+00
3.074390243902438752e-05,1.477898285909871934e+00
3.075609756097560981e-05,1.858872922020596397e+00
3.076829268292683209e-05,2.256602409532749043e+00
3.078048780487804760e-05,2.660692711616182038e+00
3.079268292682926989e-05,3.060583561521091234e+00
3.080487804878048540e-05,3.445824438598374062e+00
3.081707317073170769e-05,3.806347676279719483e+00
3.082926829268292998e-05,4.132731564764257293e+00
3.084146341463414549e-05,4.416446572638851542e+00
3.085365853658536778e-05,4.650078252814248359e+00
3.086585365853658329e-05,4.827521007479047555e+00
3.087804878048780558e-05,4.944137648330644730e+00
3.089024390243902109e-05,4.996880582223051093e+00
3.090243902439024338e-05,4.984371455238433057e+00
3.091463414634146566e-05,4.906937173805991037e+00
3.092682926829268118e-05,4.766601361515261814e+00
3.093902439024390346e-05,4.567031474884386100e+00
3.095121951219511898e-05,4.313442960132467974e+00
3.096341463414634126e-05,4.012462955665599296e+00
3.097560975609756355e-05,3.671957102201356626e+00
3.098780487804877906e-05,3.300823986575560642e+00
3.100000000000000135e-05,2.908762591120840568e+00
3.101219512195121686e-05,2.506018825964646979e+00
3.102439024390243915e-05,2.103117768224498807e+00
3.103658536585366144e-05,1.710588605613508673e+00
3.104878048780487695e-05,1.338689472620524068e+00
3.106097560975609924e-05,9.971393702415545235e-01
3.107317073170731475e-05,6.948641751213477935e-01
3.108536585365853704e-05,4.397633757550742928e-01
3.109756097560975932e-05,2.385036317374460424e-01
3.110975609756097483e-05,9.634455106186834428e-02
3.112195121951219712e-05,1.700123850838908268e-02
3.113414634146341263e-05,2.547207202910239943e-03
3.114634146341463492e-05,5.336019060108831980e-02
3.115853658536585043e-05,1.681122710163860390e-01
3.117073170731707272e-05,3.438045826680675709e-01
3.118292682926829501e-05,5.758456823381141731e-01
3.119512195121951052e-05,8.581715395436917415e-01
3.120731707317073281e-05,1.183404010471457379e+00
3.121951219512194832e-05,1.543043654201385451e+00
3.123170731707317061e-05,1.927691852276138818e+00
3.124390243902439289e-05,2.327296426864034817e+00
3.125609756097560841e-05,2.731414338672436770e+00
3.126829268292683069e-05,3.129484599415070623e+00
3.128048780487804621e-05,3.511104266687202102e+00
3.129268292682926849e-05,3.866300308563573651e+00
3.130487804878049078e-05,4.185790233156838624e+00
3.131707317073170629e-05,4.461224671995864810e+00
3.132926829268292858e-05,4.685405577685735068e+00
3.134146341463414409e-05,4.852474333594929412e+00
3.135365853658536638e-05,4.958064859619908837e+00
3.136585365853658867e-05,4.999417712845600548e+00
3.137804878048780418e-05,4.975452201261628460e+00
3.139024390243902647e-05,4.886794625954202331e+00
3.140243902439024198e-05,4.735761913708895321e+00
3.141463414634146427e-05,4.526301067759966656e+00
3.142682926829267978e-05,4.263886019047143705e+00
3.143902439024390206e-05,3.955374573608239075e+00
3.145121951219512435e-05,3.608829194567575449e+00
3.146341463414633986e-05,3.233306302296737655e+00
3.147560975609756215e-05,2.838619599060859144e+00
3.148780487804877766e-05,2.435083603292387266e+00
3.149999999999999995e-05,2.033244095813880659e+00
3.151219512195122224e-05,1.643602522386045095e+00
3.152439024390243775e-05,1.276341554880283669e+00
3.153658536585366004e-05,9.410589831061888511e-01
3.154878048780487555e-05,6.465168916188235304e-01
3.156097560975609784e-05,4.004126763693265367e-01
3.157317073170732012e-05,2.091778853260621851e-01
3.158536585365853564e-05,7.781014004766717562e-02
3.159756097560975792e-05,9.742530675893146253e-03
3.160975609756097344e-05,6.753897505395123346e-03
3.162195121951219572e-05,6.892234378026262931e-02
3.163414634146341801e-05,1.946231945882024306e-01
3.164634146341463352e-05,3.805714551930607925e-01
3.165853658536585581e-05,6.219076592242624990e-01
3.167073170731707132e-05,9.123248632141005565e-01
3.168292682926829361e-05,1.244233468681610777e+00
3.169512195121950912e-05,1.608959564393437347e+00
3.170731707317073141e-05,1.996971605441639763e+00
3.171951219512195370e-05,2.398129505229737113e+00
3.173170731707316921e-05,2.801949630745930175e+00
3.174390243902439150e-05,3.197878775881575653e+00
3.175609756097560701e-05,3.575569952932762252e+00
3.176829268292682929e-05,3.925152794909760878e+00
3.178048780487805158e-05,4.237491502107145536e+00
3.179268292682926709e-05,4.504423591913003122e+00
3.180487804878048938e-05,4.718973212499669501e+00
3.181707317073170489e-05,4.875533445777245234e+00
3.182926829268292718e-05,4.970012835412283891e+00
3.184146341463414947e-05,4.999942310625701047e+00
3.185365853658536498e-05,4.964539711488633600e+00
3.186585365853658727e-05,4.864730229446148080e+00
3.187804878048780278e-05,4.703122228888952705e+00
3.189024390243902507e-05,4.483939081637619672e+00
3.190243902439024058e-05,4.212908795739421564e+00
3.191463414634146287e-05,3.897114322954407406e+00
3.192682926829268515e-05,3.544808456912251771e+00
3.193902439024390067e-05,3.165198159284388968e+00
3.195121951219512295e-05,2.768203950269532587e+00
3.196341463414633846e-05,2.364200651346769710e+00
3.197560975609756075e-05,1.963746255574651878e+00
3.198780487804878304e-05,1.577306010990194185e+00
3.199999999999999855e-05,1.214978927752238258e+00
3.201219512195122084e-05,8.862338563378759915e-01
3.202439024390243635e-05,5.996620339758673701e-01
3.203658536585365864e-05,3.627525661245867283e-01
3.204878048780488093e-05,1.816967104395290633e-01
3.206097560975609644e-05,6.122607795622148075e-02
3.207317073170731873e-05,4.488979851508201335e-03
3.208536585365853424e-05,1.296815126545514119e-02
3.209756097560975653e-05,8.644200234179288955e-02
3.210975609756097881e-05,2.229904091317611581e-01
3.212195121951219432e-05,4.190448930238499514e-01
3.213414634146341661e-05,6.694818773406419066e-01
3.214634146341463212e-05,9.677565839844453066e-01
3.215853658536585441e-05,1.306074070956806610e+00
3.217073170731706992e-05,1.675592940950440646e+00
3.218292682926829221e-05,2.066656397412449664e+00
3.219512195121951450e-05,2.469044609787119260e+00
3.220731707317073001e-05,2.872241792771226265e+00
3.221951219512195230e-05,3.265711019882921562e+00
3.223170731707316781e-05,3.639169589520767190e+00
3.224390243902439010e-05,3.982857747256010050e+00
3.225609756097561238e-05,4.287793741718046725e+00
3.226829268292682790e-05,4.546008548590648957e+00
3.228048780487805018e-05,4.750754128573531077e+00
3.229268292682926570e-05,4.896679776813273932e+00
3.230487804878048798e-05,4.979971955189551380e+00
3.231707317073171027e-05,4.998453953156875684e+00
3.232926829268292578e-05,4.951642772663593206e+00
3.234146341463414807e-05,4.840761750548854714e+00
3.235365853658536358e-05,4.668708588551790939e+00
3.236585365853658587e-05,4.439979626417215997e+00
3.237804878048780816e-05,4.160552337104174825e+00
3.239024390243902367e-05,3.837729114897445726e+00
3.240243902439024596e-05,3.479946438776634565e+00
3.241463414634146147e-05,3.096554398261866847e+00
3.242682926829268376e-05,2.697572343475022283e+00
3.243902439024389927e-05,2.293427045129197595e+00
3.245121951219512155e-05,1.894680207215322376e+00
3.246341463414634384e-05,1.511752453421890907e+00
3.247560975609755935e-05,1.154651000465734434e+00
3.248780487804878164e-05,8.327081351662004582e-01
3.249999999999999715e-05,5.543373297556342116e-01
3.251219512195121944e-05,3.268133689673908826e-01
3.252439024390244173e-05,1.560822349386676855e-01
3.253658536585365724e-05,4.660571828558035534e-02
3.254878048780487953e-05,1.244816197953024783e-03
3.256097560975609504e-05,2.118496476176101595e-02
3.257317073170731733e-05,1.059050594447286109e-01
3.258536585365853961e-05,2.531910733466053998e-01
3.259756097560975513e-05,4.591939173222798765e-01
3.260975609756097741e-05,7.185300298945660469e-01
3.262195121951219293e-05,1.024422068195565139e+00
3.263414634146341521e-05,1.368876023202277858e+00
3.264634146341463750e-05,1.742890130632273049e+00
3.265853658536585301e-05,2.136690117946814294e+00
3.267073170731707530e-05,2.539984639645897602e+00
3.268292682926829081e-05,2.942234225451791474e+00
3.269512195121951310e-05,3.332926712850236672e+00
3.270731707317072861e-05,3.701851965980323289e+00
3.271951219512195090e-05,4.039368701535559936e+00
3.273170731707317319e-05,4.336656448592096424e+00
3.274390243902438870e-05,4.585946057793233166e+00
3.275609756097561099e-05,4.780722735892149799e+00
3.276829268292682650e-05,4.915896299662797730e+00
3.278048780487804878e-05,4.987934199861655316e+00
3.279268292682927107e-05,4.994953838865573204e+00
3.280487804878048658e-05,4.936771769410472466e+00
3.281707317073170887e-05,4.814908488697929201e+00
3.282926829268292438e-05,4.632548702583944689e+00
3.284146341463414667e-05,4.394458098282174596e+00
3.285365853658536896e-05,4.106858800597827042e+00
3.286585365853658447e-05,3.777266766447151536e+00
3.287804878048780676e-05,3.414295367102105239e+00
3.289024390243902227e-05,3.027430291231961501e+00
3.290243902439024456e-05,2.626781651295019504e+00
3.291463414634146007e-05,2.222819771595393679e+00
3.292682926829268236e-05,1.826101562764731678e+00
3.293902439024390464e-05,1.446994633450148449e+00
3.295121951219512016e-05,1.095406349108733801e+00
3.296341463414634244e-05,7.805249185380422894e-01
3.297560975609755795e-05,5.105792744409725081e-01
3.298780487804878024e-05,2.926240231636576539e-01
3.300000000000000253e-05,1.323550836164706368e-01
3.301219512195121804e-05,3.396083335935351499e-02
3.302439024390244033e-05,1.265191799504350456e-05
3.303658536585365584e-05,3.139772181046351918e-02
3.304878048780487813e-05,1.272958434221749258e-01
3.306097560975610042e-05,2.852008696374221941e-01
3.307317073170731593e-05,5.009862000665163961e-01
3.308536585365853822e-05,7.690126232800398309e-01
3.309756097560975373e-05,1.082275688761147547e+00
3.310975609756097601e-05,1.432588757243108191e+00
3.312195121951219830e-05,1.810796945695621663e+00
3.313414634146341381e-05,2.207016375845464840e+00
3.314634146341463610e-05,2.610892473845494166e+00
3.315853658536585161e-05,3.011870570833364180e+00
3.317073170731707390e-05,3.399471732661958789e+00
3.318292682926828941e-05,3.763566610419397662e+00
3.319512195121951170e-05,4.094640155089695810e+00
3.320731707317073399e-05,4.384040278444579997e+00
3.321951219512194950e-05,4.624203961811341301e+00
3.323170731707317179e-05,4.808854903712584061e+00
3.324390243902438730e-05,4.933167541168593573e+00
3.325609756097560959e-05,4.993893158223800199e+00
3.326829268292683187e-05,4.989444786046188796e+00
3.328048780487804739e-05,4.919938675871183165e+00
3.329268292682926967e-05,4.787191260957295746e+00
3.330487804878048518e-05,4.594671686950334788e+00
3.331707317073170747e-05,4.347411151197825951e+00
3.332926829268292976e-05,4.051871420292174619e+00
3.334146341463414527e-05,3.715775961927864302e+00
3.335365853658536756e-05,3.347908104176101407e+00
3.336585365853658307e-05,2.957881496972947666e+00
3.337804878048780536e-05,2.555888874443301706e+00
3.339024390243902765e-05,2.152435683769752028e+00
3.340243902439024316e-05,1.758065541794312292e+00
3.341463414634146545e-05,1.383084694115914504e+00
3.342682926829268096e-05,1.037292677514689787e+00
3.343902439024390324e-05,7.297262244151336841e-01
3.345121951219511876e-05,4.684231020476099516e-01
3.346341463414634104e-05,2.602120579978199899e-01
3.347560975609756333e-05,1.105343615914171629e-01
3.348780487804877884e-05,2.330160484743348803e-02
3.350000000000000113e-05,7.934791511550187693e-04
3.351219512195121664e-05,4.359819909265461035e-02
3.352439024390243893e-05,1.505971304004094513e-01
3.353658536585366122e-05,3.189940236945356666e-01
3.354878048780487673e-05,5.443880900821458368e-01
3.356097560975609902e-05,8.208890088787348382e-01
3.357317073170731453e-05,1.141270861906330758e+00
3.358536585365853682e-05,1.497160971542636831e+00
3.359756097560975910e-05,1.879258707527215133e+00
3.360975609756097462e-05,2.277578544357425461e+00
3.362195121951219690e-05,2.681711017349723836e+00
3.363414634146341241e-05,3.081094757682998342e+00
3.364634146341463470e-05,3.465292497222605572e+00
3.365853658536585699e-05,3.824263830164552402e+00
3.367073170731707250e-05,4.148627603306202616e+00
3.368292682926829479e-05,4.429907077783278524e+00
3.369512195121951030e-05,4.660751455354482431e+00
3.370731707317073259e-05,4.835127979994057412e+00
3.371951219512194810e-05,4.948479594515278635e+00
3.373170731707317039e-05,4.997844032118637259e+00
3.374390243902439268e-05,4.981931230591820636e+00
3.375609756097560819e-05,4.901157046064050782e+00
3.376829268292683047e-05,4.757632385257693386e+00
3.378048780487804599e-05,4.555108040249559842e+00
3.379268292682926827e-05,4.298876667397864892e+00
3.380487804878049056e-05,3.995634472063461118e+00
3.381707317073170607e-05,3.653306213776962075e+00
3.382926829268292836e-05,3.280838105067750643e+00
3.384146341463414387e-05,2.887964016221129970e+00
3.385365853658536616e-05,2.484951095831725354e+00
3.386585365853658845e-05,2.082331454968087137e+00
3.387804878048780396e-05,1.690626926954287956e+00
3.389024390243902625e-05,1.320074095745554787e+00
3.390243902439024176e-05,9.803567788517311143e-01
3.391463414634146405e-05,6.803529559404284388e-01
3.392682926829267956e-05,4.279027567543995936e-01
3.393902439024390185e-05,2.296035716064057652e-01
3.395121951219512413e-05,9.063763892367360242e-02
3.396341463414633965e-05,1.463661556791162610e-02
3.397560975609756193e-05,3.586669174809653526e-03
3.398780487804877744e-05,5.777657277575976025e-02
3.399999999999999973e-05,1.757901581672145497e-01
3.401219512195122202e-05,3.545433252471785757e-01
3.402439024390243753e-05,5.893646401378982436e-01
3.403658536585365982e-05,8.741174157894735508e-01
3.404878048780487533e-05,1.201360084677806972e+00
3.406097560975609762e-05,1.562540672510120743e+00
3.407317073170731991e-05,1.948220290669586241e+00
3.408536585365853542e-05,2.348319806776897334e+00
3.409756097560975771e-05,2.752383247019329016e+00
3.410975609756097322e-05,3.149851046638497909e+00
3.412195121951219550e-05,3.530336007608046778e+00
3.413414634146341779e-05,3.883894751772795750e+00
3.414634146341463330e-05,4.201287575455165957e+00
3.415853658536585559e-05,4.474219914630350736e+00
3.417073170731707110e-05,4.695559110356074761e+00
3.418292682926829339e-05,4.859520809637734473e+00
3.419512195121950890e-05,4.961820130427023301e+00
3.420731707317073119e-05,4.999783640299831688e+00
3.421951219512195348e-05,4.972419222422423957e+00
3.423170731707316899e-05,4.880442002970247550e+00
3.424390243902439128e-05,4.726255662425888460e+00
3.425609756097560679e-05,4.513889619157012589e+00
3.426829268292682908e-05,4.248893726881853183e+00
3.428048780487805136e-05,3.938193237940543767e+00
3.429268292682926688e-05,3.589907822678396254e+00
3.430487804878048916e-05,3.213139374586223340e+00
3.431707317073170467e-05,2.817734146579424781e+00
3.432926829268292696e-05,2.414025434608163323e+00
3.434146341463414925e-05,2.012563533163111540e+00
3.435365853658536476e-05,1.623840019863065365e+00
3.436585365853658705e-05,1.258013574515988608e+00
3.437804878048780256e-05,9.246444979439596423e-01
3.439024390243902485e-05,6.324448685031904827e-01
3.440243902439024714e-05,3.890508655706952368e-01
3.441463414634146265e-05,2.008232099633531220e-01
3.442682926829268494e-05,7.268093646783224671e-02
3.443902439024390045e-05,7.972842576025485073e-03
3.445121951219512273e-05,8.389972910463505684e-03
3.446341463414633825e-05,7.392142642358701110e-02
3.447560975609756053e-05,2.028546412795413367e-01
3.448780487804878282e-05,3.918201499737024029e-01
3.449999999999999833e-05,6.358796350848967549e-01
3.451219512195122062e-05,9.286549844629092831e-01
3.452439024390243613e-05,1.262494973192288761e+00
3.453658536585365842e-05,1.628675216365609302e+00
3.454878048780488071e-05,2.017626167209218835e+00
3.456097560975609622e-05,2.419183202190980708e+00
3.457317073170731851e-05,2.822852257526626829e+00
3.458536585365853402e-05,3.218084075089365115e+00
3.459756097560975631e-05,3.594549890739218601e+00
3.460975609756097859e-05,3.942411360385495112e+00
3.462195121951219411e-05,4.252577669691293138e+00
3.463414634146341639e-05,4.516943108259250828e+00
3.464634146341463190e-05,4.728598899668700284e+00
3.465853658536585419e-05,4.882013751520638323e+00
3.467073170731707648e-05,4.973178407095312892e+00
3.468292682926829199e-05,4.999710420993554116e+00
3.469512195121951428e-05,4.960916420613420641e+00
3.470731707317072979e-05,4.857810226356527039e+00
3.471951219512195208e-05,4.693086357020378685e+00
3.473170731707316759e-05,4.471049612773315474e+00
3.474390243902438988e-05,4.197502575947291703e+00
3.475609756097561217e-05,3.879593969644090201e+00
3.476829268292682768e-05,3.525631837059677309e+00
3.478048780487804996e-05,3.144866423795079857e+00
3.479268292682926548e-05,2.747248437186918579e+00
3.480487804878048776e-05,2.343169000163132676e+00
3.481707317073171005e-05,1.943188095532638826e+00
3.482926829268292556e-05,1.557758597383928745e+00
3.484146341463414785e-05,1.196953101600994884e+00
3.485365853658536336e-05,8.702006943580797849e-01
3.486585365853658565e-05,5.860405377282027484e-01
3.487804878048780794e-05,3.518987120660148626e-01
3.489024390243902345e-05,1.738941470355488406e-01
3.490243902439024574e-05,5.667871297299553746e-02
3.491463414634146125e-05,3.315651546313524989e-03
3.492682926829268354e-05,1.519952273466262938e-02
3.493902439024390582e-05,9.201976018910151822e-02
3.495121951219512134e-05,2.317687873972387180e-01
3.496341463414634362e-05,4.307944825493335017e-01
3.497560975609755913e-05,6.838956210177573602e-01
3.498780487804878142e-05,9.844578012117641830e-01
3.499999999999999693e-05,1.324626301596080413e+00
3.501219512195121922e-05,1.695511351529671140e+00
3.502439024390244151e-05,2.087420451487255413e+00
3.503658536585365702e-05,2.490111671345629940e+00
3.504878048780487931e-05,2.893061307176707064e+00
3.506097560975609482e-05,3.285738901754408303e+00
3.507317073170731711e-05,3.657882441553877761e+00
3.508536585365853940e-05,3.999766538389828430e+00
3.509756097560975491e-05,4.302456587195615967e+00
3.510975609756097719e-05,4.558042257925498220e+00
3.512195121951219271e-05,4.759844219631398587e+00
3.513414634146341499e-05,4.902588694310576756e+00
3.514634146341463728e-05,4.982545278827956281e+00
3.515853658536585279e-05,4.997624433156040880e+00
3.517073170731707508e-05,4.947432087228697206e+00
3.518292682926829059e-05,4.833279939344761189e+00
3.519512195121951288e-05,4.658151176988569730e+00
3.520731707317072839e-05,4.426622515900657362e+00
3.521951219512195068e-05,4.144744594784073755e+00
3.523170731707317297e-05,3.819883851345025061e+00
3.524390243902438848e-05,3.460530011988014465e+00
3.525609756097561077e-05,3.076074226121008337e+00
3.526829268292682628e-05,2.676563643184474373e+00
3.528048780487804857e-05,2.272438846145702573e+00
3.529268292682927085e-05,1.874261003226514122e+00
3.530487804878048636e-05,1.492435868322941284e+00
3.531707317073170865e-05,1.136941842934777513e+00
3.532926829268292416e-05,8.170692062816575785e-01
3.534146341463414645e-05,5.411773284139822504e-01
3.535365853658536874e-05,3.164762111794026112e-01
3.536585365853658425e-05,1.488380661227188817e-01
3.537804878048780654e-05,4.264385344034149483e-02
3.539024390243902205e-05,6.687924521795451938e-04
3.540243902439024434e-05,2.400983559326430594e-02
3.541463414634146663e-05,1.120570012815425009e-01
3.542682926829268214e-05,2.625093148300710055e-01
3.543902439024390442e-05,4.714349408150457776e-01
3.545121951219511994e-05,7.333739354317556636e-01
3.546341463414634222e-05,1.041480933569812084e+00
3.547560975609755774e-05,1.387704041701418367e+00
3.548780487804878002e-05,1.762995261500544419e+00
3.550000000000000231e-05,2.157546945098242741e+00
3.551219512195121782e-05,2.561048102589379205e+00
3.552439024390244011e-05,2.962953863594755877e+00
3.553658536585365562e-05,3.352761050921448938e+00
3.554878048780487791e-05,3.720282664639154468e+00
3.556097560975610020e-05,4.055914103357224576e+00
3.557317073170731571e-05,4.350884165430031203e+00
3.558536585365853800e-05,4.597484270565905362e+00
3.559756097560975351e-05,4.789269911491351728e+00
3.560975609756097580e-05,4.921229071049700643e+00
3.562195121951219808e-05,4.989913203413525622e+00
3.563414634146341359e-05,4.993527356426120889e+00
3.564634146341463588e-05,4.931977079862613245e+00
3.565853658536585139e-05,4.806870893738834027e+00
3.567073170731707368e-05,4.621478252161121070e+00
3.568292682926829597e-05,4.380644101267647805e+00
3.569512195121951148e-05,4.090662264154414807e+00
3.570731707317073377e-05,3.759110961671099815e+00
3.571951219512194928e-05,3.394654767497495840e+00
3.573170731707317157e-05,3.006818173088230850e+00
3.574390243902438708e-05,2.605736680016585094e+00
3.575609756097560937e-05,2.201891924524280064e+00
3.576829268292683166e-05,1.805837756386205806e+00
3.578048780487804717e-05,1.427924430586235527e+00
3.579268292682926945e-05,1.078028119623873682e+00
3.580487804878048497e-05,7.652928152249289795e-01
3.581707317073170725e-05,4.978913644473639266e-01
3.582926829268292954e-05,2.828118851328080829e-01
3.584146341463414505e-05,1.256751423982134241e-01
3.585365853658536734e-05,3.058765874836932852e-02
3.586585365853658285e-05,3.439654635561950613e-05
3.587804878048780514e-05,3.481381741638545080e-02
3.589024390243902743e-05,1.340170157007412044e-01
3.590243902439024294e-05,2.950514712845619947e-01
3.591463414634146523e-05,5.137088010462869114e-01
3.592682926829268074e-05,7.842747383545656259e-01
3.593902439024390303e-05,1.099678466472321370e+00
3.595121951219512531e-05,1.451677403269071132e+00
3.596341463414634083e-05,1.831072608188152318e+00
3.597560975609756311e-05,2.227949182142107354e+00
3.598780487804877862e-05,2.631935377859258018e+00
3.600000000000000091e-05,3.032473649246946845e+00
3.601219512195121642e-05,3.419096556310122992e+00
3.602439024390243871e-05,3.781700315292727765e+00
3.603658536585366100e-05,4.110808845230298658e+00
3.604878048780487651e-05,4.397821410475412307e+00
3.606097560975609880e-05,4.635237387444908208e+00
3.607317073170731431e-05,4.816852281661512691e+00
3.608536585365853660e-05,4.937919872493908180e+00
3.609756097560975889e-05,4.995276248194103985e+00
3.610975609756097440e-05,4.987422489772746381e+00
3.612195121951219668e-05,4.914563842897674562e+00
3.613414634146341220e-05,4.778604354120126629e+00
3.614634146341463448e-05,4.583097111601968976e+00
3.615853658536585677e-05,4.333151390725304530e+00
3.617073170731707228e-05,4.035299131187612076e+00
3.618292682926829457e-05,3.697324234994291636e+00
3.619512195121951008e-05,3.328059146379663602e+00
3.620731707317073237e-05,2.937154029717615966e+00
3.621951219512194788e-05,2.534824577602026174e+00
3.623170731707317017e-05,2.131585039727856401e+00
3.624390243902439246e-05,1.737973449456474251e+00
3.625609756097560797e-05,1.364276228827224546e+00
3.626829268292683026e-05,1.020259369038128971e+00
3.628048780487804577e-05,7.149132115733969339e-01
3.629268292682926806e-05,4.562174997158843226e-01
3.630487804878049034e-05,2.509328404643258459e-01
3.631707317073170585e-05,1.044240266640619197e-01
3.632926829268292814e-05,2.051983655321398814e-02
3.634146341463414365e-05,1.412974644859232853e-03
3.635365853658536594e-05,4.760276883047032115e-02
3.636585365853658823e-05,1.578821212281891206e-01
3.637804878048780374e-05,3.293690537940707763e-01
3.639024390243902603e-05,5.575820243018752009e-01
3.640243902439024154e-05,8.365570444251582138e-01
3.641463414634146383e-05,1.159003539225980317e+00
3.642682926829268612e-05,1.516494874904403822e+00
3.643902439024390163e-05,1.899688575666775403e+00
3.645121951219512391e-05,2.298570474689413778e+00
3.646341463414633943e-05,2.702716418673286825e+00
3.647560975609756171e-05,3.101564686754724853e+00
3.648780487804877723e-05,3.484692004526506182e+00
3.649999999999999951e-05,3.842085939980761644e+00
3.651219512195122180e-05,4.164406562725661232e+00
3.652439024390243731e-05,4.443230528430220261e+00
3.653658536585365960e-05,4.671271209727267504e+00
3.654878048780487511e-05,4.842569120798549953e+00
3.656097560975609740e-05,4.952647659198562202e+00
3.657317073170731969e-05,4.998630094842407168e+00
3.658536585365853520e-05,4.979314748838726601e+00
3.659756097560975749e-05,4.895206397484098915e+00
3.660975609756097300e-05,4.748503080725677172e+00
3.662195121951219529e-05,4.543038659831752923e+00
3.663414634146341757e-05,4.284182625436279146e+00
3.664634146341463308e-05,3.978699774316209581e+00
3.665853658536585537e-05,3.634573422029194312e+00
3.667073170731707088e-05,3.260796771473802202e+00
3.668292682926829317e-05,2.867137889625068325e+00
3.669512195121951546e-05,2.463884434413611046e+00
3.670731707317073097e-05,2.061574802908173076e+00
3.671951219512195326e-05,1.670722726823691273e+00
3.673170731707316877e-05,1.301542512621132186e+00
3.674390243902439106e-05,9.636821066150398352e-01
3.675609756097560657e-05,6.659709610179875838e-01
3.676829268292682886e-05,4.161892900436918730e-01
3.678048780487805114e-05,2.208647462025359332e-01
3.679268292682926666e-05,8.510183033302354261e-02
3.680487804878048894e-05,1.244849347214183055e-02
3.681707317073170446e-05,4.803416715664532433e-03
3.682926829268292674e-05,6.236639216319295187e-02
3.684146341463414903e-05,1.836331016647356762e-01
3.685365853658536454e-05,3.654344298178813233e-01
3.686585365853658683e-05,6.030192838327799176e-01
3.687804878048780234e-05,8.901787558949150192e-01
3.689024390243902463e-05,1.219408383241971539e+00
3.690243902439024692e-05,1.582104265535555054e+00
3.691463414634146243e-05,1.968787914312453591e+00
3.692682926829268472e-05,2.369353958427508289e+00
3.693902439024390023e-05,2.773334232088974005e+00
3.695121951219512252e-05,3.170171343967417510e+00
3.696341463414634480e-05,3.549494578071336282e+00
3.697560975609756031e-05,3.901390916156942890e+00
3.698780487804878260e-05,4.216664098924513659e+00
3.699999999999999811e-05,4.487074955841878321e+00
3.701219512195122040e-05,4.705556722954627347e+00
3.702439024390243591e-05,4.866399721686200053e+00
3.703658536585365820e-05,4.965400572339815355e+00
3.704878048780488049e-05,4.999972042838819242e+00
3.706097560975609600e-05,4.969210661982541133e+00
3.707317073170731829e-05,4.873920330250055777e+00
3.708536585365853380e-05,4.716591311121243635e+00
3.709756097560975609e-05,4.501335151942923218e+00
3.710975609756097837e-05,4.233777235083586277e+00
3.712195121951219389e-05,3.920909767380746924e+00
3.713414634146341617e-05,3.570909049772838184e+00
3.714634146341463169e-05,3.192921802490207295e+00
3.715853658536585397e-05,2.796826129854075749e+00
3.717073170731707626e-05,2.392973371503313462e+00
3.718292682926829177e-05,1.991917586355396175e+00
3.719512195121951406e-05,1.604139738815326677e+00
3.720731707317072957e-05,1.239773795199169415e+00
3.721951219512195186e-05,9.083418884046752240e-01
3.723170731707316737e-05,6.185054718923335138e-01
3.724390243902438966e-05,3.778389661726020421e-01
3.725609756097561195e-05,1.926318131973223657e-01
3.726829268292682746e-05,6.772411165080383100e-02
3.728048780487804975e-05,6.380128556124020633e-03
3.729268292682926526e-05,1.020299277252290082e-02
3.730487804878048754e-05,7.909279973494465210e-02
3.731707317073170983e-05,2.112492223033162198e-01
3.732926829268292534e-05,4.032185594907660153e-01
3.734146341463414763e-05,6.499839935265385726e-01
3.735365853658536314e-05,9.450966965255025443e-01
3.736585365853658543e-05,1.280844360498932133e+00
3.737804878048780772e-05,1.648452746436299243e+00
3.739024390243902323e-05,2.038314985290985870e+00
3.740243902439024552e-05,2.440242638447281731e+00
3.741463414634146103e-05,2.843731956595067611e+00
3.742682926829268332e-05,3.238238378758246938e+00
3.743902439024390560e-05,3.613452097867924984e+00
3.745121951219512112e-05,3.959567491414238027e+00
3.746341463414634340e-05,4.267539376023374409e+00
3.747560975609755892e-05,4.529319389147437924e+00
3.748780487804878120e-05,4.738066320408492516e+00
3.749999999999999671e-05,4.888324895908323420e+00
3.751219512195121900e-05,4.976168343263278615e+00
3.752439024390244129e-05,4.999301011645910009e+00
3.753658536585365680e-05,4.957118365021841555e+00
3.754878048780487909e-05,4.850722780751446805e+00
3.756097560975609460e-05,4.682894740685347834e+00
3.757317073170731689e-05,4.458020167628564678e+00
3.758536585365853918e-05,4.181975806122025574e+00
3.759756097560975469e-05,3.861975642933997754e+00
3.760975609756097698e-05,3.506382380821321920e+00
3.762195121951219249e-05,3.124488892399798434e+00
3.763414634146341477e-05,2.726275365481288127e+00
3.764634146341463706e-05,2.322148486507220611e+00
3.765853658536585257e-05,1.922669478107533969e+00
3.767073170731707486e-05,1.538278098098481594e+00
3.768292682926829037e-05,1.179019812774491083e+00
3.769512195121951266e-05,8.542832743882717850e-01
3.770731707317073495e-05,5.725549634402835597e-01
3.771951219512195046e-05,3.411974078093273910e-01
3.773170731707317275e-05,1.662567746254945966e-01
3.774390243902438826e-05,5.230486316826565840e-02
3.775609756097561055e-05,2.319628056693279206e-03
3.776829268292682606e-05,1.760735507309929559e-02
3.778048780487804835e-05,9.776852343099973197e-02
3.779268292682927063e-05,2.407082466249179653e-01
3.780487804878048615e-05,4.426910190056609906e-01
3.781707317073170843e-05,6.984383373670512984e-01
3.782926829268292395e-05,1.001266646353551115e+00
3.784146341463414623e-05,1.343262002705940317e+00
3.785365853658536852e-05,1.715486893764817333e+00
3.786585365853658403e-05,2.108213805357251669e+00
3.787804878048780632e-05,2.511179435135081128e+00
3.789024390243902183e-05,2.913852907896051114e+00
3.790243902439024412e-05,3.305710983504229539e+00
3.791463414634146641e-05,3.676513065277835501e+00
3.792682926829268192e-05,4.016568821934793476e+00
3.793902439024390421e-05,4.316991429214315446e+00
3.795121951219511972e-05,4.569929813100635840e+00
3.796341463414634201e-05,4.768773825338938011e+00
3.797560975609756429e-05,4.908326989299850673e+00
3.798780487804877980e-05,4.984942301752525395e+00
3.800000000000000209e-05,4.996617541578444843e+00
3.801219512195121760e-05,4.943047594682346890e+00
3.802439024390243989e-05,4.825632427670812241e+00
3.803658536585365540e-05,4.647440501919559708e+00
3.804878048780487769e-05,4.413128584143429123e+00
3.806097560975609998e-05,4.128820049097224221e+00
3.807317073170731549e-05,3.801944854773288363e+00
3.808536585365853778e-05,3.441045372092248478e+00
3.809756097560975329e-05,3.055553143428601626e+00
3.810975609756097558e-05,2.655542404030448278e+00
3.812195121951219786e-05,2.251466807670762904e+00
3.813414634146341338e-05,1.853886236788726549e+00
3.814634146341463566e-05,1.473190836511323099e+00
3.815853658536585118e-05,1.119329484494951066e+00
3.817073170731707346e-05,8.015497925988221972e-01
3.818292682926829575e-05,5.281564350428655796e-01
3.819512195121951126e-05,3.062941187617314043e-01
3.820731707317073355e-05,1.417608676861554784e-01
3.821951219512194906e-05,3.885650047474964452e-02
3.823170731707317135e-05,2.702614916310075444e-04
3.824390243902438686e-05,2.701054161986160551e-02
3.825609756097560915e-05,1.183785255459777197e-01
3.826829268292683144e-05,2.719864542030028254e-01
3.828048780487804695e-05,4.838200251114743722e-01
3.829268292682926924e-05,7.483432998838015493e-01
3.830487804878048475e-05,1.058643377297362465e+00
3.831707317073170703e-05,1.406611051135286061e+00
3.832926829268292932e-05,1.783152731580221362e+00
3.834146341463414483e-05,2.178428091933928723e+00
3.835365853658536712e-05,2.582107230134247811e+00
3.836585365853658263e-05,2.983640624553962617e+00
3.837804878048780492e-05,3.372534829218267305e+00
3.839024390243902721e-05,3.738626703567468290e+00
3.840243902439024272e-05,4.072349010208272446e+00
3.841463414634146501e-05,4.364980439670574697e+00
3.842682926829268052e-05,4.608873528160318145e+00
3.843902439024390281e-05,4.797654512041987118e+00
3.845121951219512509e-05,4.926389896161416537e+00
3.846341463414634061e-05,4.991715383010176588e+00
3.847560975609756289e-05,4.991923793368357565e+00
3.848780487804877841e-05,4.927009680757871379e+00
3.850000000000000069e-05,4.798669473777620098e+00
3.851219512195121620e-05,4.610257142600906022e+00
3.852439024390243849e-05,4.366696548220976304e+00
3.853658536585366078e-05,4.074352765061105330e+00
3.854878048780487629e-05,3.740865739729836825e+00
3.856097560975609858e-05,3.374950632989354382e+00
3.857317073170731409e-05,2.986170062688441096e+00
3.858536585365853638e-05,2.584684199730086451e+00
3.859756097560975867e-05,2.180985247929815962e+00
3.860975609756097418e-05,1.785623246711393941e+00
3.862195121951219647e-05,1.408930362360891531e+00
3.863414634146341198e-05,1.060750873053719179e+00
3.864634146341463426e-05,7.501839040716216100e-01
3.865853658536585655e-05,4.853456364251567123e-01
3.867073170731707206e-05,2.731572031817557367e-01
3.868292682926829435e-05,1.191638165001358551e-01
3.869512195121950986e-05,2.738985220109757535e-02
3.870731707317073215e-05,2.336790122781096102e-04
3.871951219512195444e-05,3.840498096059485889e-02
3.873170731707316995e-05,1.409062108921221856e-01
3.874390243902439224e-05,3.050586598036786334e-01
3.875609756097560775e-05,5.265724607043498207e-01
3.876829268292683004e-05,7.996586975668262820e-01
3.878048780487804555e-05,1.117180689574154062e+00
3.879268292682926784e-05,1.470840497089702215e+00
3.880487804878049012e-05,1.851395775303743552e+00
3.881707317073170564e-05,2.248901308429847923e+00
3.882926829268292792e-05,2.652968912335720741e+00
3.884146341463414343e-05,3.053038913452021053e+00
3.885365853658536572e-05,3.438656109294338847e+00
3.886585365853658801e-05,3.799742998792654536e+00
3.887804878048780352e-05,4.126863141989362660e+00
3.889024390243902581e-05,4.411467766608382135e+00
3.890243902439024132e-05,4.646119176820716845e+00
3.891463414634146361e-05,4.824685125769123673e+00
3.892682926829268590e-05,4.942499072228214274e+00
3.893902439024390141e-05,4.996482133346623833e+00
3.895121951219512370e-05,4.985223546424881746e+00
3.896341463414633921e-05,4.909017536987679620e+00
3.897560975609756149e-05,4.769855629660636254e+00
3.898780487804878378e-05,4.571374602795671649e+00
3.899999999999999929e-05,4.318761446968203188e+00
3.901219512195122158e-05,4.018617811107605853e+00
3.902439024390243709e-05,3.678787478748865691e+00
3.903658536585365938e-05,3.308151383041785909e+00
3.904878048780487489e-05,2.916395517483120869e+00
3.906097560975609718e-05,2.513757807654217302e+00
3.907317073170731947e-05,2.110760559083941779e+00
3.908536585365853498e-05,1.717935473281850145e+00
3.909756097560975727e-05,1.345548418224939091e+00
3.910975609756097278e-05,1.003331145988450857e+00
3.912195121951219507e-05,7.002269686550501859e-01
3.913414634146341735e-05,4.441570388711619799e-01
3.914634146341463287e-05,2.418133429364970333e-01
3.915853658536585515e-05,9.848381622851176687e-02
3.917073170731707066e-05,1.791415130026940972e-02
3.918292682926829295e-05,2.209910074872478702e-03
3.919512195121951524e-05,5.178149828496225737e-02
3.920731707317073075e-05,1.653334401618185012e-01
3.921951219512195304e-05,3.398982336643685542e-01
3.923170731707316855e-05,5.709139014941497781e-01
3.924390243902439084e-05,8.523432112231059676e-01
3.925609756097561313e-05,1.176831448900505839e+00
3.926829268292682864e-05,1.535898622976263894e+00
3.928048780487805093e-05,1.920161075590021582e+00
3.929268292682926644e-05,2.319576709762870337e+00
3.930487804878048872e-05,2.723707423864934807e+00
3.931707317073170424e-05,3.121991895040802767e+00
3.932926829268292652e-05,3.504021582833012793e+00
3.934146341463414881e-05,3.859812740071517201e+00
3.935365853658536432e-05,4.180067322461853863e+00
3.936585365853658661e-05,4.456415978400282363e+00
3.937804878048780212e-05,4.681636768860194309e+00
3.939024390243902441e-05,4.849843901451788675e+00
3.940243902439024670e-05,4.956641546380771146e+00
3.941463414634146221e-05,4.999238714571234254e+00
3.942682926829268450e-05,4.976522195791439174e+00
3.943902439024390001e-05,4.889085650658142157e+00
3.945121951219512230e-05,4.739214096246742614e+00
3.946341463414634458e-05,4.530824190751436831e+00
3.947560975609756010e-05,4.269361877761342683e+00
3.948780487804878238e-05,3.961660065059780855e+00
3.949999999999999789e-05,3.615760057288219809e+00
3.951219512195122018e-05,3.240701409050904758e+00
3.952439024390243569e-05,2.846285690323618667e+00
3.953658536585365798e-05,2.442820337782551476e+00
3.954878048780488027e-05,2.040849286100927529e+00
3.956097560975609578e-05,1.650877418741163449e+00
3.957317073170731807e-05,1.283096039287865198e+00
3.958536585365853358e-05,9.471165377022123799e-01
3.959756097560975587e-05,6.517192117072936330e-01
3.960975609756097816e-05,4.046238074679773256e-01
3.962195121951219367e-05,2.122877761234769345e-01
3.963414634146341596e-05,7.973751842152054792e-02
3.964634146341463147e-05,1.043702761307674365e-02
3.965853658536585375e-05,6.197363416838630457e-03
3.967073170731707604e-05,6.712932281220229669e-02
3.968292682926829155e-05,1.916405445334867785e-01
3.969512195121951384e-05,3.764771229365670990e-01
3.970731707317072935e-05,6.168086437225897001e-01
3.971951219512195164e-05,9.063544192464101368e-01
3.973170731707317393e-05,1.237547624444202743e+00
3.974390243902438944e-05,1.601733043947107360e+00
3.975609756097561173e-05,1.989393262572628940e+00
3.976829268292682724e-05,2.390397388051912042e+00
3.978048780487804953e-05,2.794265806024291532e+00
3.979268292682926504e-05,3.190444048332905069e+00
3.980487804878048733e-05,3.568578617510011597e+00
3.981707317073170961e-05,3.918787559206915461e+00
3.982926829268292513e-05,4.231918711583553261e+00
3.984146341463414741e-05,4.499788882715662020e+00
3.985365853658536292e-05,4.715397705489613678e+00
3.986585365853658521e-05,4.873110581226780980e+00
3.987804878048780750e-05,4.968805931089166350e+00
3.989024390243902301e-05,4.999982907082944017e+00
3.990243902439024530e-05,4.965826747801467711e+00
3.991463414634146081e-05,4.867230070937688780e+00
3.992682926829268310e-05,4.706769546119351055e+00
3.993902439024390539e-05,4.488638557687314012e+00
3.995121951219512090e-05,4.218537617167027243e+00
3.996341463414634319e-05,3.903525389333379891e+00
3.997560975609755870e-05,3.551834225070529261e+00
3.998780487804878098e-05,3.172655021781372930e+00
4.000000000000000327e-05,2.775897033690729376e+00
4.001219512195121878e-05,2.371928909013795383e+00
4.002439024390244107e-05,1.971307721585049855e+00
4.003658536585365658e-05,1.584503078280461663e+00
4.004878048780487887e-05,1.221623512247669074e+00
4.006097560975609438e-05,8.921523122362817748e-01
4.007317073170731667e-05,6.046996917076290501e-01
4.008536585365853896e-05,3.667777744002496121e-01
4.009756097560975447e-05,1.846042767491749004e-01
4.010975609756097676e-05,6.294001761090761704e-02
4.012195121951219227e-05,4.964501724579850617e-03
4.013414634146341456e-05,1.219282833800061638e-02
4.014634146341463684e-05,8.443609646344318875e-02
4.015853658536585236e-05,2.198063415087938566e-01
4.017073170731707464e-05,4.147658742737521109e-01
4.018292682926829015e-05,6.642197329122039307e-01
4.019512195121951244e-05,9.616488317755251813e-01
4.020731707317073473e-05,1.299280327499149124e+00
4.021951219512195024e-05,1.668290750081946827e+00
4.023170731707317253e-05,2.059036590447516524e+00
4.024390243902438804e-05,2.461306318438643892e+00
4.025609756097561033e-05,2.864587245156765327e+00
4.026829268292683262e-05,3.258340255607659941e+00
4.028048780487804813e-05,3.632275231957367456e+00
4.029268292682927042e-05,3.976619969634611618e+00
4.030487804878048593e-05,4.282375558580671537e+00
4.031707317073170821e-05,4.541551555662465489e+00
4.032926829268292373e-05,4.747374802379567882e+00
4.034146341463414601e-05,4.894466430747533181e+00
4.035365853658536830e-05,4.978982431582618773e+00
4.036585365853658381e-05,4.998714111657434955e+00
4.037804878048780610e-05,4.953145814436963335e+00
4.039024390243902161e-05,4.843468395953879124e+00
4.040243902439024390e-05,4.672548103652553131e+00
4.041463414634146619e-05,4.444851671504077117e+00
4.042682926829268170e-05,4.166329588914456039e+00
4.043902439024390399e-05,3.844260594008839238e+00
4.045121951219511950e-05,3.487061455219115480e+00
4.046341463414634179e-05,3.104067012231048306e+00
4.047560975609756407e-05,2.705286224578934640e+00
4.048780487804877959e-05,2.301140603174612664e+00
4.050000000000000187e-05,1.902191860451356797e+00
4.051219512195121738e-05,1.518865896563568407e+00
4.052439024390243967e-05,1.161180334824695404e+00
4.053658536585365518e-05,8.384827268221624053e-01
4.054878048780487747e-05,5.592062688053445196e-01
4.056097560975609976e-05,3.306494133195467811e-01
4.057317073170731527e-05,1.587851355861173985e-01
4.058536585365853756e-05,4.810483915569507829e-02
4.059756097560975307e-05,1.500980116390326913e-03
4.060975609756097536e-05,2.019147728593884139e-02
4.062195121951219765e-05,1.036878838128267866e-01
4.063414634146341316e-05,2.498081519688573060e-01
4.064634146341463544e-05,4.547336575473042153e-01
4.065853658536585096e-05,7.131089936213492742e-01
4.067073170731707324e-05,1.018181925711428848e+00
4.068292682926829553e-05,1.361979850851097185e+00
4.069512195121951104e-05,1.735518149070531146e+00
4.070731707317073333e-05,2.129034982359709449e+00
4.071951219512194884e-05,2.532246405004371592e+00
4.073170731707317113e-05,2.934615118391172395e+00
4.074390243902439342e-05,3.325625846792519269e+00
4.075609756097560893e-05,3.695060137617801388e+00
4.076829268292683122e-05,4.033263404658392837e+00
4.078048780487804673e-05,4.331397235565879633e+00
4.079268292682926902e-05,4.581670369908186657e+00
4.080487804878048453e-05,4.777542311550029730e+00
4.081707317073170682e-05,4.913894254269583151e+00
4.082926829268292910e-05,4.987162853736010426e+00
4.084146341463414461e-05,4.995433349929646383e+00
4.085365853658536690e-05,4.938489606394035114e+00
4.086585365853658241e-05,4.817819758623761217e+00
4.087804878048780470e-05,4.636577323974973908e+00
4.089024390243902699e-05,4.399498789432098711e+00
4.090243902439024250e-05,4.112779830943487980e+00
4.091463414634146479e-05,3.783913399139665401e+00
4.092682926829268030e-05,3.421493902812838606e+00
4.093902439024390259e-05,3.034992607511601825e+00
4.095121951219512488e-05,2.634510118859477501e+00
4.096341463414634039e-05,2.230512419057013584e+00
4.097560975609756267e-05,1.833557354838244668e+00
4.098780487804877819e-05,1.454018724694373210e+00
4.100000000000000047e-05,1.101815175907001843e+00
4.101219512195122276e-05,7.861509962463275603e-01
4.102439024390243827e-05,5.152755743355044160e-01
4.103658536585366056e-05,2.962678148067858785e-01
4.104878048780487607e-05,1.348511422242388846e-01
4.106097560975609836e-05,3.524392835178513650e-02
4.107317073170731387e-05,4.925161843694070285e-05
4.108536585365853616e-05,3.018686974307893678e-02
4.109756097560975845e-05,1.248691833080846081e-01
4.110975609756097396e-05,2.816218184356191756e-01
4.112195121951219625e-05,4.963482906711154108e-01
4.113414634146341176e-05,7.634370601842355164e-01
4.114634146341463405e-05,1.075908180568651007e+00
4.115853658536585633e-05,1.425595708801197015e+00
4.117073170731707184e-05,1.803361109365468229e+00
4.118292682926829413e-05,2.199332075556711619e+00
4.119512195121950964e-05,2.603160526742572145e+00
4.120731707317073193e-05,3.004293039236634932e+00
4.121951219512195422e-05,3.392246643483967983e+00
4.123170731707316973e-05,3.756882780042571479e+00
4.124390243902439202e-05,4.088672254945849183e+00
4.125609756097560753e-05,4.378944270251134085e+00
4.126829268292682982e-05,4.620113021755986260e+00
4.128048780487805211e-05,4.805875942102205478e+00
4.129268292682926762e-05,4.931378408496215116e+00
4.130487804878048990e-05,4.993340610667857504e+00
4.131707317073170542e-05,4.990143263571129140e+00
4.132926829268292770e-05,4.921869924861484336e+00
4.134146341463414322e-05,4.790304811247468209e+00
4.135365853658536550e-05,4.598886170782874316e+00
4.136585365853658779e-05,4.352616429642869988e+00
4.137804878048780330e-05,4.057931461555444486e+00
4.139024390243902559e-05,3.722532396327965731e+00
4.140243902439024110e-05,3.355184362889236827e+00
4.141463414634146339e-05,2.965487426380696512e+00
4.142682926829268568e-05,2.563625705500824026e+00
4.143902439024390119e-05,2.160101226522889828e+00
4.145121951219512348e-05,1.765459469296045247e+00
4.146341463414633899e-05,1.390013777659508509e+00
4.147560975609756128e-05,1.043575836360683518e+00
4.148780487804878356e-05,7.351992580542512368e-01
4.149999999999999907e-05,4.729429813231766921e-01
4.151219512195122136e-05,2.636606629483466691e-01
4.152439024390243687e-05,1.128215683314643947e-01
4.153658536585365916e-05,2.436764081324049869e-02
4.154878048780487467e-05,6.104851634938235350e-04
4.156097560975609696e-05,4.217095741261633890e-02
4.157317073170731925e-05,1.479629397524564460e-01
4.158536585365853476e-05,3.152217245229458342e-01
4.159756097560975705e-05,5.395762655139559882e-01
4.160975609756097256e-05,8.151634084074346198e-01
4.162195121951219485e-05,1.134781115127516227e+00
4.163414634146341714e-05,1.490076677817357087e+00
4.164634146341463265e-05,1.871765003769258140e+00
4.165853658536585493e-05,2.269871266770701723e+00
4.167073170731707045e-05,2.673991583554471863e+00
4.168292682926829273e-05,3.073564902983894509e+00
4.169512195121951502e-05,3.458149002571196284e+00
4.170731707317073053e-05,3.817693379598187775e+00
4.171951219512195282e-05,4.142801905253256756e+00
4.173170731707316833e-05,4.424978377731963342e+00
4.174390243902439062e-05,4.656848557156611612e+00
4.175609756097561291e-05,4.832352879777275234e+00
4.176829268292682842e-05,4.946904815174553605e+00
4.178048780487805071e-05,4.997510728044090911e+00
4.179268292682926622e-05,4.982848112163059895e+00
4.180487804878048851e-05,4.903300152018129410e+00
4.181707317073170402e-05,4.760945708879341431e+00
4.182926829268292631e-05,4.559504993018443031e+00
4.184146341463414859e-05,4.304242341844384256e+00
4.185365853658536410e-05,4.001828644695101467e+00
4.186585365853658639e-05,3.660167009599446075e+00
4.187804878048780190e-05,3.288186227934958517e+00
4.189024390243902419e-05,2.895607434457454943e+00
4.190243902439024648e-05,2.492690060680823994e+00
4.191463414634146199e-05,2.089963720712081141e+00
4.192682926829268428e-05,1.697953036289061579e+00
4.193902439024389979e-05,1.326902592285861049e+00
4.195121951219512208e-05,9.865092105415562695e-01
4.196341463414634437e-05,6.856685386199696808e-01
4.197560975609755988e-05,4.322425760008887785e-01
4.198780487804878216e-05,2.328542130453463699e-01
4.199999999999999768e-05,9.271415213557787638e-02
4.201219512195121996e-05,1.548473413418527400e-02
4.202439024390244225e-05,3.184228845942715935e-03
4.203658536585365776e-05,5.613409069906794002e-02
4.204878048780488005e-05,1.729505580376491380e-01
4.206097560975609556e-05,3.505808155637266665e-01
4.207317073170731785e-05,5.843827748812433498e-01
4.208536585365853336e-05,8.682463882001743016e-01
4.209756097560975565e-05,1.194753324861073329e+00
4.210975609756097794e-05,1.555370837779730175e+00
4.212195121951219345e-05,1.940674753419052490e+00
4.213414634146341574e-05,2.340595757797216958e+00
4.214634146341463125e-05,2.744682542224948563e+00
4.215853658536585354e-05,3.142374931881144917e+00
4.217073170731707582e-05,3.523279859429842453e+00
4.218292682926829133e-05,3.877442971548038742e+00
4.219512195121951362e-05,4.195608770348936645e+00
4.220731707317072913e-05,4.469462491313714203e+00
4.221951219512195142e-05,4.691847396631972700e+00
4.223170731707317371e-05,4.856951805327132554e+00
4.224390243902438922e-05,4.960460972431431692e+00
4.225609756097561151e-05,4.999669848083329704e+00
4.226829268292682702e-05,4.973553769766295929e+00
4.228048780487804931e-05,4.882795240257697067e+00
4.229268292682927160e-05,4.729766091488449398e+00
4.230487804878048711e-05,4.518465500432634840e+00
4.231707317073170939e-05,4.254415476884834568e+00
4.232926829268292491e-05,3.944516554388537877e+00
4.234146341463414719e-05,3.596867455605676334e+00
4.235365853658536271e-05,3.220553444893838879e+00
4.236585365853658499e-05,2.825408899158904141e+00
4.237804878048780728e-05,2.421760301828652207e+00
4.239024390243902279e-05,2.020156376392534536e+00
4.240243902439024508e-05,1.631092412042792983e+00
4.241463414634146059e-05,1.264735985742821089e+00
4.242682926829268288e-05,9.306612485355452158e-01
4.243902439024390517e-05,6.375987201124604375e-01
4.245121951219512068e-05,3.932071303630157999e-01
4.246341463414634297e-05,2.038732704720658262e-01
4.247560975609755848e-05,7.454508414177585252e-02
4.248780487804878077e-05,8.602360837119960024e-03
4.250000000000000305e-05,7.768410285599713916e-03
4.251219512195121856e-05,7.206502647790280491e-02
4.252439024390244085e-05,1.998119181162225644e-01
4.253658536585365636e-05,3.876706203938051765e-01
4.254878048780487865e-05,6.307317405411583255e-01
4.256097560975610094e-05,9.226432571112397341e-01
4.257317073170731645e-05,1.255776520105500227e+00
4.258536585365853874e-05,1.621425613785779429e+00
4.259756097560975425e-05,2.010034872137834494e+00
4.260975609756097654e-05,2.411448601227977218e+00
4.262195121951219205e-05,2.815176482345997488e+00
4.263414634146341434e-05,3.210667720046587625e+00
4.264634146341463662e-05,3.587586770649917600e+00
4.265853658536585214e-05,3.936083445480291765e+00
4.267073170731707442e-05,4.247050330109413352e+00
4.268292682926828994e-05,4.512360792357872796e+00
4.269512195121951222e-05,4.725081359092716760e+00
4.270731707317073451e-05,4.879652911680278038e+00
4.271951219512195002e-05,4.972035964839696121e+00
4.273170731707317231e-05,4.999816232260668514e+00
4.274390243902438782e-05,4.962267720191657183e+00
4.275609756097561011e-05,4.860371700149082486e+00
4.276829268292683240e-05,4.696791064924172865e+00
4.278048780487804791e-05,4.475800738053121286e+00
4.279268292682927020e-05,4.203175955390177521e+00
4.280487804878048571e-05,3.886041338369851328e+00
4.281707317073170800e-05,3.532684703190587250e+00
4.282926829268292351e-05,3.152340471728511950e+00
4.284146341463414579e-05,2.754948344393131965e+00
4.285365853658536808e-05,2.350893541634949013e+00
4.286585365853658359e-05,1.950735402485096248e+00
4.287804878048780588e-05,1.564931432777360243e+00
4.289024390243902139e-05,1.203564014624261214e+00
4.290243902439024368e-05,8.760769191594279803e-01
4.291463414634146597e-05,5.910285083820991936e-01
4.292682926829268148e-05,3.558680757767702652e-01
4.293902439024390377e-05,1.767411707031780743e-01
4.295121951219511928e-05,5.832899409596592477e-02
4.296341463414634157e-05,3.726062613703895465e-03
4.297560975609756385e-05,1.435933829648794458e-02
4.298780487804877937e-05,8.995093714884694336e-02
4.300000000000000165e-05,2.285253912028686329e-01
4.301219512195121717e-05,4.264612742771038967e-01
4.302439024390243945e-05,6.785858422750261632e-01
4.303658536585366174e-05,9.783102147445736918e-01
4.304878048780487725e-05,1.317801564941989856e+00
4.306097560975609954e-05,1.688187818485196168e+00
4.307317073170731505e-05,2.079789511110835321e+00
4.308536585365853734e-05,2.482372746305259614e+00
4.309756097560975285e-05,2.885416642149365885e+00
4.310975609756097514e-05,3.278388278080192730e+00
4.312195121951219743e-05,3.651017956262252895e+00
4.313414634146341294e-05,3.993567584045450758e+00
4.314634146341463523e-05,4.297085163755779647e+00
4.315853658536585074e-05,4.553638739123421431e+00
4.317073170731707302e-05,4.756523684529788909e+00
4.318292682926829531e-05,4.900437919890254790e+00
4.319512195121951082e-05,4.981620472207646699e+00
4.320731707317073311e-05,4.997949762707468935e+00
4.321951219512194862e-05,4.948999050973938552e+00
4.323170731707317091e-05,4.836047587141932169e+00
4.324390243902439320e-05,4.662047180700065852e+00
4.325609756097560871e-05,4.431545059575429768e+00
4.326829268292683100e-05,4.150565035457777441e+00
4.328048780487804651e-05,3.826450080922754182e+00
4.329268292682926880e-05,3.467670432350078435e+00
4.330487804878049108e-05,3.083602233571636209e+00
4.331707317073170660e-05,2.684282505047325795e+00
4.332926829268292888e-05,2.280146842062940493e+00
4.334146341463414440e-05,1.881756696805174878e+00
4.335365853658536668e-05,1.499523371358268742e+00
4.336585365853658219e-05,1.143435934642695440e+00
4.337804878048780448e-05,8.228001737527828041e-01
4.339024390243902677e-05,5.459954017954202765e-01
4.340243902439024228e-05,3.202554776743022913e-01
4.341463414634146457e-05,1.514797605238711320e-01
4.342682926829268008e-05,4.407893920482974792e-02
4.343902439024390237e-05,8.597658625766335661e-04
4.345121951219512466e-05,2.295170585883710146e-02
4.346341463414634017e-05,1.097774209644626353e-01
4.347560975609756246e-05,2.590678571895264071e-01
4.348780487804877797e-05,4.669215429528970063e-01
4.350000000000000026e-05,7.279065479277817552e-01
4.351219512195122254e-05,1.035202438027795768e+00
4.352439024390243805e-05,1.380778516762494634e+00
4.353658536585366034e-05,1.755603694905345957e+00
4.354878048780487585e-05,2.149882503855307547e+00
4.356097560975609814e-05,2.553311084859490876e+00
4.357317073170732043e-05,2.955346464210321322e+00
4.358536585365853594e-05,3.345482077342844640e+00
4.359756097560975823e-05,3.713522341433308060e+00
4.360975609756097374e-05,4.049849100976043559e+00
4.362195121951219603e-05,4.345672983205951745e+00
4.363414634146341154e-05,4.593263094579218553e+00
4.364634146341463383e-05,4.786149055561109478e+00
4.365853658536585611e-05,4.919290093854409740e+00
4.367073170731707163e-05,4.989206777083428968e+00
4.368292682926829391e-05,4.994071942306286260e+00
4.369512195121950943e-05,4.933758446054552493e+00
4.370731707317073171e-05,4.809842487028777924e+00
4.371951219512195400e-05,4.625562414615616902e+00
4.373170731707316951e-05,4.385734099701972255e+00
4.374390243902439180e-05,4.096625079436146954e+00
4.375609756097560731e-05,3.765790764968028892e+00
4.376829268292682960e-05,3.401876992618987572e+00
4.378048780487805189e-05,3.014394078499609275e+00
4.379268292682926740e-05,2.613468281303110263e+00
4.380487804878048969e-05,2.209577168403241920e+00
4.381707317073170520e-05,1.813275801053502168e+00
4.382926829268292749e-05,1.434920894400805391e+00
4.384146341463414300e-05,1.084400160969504201e+00
4.385365853658536528e-05,7.708739107870277163e-01
4.386585365853658757e-05,5.025356610402877955e-01
4.387804878048780308e-05,2.863980113438264752e-01
4.389024390243902537e-05,1.281093804388042656e-01
4.390243902439024088e-05,3.180639362237203116e-02
4.391463414634146317e-05,5.778527854438664235e-06
4.392682926829268546e-05,3.353859439246464902e-02
4.393902439024390097e-05,1.315285136264967569e-01
4.395121951219512326e-05,2.914147232618091721e-01
4.396341463414633877e-05,5.090188477850021709e-01
4.397560975609756106e-05,7.786541444332915063e-01
4.398780487804878334e-05,1.093274117304242399e+00
4.399999999999999886e-05,1.444656666482572849e+00
4.401219512195122114e-05,1.823618959736680534e+00
4.402439024390243666e-05,2.220257411446100893e+00
4.403658536585365894e-05,2.624206497291647899e+00
4.404878048780488123e-05,3.024909640988296733e+00
4.406097560975609674e-05,3.411895093861741390e+00
4.407317073170731903e-05,3.775049597589628991e+00
4.408536585365853454e-05,4.104882678356574388e+00
4.409756097560975683e-05,4.392774665514844301e+00
4.410975609756097234e-05,4.631201953167467522e+00
4.412195121951219463e-05,4.813933617817902189e+00
4.413414634146341692e-05,4.936194253789443209e+00
4.414634146341463243e-05,4.994788770969198488e+00
4.415853658536585472e-05,4.988185893480715727e+00
4.417073170731707023e-05,4.916558177179070732e+00
4.418292682926829251e-05,4.781777500173963524e+00
4.419512195121951480e-05,4.587366144229156895e+00
4.420731707317073031e-05,4.338404745448799282e+00
4.421951219512195260e-05,4.041399519814564023e+00
4.423170731707316811e-05,3.704112233428628720e+00
4.424390243902439040e-05,3.335357360920264469e+00
4.425609756097561269e-05,2.944771732965694611e+00
4.426829268292682820e-05,2.542562692821610515e+00
4.428048780487805049e-05,2.139241343405084983e+00
4.429268292682926600e-05,1.745347856093645067e+00
4.430487804878048829e-05,1.371176019863875162e+00
4.431707317073171057e-05,1.026504229249331823e+00
4.432926829268292609e-05,7.203399413244213623e-01
4.434146341463414837e-05,4.606842799295183255e-01
4.435365853658536389e-05,2.543229388401373470e-01
4.436585365853658617e-05,1.066488482938350302e-01
4.437804878048780168e-05,2.152123921058191058e-02
4.439024390243902397e-05,1.164788240703984457e-03
4.440243902439024626e-05,4.611147932752190925e-02
4.441463414634146177e-05,1.551867011403422758e-01
4.442682926829268406e-05,3.255399437012949093e-01
4.443902439024389957e-05,5.527192919950938421e-01
4.445121951219512186e-05,8.307877697925261096e-01
4.446341463414634415e-05,1.152478493218260347e+00
4.447560975609755966e-05,1.509384579372621271e+00
4.448780487804878195e-05,1.892178847041970702e+00
4.449999999999999746e-05,2.290857567959191154e+00
4.451219512195121974e-05,2.695001898567703336e+00
4.452439024390244203e-05,3.094050160166315955e+00
4.453658536585365754e-05,3.477573851830808582e+00
4.454878048780487983e-05,3.835550182942708997e+00
4.456097560975609534e-05,4.158624003112661782e+00
4.457317073170731763e-05,4.438352284375446821e+00
4.458536585365853992e-05,4.667424766493568633e+00
4.459756097560975543e-05,4.839854999151739001e+00
4.460975609756097772e-05,4.951136788454277848e+00
4.462195121951219323e-05,4.998361959239691288e+00
4.463414634146341552e-05,4.980296355681322673e+00
4.464634146341463103e-05,4.897412094015633599e+00
4.465853658536585332e-05,4.751875224523992358e+00
4.467073170731707560e-05,4.547489125203581395e+00
4.468292682926829112e-05,4.289595106443949035e+00
4.469512195121951340e-05,3.984932824250970285e+00
4.470731707317072891e-05,3.641464149899860558e+00
4.471951219512195120e-05,3.268165098906335775e+00
4.473170731707317349e-05,2.874791256929872141e+00
4.474390243902438900e-05,2.471622832830901118e+00
4.475609756097561129e-05,2.069196001522318085e+00
4.476829268292682680e-05,1.678027557553633198e+00
4.478048780487804909e-05,1.308340075163552330e+00
4.479268292682927138e-05,9.697947573262424292e-01
4.480487804878048689e-05,6.712389553515476504e-01
4.481707317073170918e-05,4.204749572236492483e-01
4.482926829268292469e-05,2.240560870336874011e-01
4.484146341463414697e-05,8.711544412421634576e-02
4.485365853658536249e-05,1.323175758278827274e-02
4.486585365853658477e-05,4.335861765716764182e-03
4.487804878048780706e-05,6.066023696850741942e-02
4.489024390243902257e-05,1.807329339174281735e-01
4.490243902439024486e-05,3.614160408570006311e-01
4.491463414634146037e-05,5.979876879557699532e-01
4.492682926829268266e-05,8.842654459748868767e-01
4.493902439024390495e-05,1.212767894366094446e+00
4.495121951219512046e-05,1.574910136473418376e+00
4.496341463414634275e-05,1.961228152352776366e+00
4.497560975609755826e-05,2.361626126100814904e+00
4.498780487804878055e-05,2.765640284182395270e+00
4.500000000000000283e-05,3.162712349751308771e+00
4.501219512195121835e-05,3.542465466669715290e+00
4.502439024390244063e-05,3.894975382380306606e+00
4.503658536585365614e-05,4.211029802693282420e+00
4.504878048780487843e-05,4.482369140658244433e+00
4.506097560975610072e-05,4.701902367923304737e+00
4.507317073170731623e-05,4.863892327648740022e+00
4.508536585365853852e-05,4.964105666109885462e+00
4.509756097560975403e-05,4.999923464761254266e+00
4.510975609756097632e-05,4.970409681569290861e+00
4.512195121951219183e-05,4.876335613003424996e+00
4.513414634146341412e-05,4.720159737411556478e+00
4.514634146341463641e-05,4.505963466541734519e+00
4.515853658536585192e-05,4.239344484242336897e+00
4.517073170731707420e-05,3.927270459767494337e+00
4.518292682926828972e-05,3.577896958661193061e+00
4.519512195121951200e-05,3.200354309832278421e+00
4.520731707317073429e-05,2.804508998719044133e+00
4.521951219512194980e-05,2.400705822154213465e+00
4.523170731707317209e-05,1.999497543312430903e+00
4.524390243902438760e-05,1.611369111783367281e+00
4.525609756097560989e-05,1.246463655845249541e+00
4.526829268292683218e-05,9.143174077053670690e-01
4.528048780487804769e-05,6.236104890155214076e-01
4.529268292682926998e-05,3.819400694965207066e-01
4.530487804878048549e-05,1.956218268140066385e-01
4.531707317073170778e-05,6.952489624018109993e-02
4.532926829268293006e-05,6.944623435214847262e-03
4.534146341463414558e-05,9.516445752333790864e-03
4.535365853658536786e-05,7.717315264594271085e-02
4.536585365853658337e-05,2.081466421135411693e-01
4.537804878048780566e-05,3.990141272712275367e-01
4.539024390243902117e-05,6.447875855238125453e-01
4.540243902439024346e-05,9.390441127191364590e-01
4.541463414634146575e-05,1.274093775680932739e+00
4.542682926829268126e-05,1.641180576561292348e+00
4.543902439024390355e-05,2.030711277121768354e+00
4.545121951219511906e-05,2.432506102979821172e+00
4.546341463414634135e-05,2.836064776059581405e+00
4.547560975609756364e-05,3.230840922901518919e+00
4.548780487804877915e-05,3.606517687605535372e+00
4.550000000000000144e-05,3.953277346690939442e+00
4.551219512195121695e-05,4.262057879912967806e+00
4.552439024390243923e-05,4.524789791960619034e+00
4.553658536585366152e-05,4.734606996068702500e+00
4.554878048780487703e-05,4.886026248435733521e+00
4.556097560975609932e-05,4.975090444207054041e+00
4.557317073170731483e-05,4.999472030208596429e+00
4.558536585365853712e-05,4.958533831901339006e+00
4.559756097560975941e-05,4.853345704939197702e+00
4.560975609756097492e-05,4.686656576168314103e+00
4.562195121951219721e-05,4.462822604732036957e+00
4.563414634146341272e-05,4.187693340678948495e+00
4.564634146341463501e-05,3.868458856139014301e+00
4.565853658536585052e-05,3.513461844058249017e+00
4.567073170731707281e-05,3.131979594991578075e+00
4.568292682926829509e-05,2.733981549655044141e+00
4.569512195121951061e-05,2.329868763217349592e+00
4.570731707317073289e-05,1.930202090021099437e+00
4.571951219512194840e-05,1.545426192208721128e+00
4.573170731707317069e-05,1.185596584843889190e+00
4.574390243902439298e-05,8.601168507863548029e-01
4.575609756097560849e-05,5.774928927902136522e-01
4.576829268292683078e-05,3.451106450662511094e-01
4.578048780487804629e-05,1.690430534667646256e-01
4.579268292682926858e-05,5.389136856285103860e-02
4.580487804878049087e-05,2.664899172603263366e-03
4.581707317073170638e-05,1.670236879083741854e-02
4.582926829268292867e-05,9.563693014876051279e-02
4.584146341463414418e-05,2.374057521922940950e-01
4.585365853658536646e-05,4.383039289392214322e-01
4.586585365853658875e-05,6.930813013900638531e-01
4.587804878048780426e-05,9.950796622057809238e-01
4.589024390243902655e-05,1.336406757521679589e+00
4.590243902439024206e-05,1.708142538633070417e+00
4.591463414634146435e-05,2.100572273489622610e+00
4.592682926829267986e-05,2.503440425990616003e+00
4.593902439024390215e-05,2.906218668350499801e+00
4.595121951219512444e-05,3.298381022443775734e+00
4.596341463414633995e-05,3.669678939746665591e+00
4.597560975609756224e-05,4.010409131093528146e+00
4.598780487804877775e-05,4.311667146929233141e+00
4.600000000000000004e-05,4.565580081145288460e+00
4.601219512195122232e-05,4.765512317141053167e+00
4.602439024390243784e-05,4.906238939264468968e+00
4.603658536585366012e-05,4.984082277795042870e+00
4.604878048780487563e-05,4.997008019077126662e+00
4.606097560975609792e-05,4.944678369119698047e+00
4.607317073170732021e-05,4.828460881312746977e+00
4.608536585365853572e-05,4.651392717562753631e+00
4.609756097560975801e-05,4.418101276826109647e+00
4.610975609756097352e-05,4.134683265289711862e+00
4.612195121951219581e-05,3.808545368508774231e+00
4.613414634146341132e-05,3.448210689288870867e+00
4.614634146341463361e-05,3.063096009750854165e+00
4.615853658536585590e-05,2.663265698488395117e+00
4.617073170731707141e-05,2.259168694068062422e+00
4.618292682926829369e-05,1.861365438394447569e+00
4.619512195121950921e-05,1.480251896113389476e+00
4.620731707317073149e-05,1.125787872366204256e+00
4.621951219512195378e-05,8.072367288942938757e-01
4.623170731707316929e-05,5.329233005952800362e-01
4.624390243902439158e-05,3.100163390102834704e-01
4.625609756097560709e-05,1.443411682383382022e-01
4.626829268292682938e-05,4.022744921934506834e-02
4.628048780487805167e-05,3.960308318076144474e-04
4.629268292682926718e-05,2.588784477105221526e-02
4.630487804878048947e-05,1.160367024308190942e-01
4.631707317073170498e-05,2.684867046983505645e-01
4.632926829268292727e-05,4.792538096859551011e-01
4.634146341463414955e-05,7.428299494212728948e-01
4.635365853658536507e-05,1.052326974571810014e+00
4.636585365853658735e-05,1.399656665432474023e+00
4.637804878048780286e-05,1.775742104871345317e+00
4.639024390243902515e-05,2.170754889334544746e+00
4.640243902439024066e-05,2.574371978768347446e+00
4.641463414634146295e-05,2.976045473093640314e+00
4.642682926829268524e-05,3.365278265043447625e+00
4.643902439024390075e-05,3.731898365609920720e+00
4.645121951219512304e-05,4.066324733036411843e+00
4.646341463414633855e-05,4.359817658326724299e+00
4.647560975609756084e-05,4.604707163843809070e+00
4.648780487804878313e-05,4.794593446154561178e+00
4.649999999999999864e-05,4.924514124862636955e+00
4.651219512195122092e-05,4.991073926643331049e+00
4.652439024390243644e-05,4.992533415390283835e+00
4.653658536585365872e-05,4.928854449652355640e+00
4.654878048780488101e-05,4.801701179400780894e+00
4.656097560975609652e-05,4.614396556077680955e+00
4.657317073170731881e-05,4.371835492467429418e+00
4.658536585365853432e-05,4.080356941823387373e+00
4.659756097560975661e-05,3.747578239257766786e+00
4.660975609756097890e-05,3.382196034627519055e+00
4.662195121951219441e-05,2.993759019220348261e+00
4.663414634146341670e-05,2.592418385670272940e+00
4.664634146341463221e-05,2.188662542450120263e+00
4.665853658536585450e-05,1.793043015751186076e+00
4.667073170731707001e-05,1.415898701884662048e+00
4.668292682926829230e-05,1.067085676428641827e+00
4.669512195121951458e-05,7.557196211397234631e-01
4.670731707317073009e-05,4.899375998966704060e-01
4.671951219512195238e-05,2.766854092877260030e-01
4.673170731707316789e-05,1.215360611034275173e-01
4.674390243902439018e-05,2.854414040676944708e-02
4.675609756097561247e-05,1.398453071761451838e-04
4.676829268292682798e-05,3.706547754149580598e-02
4.678048780487805027e-05,1.383560435816018064e-01
4.679268292682926578e-05,3.013644732276117288e-01
4.680487804878048807e-05,5.218307966397723874e-01
4.681707317073171036e-05,7.939934719726051693e-01
4.682926829268292587e-05,1.110739954242589977e+00
4.684146341463414815e-05,1.463792570544692140e+00
4.685365853658536367e-05,1.843924844059402712e+00
4.686585365853658595e-05,2.241202613566520174e+00
4.687804878048780824e-05,2.645243647178187718e+00
4.689024390243902375e-05,3.045488965697769501e+00
4.690243902439024604e-05,3.431478784995562137e+00
4.691463414634146155e-05,3.793125866071275887e+00
4.692682926829268384e-05,4.120979129238873995e+00
4.693902439024389935e-05,4.406470643280526289e+00
4.695121951219512164e-05,4.642139534902264941e+00
4.696341463414634393e-05,4.821826966964492200e+00
4.697560975609755944e-05,4.940837090038362689e+00
4.698780487804878173e-05,4.996059761071511396e+00
4.699999999999999724e-05,4.986051822101972064e+00
4.701219512195121953e-05,4.911074814930158183e+00
4.702439024390244181e-05,4.773088146133698473e+00
4.703658536585365732e-05,4.575697881047486426e+00
4.704878048780487961e-05,4.324062504897032255e+00
4.706097560975609512e-05,4.024758113872356269e+00
4.707317073170731741e-05,3.685606559159682494e+00
4.708536585365853970e-05,3.315471035119297305e+00
4.709756097560975521e-05,2.924024453591721695e+00
4.710975609756097750e-05,2.521496657505148509e+00
4.712195121951219301e-05,2.118407079964761852e+00
4.713414634146341530e-05,1.725289835352228351e+00
4.714634146341463081e-05,1.352418426758819292e+00
4.715853658536585310e-05,1.009537264079056529e+00
4.717073170731707538e-05,7.056070091326336335e-01
4.718292682926829090e-05,4.485704028098256302e-01
4.719512195121951318e-05,2.451446939858605845e-01
4.720731707317072870e-05,1.006460947499920877e-01
4.721951219512195098e-05,1.885084953342142100e-02
4.723170731707317327e-05,1.896548879455117742e-03
4.724390243902438878e-05,5.022626686465869739e-02
4.725609756097561107e-05,1.625769820524323173e-01
4.726829268292682658e-05,3.360125845786372523e-01
4.728048780487804887e-05,5.660006067814762343e-01
4.729268292682927116e-05,8.465306721404926016e-01
4.730487804878048667e-05,1.170271567047159067e+00
4.731707317073170896e-05,1.528762830583913823e+00
4.732926829268292447e-05,1.912635855409548169e+00
4.734146341463414676e-05,2.311858721630364322e+00
4.735365853658536904e-05,2.715998365304244100e+00
4.736585365853658455e-05,3.114493230215688246e+00
4.737804878048780684e-05,3.496929277596426466e+00
4.739024390243902235e-05,3.853312140705713595e+00
4.740243902439024464e-05,4.174328311944128345e+00
4.741463414634146015e-05,4.451588536775617833e+00
4.742682926829268244e-05,4.677847053750180173e+00
4.743902439024390473e-05,4.847190951121365998e+00
4.745121951219512024e-05,4.955194691528983952e+00
4.746341463414634253e-05,4.999035766482309739e+00
4.747560975609755804e-05,4.977568458195564816e+00
4.748780487804878033e-05,4.891353781127016909e+00
4.750000000000000262e-05,4.742644820745240963e+00
4.751219512195121813e-05,4.535327852671627191e+00
4.752439024390244041e-05,4.274820780957004018e+00
4.753658536585365593e-05,3.967931549651147805e+00
4.754878048780487821e-05,3.622680227853984469e+00
4.756097560975610050e-05,3.248089417778930788e+00
4.757317073170731601e-05,2.853948463184650564e+00
4.758536585365853830e-05,2.450557620216778698e+00
4.759756097560975381e-05,2.048458876357888148e+00
4.760975609756097610e-05,1.658160452105059246e+00
4.762195121951219839e-05,1.289862185096062097e+00
4.763414634146341390e-05,9.531889733382159502e-01
4.764634146341463619e-05,6.569392435822982712e-01
4.765853658536585170e-05,4.088550182298216207e-01
4.767073170731707399e-05,2.154195897099868695e-01
4.768292682926828950e-05,8.168808979305364204e-02
4.769512195121951179e-05,1.115538164365359464e-02
4.770731707317073407e-05,5.664727049733642161e-03
4.771951219512194958e-05,6.535961566402548328e-02
4.773170731707317187e-05,1.886800151272880477e-01
4.774390243902438738e-05,3.724031400683229798e-01
4.775609756097560967e-05,6.117276745500652702e-01
4.776829268292683196e-05,9.003992469358270689e-01
4.778048780487804747e-05,1.230873878090394946e+00
4.779268292682926976e-05,1.594515131452564294e+00
4.780487804878048527e-05,1.981819812768156108e+00
4.781707317073170756e-05,2.382666321179238267e+00
4.782926829268292985e-05,2.786579161399640459e+00
4.784146341463414536e-05,3.183002704366672653e+00
4.785365853658536764e-05,3.561577042064880239e+00
4.786585365853658316e-05,3.912408727484195659e+00
4.787804878048780544e-05,4.226329324353546468e+00
4.789024390243902773e-05,4.495135009853640007e+00
4.790243902439024324e-05,4.711800968669090039e+00
4.791463414634146553e-05,4.870664975527887464e+00
4.792682926829268104e-05,4.967575368584060236e+00
4.793902439024390333e-05,4.999999546594144917e+00
4.795121951219511884e-05,4.967090154481429209e+00
4.796341463414634113e-05,4.869707227632764202e+00
4.797560975609756342e-05,4.710395716221722040e+00
4.798780487804877893e-05,4.493318976924237873e+00
4.800000000000000122e-05,4.224149970116746644e+00
4.801219512195121673e-05,3.909923005947703700e+00
4.802439024390243902e-05,3.558849913665195430e+00
4.803658536585366130e-05,3.180105438330534273e+00
4.804878048780487681e-05,2.783587473234275134e+00
4.806097560975609910e-05,2.379658393965956797e+00
4.807317073170731461e-05,1.978874253971180552e+00
4.808536585365853690e-05,1.591708918634456627e+00
4.809756097560975919e-05,1.228280347225228164e+00
4.810975609756097470e-05,8.980861758881513168e-01
4.812195121951219699e-05,6.097555118066408930e-01
4.813414634146341250e-05,3.708234250116539954e-01
4.814634146341463479e-05,1.875340311345246036e-01
4.815853658536585030e-05,6.467731123109787816e-02
4.817073170731707259e-05,5.463933133445397772e-03
4.818292682926829487e-05,1.144134567838506200e-02
4.819512195121951039e-05,8.245333855692349445e-02
4.820731707317073267e-05,2.166441246259727116e-01
4.821951219512194819e-05,4.105068379967717895e-01
4.823170731707317047e-05,6.589751804794687917e-01
4.824390243902439276e-05,9.555558213455430661e-01
4.825609756097560827e-05,1.292498090350473694e+00
4.826829268292683056e-05,1.660996529353528262e+00
4.828048780487804607e-05,2.051421009165978582e+00
4.829268292682926836e-05,2.453568397886106478e+00
4.830487804878049065e-05,2.856929203759352554e+00
4.831707317073170616e-05,3.250962224275537160e+00
4.832926829268292845e-05,3.625370023977255052e+00
4.834146341463414396e-05,3.970368041794378300e+00
4.835365853658536625e-05,4.276940295216782317e+00
4.836585365853658853e-05,4.537074998864501829e+00
4.837804878048780404e-05,4.743973939943608720e+00
4.839024390243902633e-05,4.892230138883637558e+00
4.840243902439024184e-05,4.977969152273907127e+00
4.841463414634146413e-05,4.998950325370608461e+00
4.842682926829267964e-05,4.954625348096843851e+00
4.843902439024390193e-05,4.846152584266997465e+00
4.845121951219512422e-05,4.676366799564036114e+00
4.846341463414633973e-05,4.449705079380981587e+00
4.847560975609756202e-05,4.172090872548022134e+00
4.848780487804877753e-05,3.850779191280871316e+00
4.849999999999999982e-05,3.494167012805716066e+00
4.851219512195122210e-05,3.111573837520601238e+00
4.852439024390243762e-05,2.712998138457277886e+00
4.853658536585365990e-05,2.308856066858450795e+00
4.854878048780487542e-05,1.909709242389634021e+00
4.856097560975609770e-05,1.525988741760369471e+00
4.857317073170731999e-05,1.167722498883805082e+00
4.858536585365853550e-05,8.442732405386366157e-01
4.859756097560975779e-05,5.640938061784011026e-01
4.860975609756097330e-05,3.345062462198868936e-01
4.862195121951219559e-05,1.615104717300832604e-01
4.863414634146341788e-05,4.962745615453778569e-02
4.864634146341463339e-05,1.781086761008410235e-03
4.865853658536585568e-05,1.922175342819620880e-02
4.867073170731707119e-05,1.014936716659144977e-01
4.868292682926829348e-05,2.464467938285990201e-01
4.869512195121950899e-05,4.502929972404943193e-01
4.870731707317073127e-05,7.077050808457763242e-01
4.871951219512195356e-05,1.011955983258409963e+00
4.873170731707316907e-05,1.355094583969274513e+00
4.874390243902439136e-05,1.728153493419464226e+00
4.875609756097560687e-05,2.121383401672333857e+00
4.876829268292682916e-05,2.524507861350578697e+00
4.878048780487805145e-05,2.926991846481421966e+00
4.879268292682926696e-05,3.318317068890894728e+00
4.880487804878048925e-05,3.688256857180612691e+00
4.881707317073170476e-05,4.027143414757194506e+00
4.882926829268292705e-05,4.326120472545673223e+00
4.884146341463414933e-05,4.577374733700702691e+00
4.885365853658536485e-05,4.774340061875498975e+00
4.886585365853658713e-05,4.911869076904489262e+00
4.887804878048780265e-05,4.986367673516880927e+00
4.889024390243902493e-05,4.995888947645351408e+00
4.890243902439024722e-05,4.940184075712323875e+00
4.891463414634146273e-05,4.820708817244575783e+00
4.892682926829268502e-05,4.640585470878876961e+00
4.893902439024390053e-05,4.404521277981659821e+00
4.895121951219512282e-05,4.118685406271401561e+00
4.896341463414633833e-05,3.790547728290448504e+00
4.897560975609756062e-05,3.428683607991314108e+00
4.898780487804878291e-05,3.042549797040439152e+00
4.899999999999999842e-05,2.642237297434600674e+00
4.901219512195122071e-05,2.238207648975922837e+00
4.902439024390243622e-05,1.841019533327618252e+00
4.903658536585365850e-05,1.461052839413918614e+00
4.904878048780488079e-05,1.108237401292467617e+00
4.906097560975609630e-05,7.917934975022480337e-01
4.907317073170731859e-05,5.199908935343748873e-01
4.908536585365853410e-05,2.999327244715868090e-01
4.909756097560975639e-05,1.373698656843949095e-01
4.910975609756097868e-05,3.655064271703656331e-02
4.912195121951219419e-05,1.098079567447562965e-04
4.913414634146341648e-05,2.899968550949250101e-02
4.914634146341463199e-05,1.224652837018922469e-01
4.915853658536585428e-05,2.780640256056536863e-01
4.917073170731706979e-05,4.917295819570060011e-01
4.918292682926829208e-05,7.578781383002717309e-01
4.919512195121951436e-05,1.069554319225925809e+00
4.920731707317072988e-05,1.418612956207803588e+00
4.921951219512195216e-05,1.795931948817492518e+00
4.923170731707316767e-05,2.191650656521189955e+00
4.924390243902438996e-05,2.595427591068421691e+00
4.925609756097561225e-05,2.996710675078552377e+00
4.926829268292682776e-05,3.385013004045508644e+00
4.928048780487805005e-05,3.750186905154341943e+00
4.929268292682926556e-05,4.082689130803718314e+00
4.930487804878048785e-05,4.373830256427981844e+00
4.931707317073171014e-05,4.616001764988341804e+00
4.932926829268292565e-05,4.802874883642484605e+00
4.934146341463414794e-05,4.929565976304033370e+00
4.935365853658536345e-05,4.992764169817965225e+00
4.936585365853658574e-05,4.990817878441799138e+00
4.937804878048780802e-05,4.923777965450334193e+00
4.939024390243902353e-05,4.793396413903899145e+00
4.940243902439024582e-05,4.603080541316725061e+00
4.941463414634146133e-05,4.357803954753892484e+00
4.942682926829268362e-05,4.063976573404656456e+00
4.943902439024389913e-05,3.729277115391402830e+00
4.945121951219512142e-05,3.362452426503820035e+00
4.946341463414634371e-05,2.973088895094945006e+00
4.947560975609755922e-05,2.571361926843282131e+00
4.948780487804878151e-05,2.167770026472505052e+00
4.949999999999999702e-05,1.772860435785591937e+00
4.951219512195121931e-05,1.396953498027586615e+00
4.952439024390244159e-05,1.049872951892024897e+00
4.953658536585365711e-05,7.406892035035568256e-01
4.954878048780487939e-05,4.774822855696347901e-01
4.956097560975609491e-05,2.671306983899808252e-01
4.957317073170731719e-05,1.151316510298689977e-01
4.958536585365853948e-05,2.545740037756560881e-02
4.959756097560975499e-05,4.514424354966628528e-04
4.960975609756097728e-05,4.076726872473823704e-02
4.962195121951219279e-05,1.453512883085830154e-01
4.963414634146341508e-05,3.114703617406040514e-01
4.964634146341463737e-05,5.347832273802841652e-01
4.965853658536585288e-05,8.094539534625635469e-01
4.967073170731707517e-05,1.128304451028331323e+00
4.968292682926829068e-05,1.483002062029530554e+00
4.969512195121951297e-05,1.864277320289224882e+00
4.970731707317072848e-05,2.262166194471430636e+00
4.971951219512195076e-05,2.666270482425312061e+00
4.973170731707317305e-05,3.066029551901977346e+00
4.974390243902438856e-05,3.450996326127297564e+00
4.975609756097561085e-05,3.811110301781690524e+00
4.976829268292682636e-05,4.136960464485607503e+00
4.978048780487804865e-05,4.420031230913457065e+00
4.979268292682927094e-05,4.652924990215698386e+00
4.980487804878048645e-05,4.829555428986793686e+00
4.981707317073170874e-05,4.945306587526919095e+00
4.982926829268292425e-05,4.997153490713985846e+00
4.984146341463414654e-05,4.983741200988323961e+00
4.985365853658536882e-05,4.905420227521883447e+00
4.986585365853658434e-05,4.764237366210932301e+00
4.987804878048780662e-05,4.563882209872232920e+00
4.989024390243902214e-05,4.309590726518118586e+00
4.990243902439024442e-05,4.008008425537221697e+00
4.991463414634146671e-05,3.667016687722664425e+00
4.992682926829268222e-05,3.295526797736147095e+00
4.993902439024390451e-05,2.903247061649335770e+00
4.995121951219512002e-05,2.500429095579930650e+00
4.996341463414634231e-05,2.097599915769747358e+00
4.997560975609755782e-05,1.705286831514986279e+00
4.998780487804878011e-05,1.333742330435169876e+00
5.000000000000000240e-05,9.926761457773007891e-01
5.001219512195121791e-05,6.910015077548501417e-01
5.002439024390244020e-05,4.366022102442275177e-01
5.003658536585365571e-05,2.361265801886611726e-01
5.004878048780487799e-05,9.481373399199233276e-02
5.006097560975610028e-05,1.635666142249014854e-02
5.007317073170731579e-05,2.805715112939033418e-03
5.008536585365853808e-05,5.451502780792472080e-02
5.009756097560975359e-05,1.701332576595087076e-01
5.010975609756097588e-05,3.466389034290164872e-01
5.012195121951219817e-05,5.794192666855870755e-01
5.013414634146341368e-05,8.623909974514010202e-01
5.014634146341463597e-05,1.188159073019767309e+00
5.015853658536585148e-05,1.548210055282651654e+00
5.017073170731707377e-05,1.933134576095065782e+00
5.018292682926829605e-05,2.332873236363654179e+00
5.019512195121951157e-05,2.736979492676376413e+00
5.020731707317073385e-05,3.134892661345209497e+00
5.021951219512194937e-05,3.516213905320442201e+00
5.023170731707317165e-05,3.870977991502255300e+00
5.024390243902438716e-05,4.189913716488276485e+00
5.025609756097560945e-05,4.464686194945649333e+00
5.026829268292683174e-05,4.688114678776407196e+00
5.028048780487804725e-05,4.854360214715169874e+00
5.029268292682926954e-05,4.959078236222282499e+00
5.030487804878048505e-05,4.999532101920779681e+00
5.031707317073170734e-05,4.974664613430384463e+00
5.032926829268292963e-05,4.885125643590187750e+00
5.034146341463414514e-05,4.733255153050607511e+00
5.035365853658536743e-05,4.523022039068544942e+00
5.036585365853658294e-05,4.259920414598507676e+00
5.037804878048780522e-05,3.950826028259597500e+00
5.039024390243902751e-05,3.603816577423184508e+00
5.040243902439024302e-05,3.227960610249836826e+00
5.041463414634146531e-05,2.833080533395405887e+00
5.042682926829268082e-05,2.429495918808526334e+00
5.043902439024390311e-05,2.027753817888515719e+00
5.045121951219511862e-05,1.638353130828463566e+00
5.046341463414634091e-05,1.271470234311550485e+00
5.047560975609756320e-05,9.366930378552462688e-01
5.048780487804877871e-05,6.427704188225413784e-01
5.050000000000000100e-05,3.973835842226107751e-01
5.051219512195121651e-05,2.069453344049394516e-01
5.052439024390243880e-05,7.643247457154744851e-02
5.053658536585366108e-05,9.255753772958730252e-03
5.054878048780487660e-05,7.170730327111130009e-03
5.056097560975609888e-05,7.023189305408683580e-02
5.057317073170731439e-05,1.967912372962037360e-01
5.058536585365853668e-05,3.835413329369208313e-01
5.059756097560975897e-05,6.256017589035174353e-01
5.060975609756097448e-05,9.166466453229571432e-01
5.062195121951219677e-05,1.249069990217893666e+00
5.063414634146341228e-05,1.614184430446912177e+00
5.064634146341463457e-05,2.002448272326082801e+00
5.065853658536585686e-05,2.403714848839350715e+00
5.067073170731707237e-05,2.807497686878748677e+00
5.068292682926829466e-05,3.203244554785686482e+00
5.069512195121951017e-05,3.580613228385814750e+00
5.070731707317073245e-05,3.929741768811784830e+00
5.071951219512194797e-05,4.241506248816770963e+00
5.073170731707317025e-05,4.507759192317331909e+00
5.074390243902439254e-05,4.721542495909456072e+00
5.075609756097560805e-05,4.877269267997270674e+00
5.076829268292683034e-05,4.970869833449226505e+00
5.078048780487804585e-05,4.999898088178964528e+00
5.079268292682926814e-05,4.963595424242530640e+00
5.080487804878049043e-05,4.862910554867959867e+00
5.081707317073170594e-05,4.700474721322033034e+00
5.082926829268292823e-05,4.480532929542981435e+00
5.084146341463414374e-05,4.208833013563793912e+00
5.085365853658536603e-05,3.892475424877424039e+00
5.086585365853658831e-05,3.539727673265022023e+00
5.087804878048780383e-05,3.159808268385009722e+00
5.089024390243902611e-05,2.762645808469431863e+00
5.090243902439024162e-05,2.358619511970969196e+00
5.091463414634146391e-05,1.958287972954054545e+00
5.092682926829268620e-05,1.572113228786808037e+00
5.093902439024390171e-05,1.210187351190883165e+00
5.095121951219512400e-05,8.819687057624390203e-01
5.096341463414633951e-05,5.960347724120604873e-01
5.097560975609756180e-05,3.598579863689859160e-01
5.098780487804877731e-05,1.796104577976422867e-01
5.099999999999999960e-05,6.000267337103704079e-02
5.101219512195122189e-05,4.160395084640722274e-03
5.102439024390243740e-05,1.354297336479337588e-02
5.103658536585365968e-05,8.790520923271305520e-02
5.104878048780487520e-05,2.253037621951179403e-01
5.106097560975609748e-05,4.221479364031144321e-01
5.107317073170731977e-05,6.732935178601042736e-01
5.108536585365853528e-05,9.721772103926626940e-01
5.109756097560975757e-05,1.310988157110752672e+00
5.110975609756097308e-05,1.680872064910027053e+00
5.112195121951219537e-05,2.072162597546370222e+00
5.113414634146341766e-05,2.474633990184253118e+00
5.114634146341463317e-05,2.877768283734493338e+00
5.115853658536585546e-05,3.271030195232317528e+00
5.117073170731707097e-05,3.644142440944934336e+00
5.118292682926829326e-05,3.987354317076349908e+00
5.119512195121951554e-05,4.291696519129380327e+00
5.120731707317073106e-05,4.549215540621727172e+00
5.121951219512195334e-05,4.753181525513753058e+00
5.123170731707316885e-05,4.898264142447892766e+00
5.124390243902439114e-05,4.980671884605678557e+00
5.125609756097560665e-05,4.998251154796169438e+00
5.126829268292682894e-05,4.950542546343389638e+00
5.128048780487805123e-05,4.838792848959751147e+00
5.129268292682926674e-05,4.665922465851133794e+00
5.130487804878048903e-05,4.436449093555253853e+00
5.131707317073170454e-05,4.156369659024448104e+00
5.132926829268292683e-05,3.833003599336008094e+00
5.134146341463414912e-05,3.474801579677146091e+00
5.135365853658536463e-05,3.091124648453691837e+00
5.136585365853658692e-05,2.691999600959832595e+00
5.137804878048780243e-05,2.287856944798820624e+00
5.139024390243902471e-05,1.889258314912511061e+00
5.140243902439024700e-05,1.506620461804728750e+00
5.141463414634146251e-05,1.149943026092340226e+00
5.142682926829268480e-05,8.285472135683020767e-01
5.143902439024390031e-05,5.508322000980605537e-01
5.145121951219512260e-05,3.240556323205696643e-01
5.146341463414633811e-05,1.541439604280063769e-01
5.147560975609756040e-05,4.553755967756156764e-02
5.148780487804878269e-05,1.074688143817503772e-03
5.149999999999999820e-05,2.191731329159463115e-02
5.151219512195122049e-05,1.075207457774536302e-01
5.152439024390243600e-05,2.556478740519132486e-01
5.153658536585365829e-05,4.624276277642271893e-01
5.154878048780488057e-05,7.224561421185971000e-01
5.156097560975609609e-05,1.028937979411982395e+00
5.157317073170731837e-05,1.373863717148500418e+00
5.158536585365853388e-05,1.748219261743629849e+00
5.159756097560975617e-05,2.142221417734119449e+00
5.160975609756097846e-05,2.545573556257512138e+00
5.162195121951219397e-05,2.947734701311224725e+00
5.163414634146341626e-05,3.338195001641577342e+00
5.164634146341463177e-05,3.706750389232127407e+00
5.165853658536585406e-05,4.043769246633138970e+00
5.167073170731707635e-05,4.340444114185909363e+00
5.168292682926829186e-05,4.589021859178980201e+00
5.169512195121951415e-05,4.783006291821140010e+00
5.170731707317072966e-05,4.917327932979679517e+00
5.171951219512195194e-05,4.988476497073303761e+00
5.173170731707316746e-05,4.994592627884275160e+00
5.174390243902438974e-05,4.935516489919127281e+00
5.175609756097561203e-05,4.812791945458762655e+00
5.176829268292682754e-05,4.629626208137368693e+00
5.178048780487804983e-05,4.390806027440437020e+00
5.179268292682926534e-05,4.102572594509029003e+00
5.180487804878048763e-05,3.772458438389725277e+00
5.181707317073170992e-05,3.409090575194274830e+00
5.182926829268292543e-05,3.021965054553090724e+00
5.184146341463414772e-05,2.621198795240661905e+00
5.185365853658536323e-05,2.217265195359015451e+00
5.186585365853658552e-05,1.820720426491213573e+00
5.187804878048780780e-05,1.441927564702480069e+00
5.189024390243902332e-05,1.090785767787467497e+00
5.190243902439024560e-05,7.764715762944807143e-01
5.191463414634146111e-05,5.071990990223240736e-01
5.192682926829268340e-05,2.900053501570400982e-01
5.193902439024390569e-05,1.305663479369436608e-01
5.195121951219512120e-05,3.304878081050777183e-02
5.196341463414634349e-05,1.117563816155353607e-06
5.197560975609755900e-05,3.228700708324350188e-02
5.198780487804878129e-05,1.290627082450082064e-01
5.199999999999999680e-05,2.877991397670816021e-01
5.201219512195121909e-05,5.043479737853775458e-01
5.202439024390244138e-05,7.730500459005038572e-01
5.203658536585365689e-05,1.086883248570639449e+00
5.204878048780487917e-05,1.437646042886923992e+00
5.206097560975609469e-05,1.816171792939021756e+00
5.207317073170731697e-05,2.212568321479662536e+00
5.208536585365853926e-05,2.616476426472274852e+00
5.209756097560975477e-05,3.017340602602198718e+00
5.210975609756097706e-05,3.404684892865122325e+00
5.212195121951219257e-05,3.768386661285104466e+00
5.213414634146341486e-05,4.098941132142499555e+00
5.214634146341463715e-05,4.387709782389865865e+00
5.215853658536585266e-05,4.627146095914463686e+00
5.217073170731707495e-05,4.810992779909609496e+00
5.218292682926829046e-05,4.934445289415615221e+00
5.219512195121951275e-05,4.994277386572877120e+00
5.220731707317073503e-05,4.988925453291614076e+00
5.221951219512195055e-05,4.918529353960595429e+00
5.223170731707317283e-05,4.784928780310064411e+00
5.224390243902438834e-05,4.591615173952426687e+00
5.225609756097561063e-05,4.343640483026240062e+00
5.226829268292682614e-05,4.047485137450475001e+00
5.228048780487804843e-05,3.710888693043352227e+00
5.229268292682927072e-05,3.342647570361912734e+00
5.230487804878048623e-05,2.952385174035809801e+00
5.231707317073170852e-05,2.550300400169410509e+00
5.232926829268292403e-05,2.146901104176217601e+00
5.234146341463414632e-05,1.752729494444536629e+00
5.235365853658536861e-05,1.378086628244811207e+00
5.236585365853658412e-05,1.032763209740660049e+00
5.237804878048780640e-05,7.257837252799457239e-01
5.239024390243902192e-05,4.651706025875155248e-01
5.240243902439024420e-05,2.577345571887552644e-01
5.241463414634146649e-05,1.088966050342592418e-01
5.242682926829268200e-05,2.254639274307423946e-02
5.243902439024390429e-05,9.405477844066645332e-04
5.245121951219511980e-05,4.464370505527437416e-02
5.246341463414634209e-05,1.525137510325444978e-01
5.247560975609755760e-05,3.217316711196023249e-01
5.248780487804877989e-05,5.478752201756134088e-01
5.250000000000000218e-05,8.250344909602966847e-01
5.251219512195121769e-05,1.145966360298719788e+00
5.252439024390243998e-05,1.502283776754205658e+00
5.253658536585365549e-05,1.884674943071864561e+00
5.254878048780487778e-05,2.283146665408255060e+00
5.256097560975610006e-05,2.687285509789500537e+00
5.257317073170731557e-05,3.086529940887793977e+00
5.258536585365853786e-05,3.470446331197584833e+00
5.259756097560975337e-05,3.829001627535685515e+00
5.260975609756097566e-05,4.152825549164692376e+00
5.262195121951219795e-05,4.433455465393061345e+00
5.263414634146341346e-05,4.663557553166520542e+00
5.264634146341463575e-05,4.837118455039691511e+00
5.265853658536585126e-05,4.949602428848656643e+00
5.267073170731707355e-05,4.998069882224226212e+00
5.268292682926829584e-05,4.981254194231066634e+00
5.269512195121951135e-05,4.899594816521141816e+00
5.270731707317073363e-05,4.755225788953406862e+00
5.271951219512194915e-05,4.551919969806745847e+00
5.273170731707317143e-05,4.294990438041104142e+00
5.274390243902438695e-05,3.991151644306679014e+00
5.275609756097560923e-05,3.648343939297467475e+00
5.276829268292683152e-05,3.275526065132474685e+00
5.278048780487804703e-05,2.882441032668692671e+00
5.279268292682926932e-05,2.479361503181729098e+00
5.280487804878048483e-05,2.076821328464507399e+00
5.281707317073170712e-05,1.685340265117210468e+00
5.282926829268292941e-05,1.315149057196930871e+00
5.284146341463414492e-05,9.759220717555872060e-01
5.285365853658536721e-05,6.765244744165994639e-01
5.286585365853658272e-05,4.247805521675509510e-01
5.287804878048780501e-05,2.272692378801628443e-01
5.289024390243902729e-05,8.915218021157889083e-02
5.290243902439024280e-05,1.403885200536159061e-02
5.291463414634146509e-05,3.892222375728504602e-03
5.292682926829268060e-05,5.897745758607619848e-02
5.293902439024390289e-05,1.778549913444598118e-01
5.295121951219512518e-05,3.574181456122955680e-01
5.296341463414634069e-05,5.929743187661864479e-01
5.297560975609756298e-05,8.783676193870388893e-01
5.298780487804877849e-05,1.206139740834472063e+00
5.300000000000000078e-05,1.567724872403070124e+00
5.301219512195121629e-05,1.953673553359354331e+00
5.302439024390243858e-05,2.353899619789643349e+00
5.303658536585366086e-05,2.757943790686572250e+00
5.304878048780487638e-05,3.155247004866041038e+00
5.306097560975609866e-05,3.535426365484090283e+00
5.307317073170731418e-05,3.888546480771815972e+00
5.308536585365853646e-05,4.205379109930690085e+00
5.309756097560975875e-05,4.477644328740600699e+00
5.310975609756097426e-05,4.698226912405162103e+00
5.312195121951219655e-05,4.861362280800117119e+00
5.313414634146341206e-05,4.962787146739821686e+00
5.314634146341463435e-05,4.999850930307275121e+00
5.315853658536585664e-05,4.971585027605584628e+00
5.317073170731707215e-05,4.878728123703345076e+00
5.318292682926829444e-05,4.723706888257529712e+00
5.319512195121950995e-05,4.510572558305704582e+00
5.320731707317073224e-05,4.244895065534344702e+00
5.321951219512195452e-05,3.933617474844405493e+00
5.323170731707317004e-05,3.584874538230829799e+00
5.324390243902439232e-05,3.207780105788162750e+00
5.325609756097560783e-05,2.812188949521942316e+00
5.326829268292683012e-05,2.408439224325723771e+00
5.328048780487804563e-05,2.007082296506675689e+00
5.329268292682926792e-05,1.618607000362260129e+00
5.330487804878049021e-05,1.253165528934359951e+00
5.331707317073170572e-05,9.203081223549820500e-01
5.332926829268292801e-05,6.287334872867422764e-01
5.334146341463414352e-05,3.860614698585012050e-01
5.335365853658536581e-05,1.986339229269820095e-01
5.336585365853658810e-05,7.134897169313214604e-02
5.337804878048780361e-05,7.533008874911928388e-03
5.339024390243902589e-05,8.853764647392736720e-03
5.340243902439024141e-05,7.527672312836131141e-02
5.341463414634146369e-05,2.050660243968183138e-01
5.342682926829268598e-05,3.948298284714937267e-01
5.343902439024390149e-05,6.396089557324071695e-01
5.345121951219512378e-05,9.330064873096501898e-01
5.346341463414633929e-05,1.267354938530960595e+00
5.347560975609756158e-05,1.633916636618789386e+00
5.348780487804878387e-05,2.023112066073282200e+00
5.349999999999999938e-05,2.424770214296268378e+00
5.351219512195122167e-05,2.828394375067934785e+00
5.352439024390243718e-05,3.223436463510284788e+00
5.353658536585365947e-05,3.599572673756833208e+00
5.354878048780487498e-05,3.946973275437401174e+00
5.356097560975609727e-05,4.256559498277194820e+00
5.357317073170731955e-05,4.520240791529305469e+00
5.358536585365853506e-05,4.731126257838748295e+00
5.359756097560975735e-05,4.883704736045894279e+00
5.360975609756097286e-05,4.973988826745337377e+00
5.362195121951219515e-05,4.999619096720889999e+00
5.363414634146341744e-05,4.959925739034789949e+00
5.364634146341463295e-05,4.855946077382380821e+00
5.365853658536585524e-05,4.690397457262708514e+00
5.367073170731707075e-05,4.467606232413166900e+00
5.368292682926829304e-05,4.193394702333766766e+00
5.369512195121951533e-05,3.874928955616261828e+00
5.370731707317073084e-05,3.520531595448100237e+00
5.371951219512195312e-05,3.139464241421253465e+00
5.373170731707316864e-05,2.741685491620692527e+00
5.374390243902439092e-05,2.337590670268569149e+00
5.375609756097560644e-05,1.937740162219249607e+00
5.376829268292682872e-05,1.552583433850391881e+00
5.378048780487805101e-05,1.192185952635961499e+00
5.379268292682926652e-05,8.659661419287294493e-01
5.380487804878048881e-05,5.824492452257175046e-01
5.381707317073170432e-05,3.490445322916331250e-01
5.382926829268292661e-05,1.718516695045186893e-01
5.384146341463414890e-05,5.550131463466989601e-02
5.385365853658536441e-05,3.034101861039584236e-03
5.386585365853658670e-05,1.582117956218720423e-02
5.387804878048780221e-05,9.352837750250575510e-02
5.389024390243902450e-05,2.341249398474176679e-01
5.390243902439024678e-05,4.339365957845524591e-01
5.391463414634146229e-05,6.877415808328706248e-01
5.392682926829268458e-05,9.889070994745159382e-01
5.393902439024390009e-05,1.329562662869363310e+00
5.395121951219512238e-05,1.700805771748064021e+00
5.396341463414634467e-05,2.092934569275699985e+00
5.397560975609756018e-05,2.495701383877511947e+00
5.398780487804878247e-05,2.898580536075126446e+00
5.399999999999999798e-05,3.291043410622044085e+00
5.401219512195122027e-05,3.662833605365012346e+00
5.402439024390243578e-05,4.004234966237167015e+00
5.403658536585365807e-05,4.306325503720913161e+00
5.404878048780488035e-05,4.561210555058547556e+00
5.406097560975609587e-05,4.762229098891958223e+00
5.407317073170731815e-05,4.904127830616861417e+00
5.408536585365853367e-05,4.983198449264753194e+00
5.409756097560975595e-05,4.997374568137635364e+00
5.410975609756097824e-05,4.946285716585736125e+00
5.412195121951219375e-05,4.831267021677444262e+00
5.413414634146341604e-05,4.655324316745437230e+00
5.414634146341463155e-05,4.423055588643784120e+00
5.415853658536585384e-05,4.140530816567261851e+00
5.417073170731707613e-05,3.815133342658091564e+00
5.418292682926829164e-05,3.455366919930572323e+00
5.419512195121951393e-05,3.070633480012201488e+00
5.420731707317072944e-05,2.670987428396916830e+00
5.421951219512195173e-05,2.266872888313898660e+00
5.423170731707317401e-05,1.868850759935366312e+00
5.424390243902438952e-05,1.487322727801999589e+00
5.425609756097561181e-05,1.132259429098047887e+00
5.426829268292682732e-05,8.129398866764310227e-01
5.428048780487804961e-05,5.377090163365378928e-01
5.429268292682926512e-05,3.137595455305492997e-01
5.430487804878048741e-05,1.469440427013273265e-01
5.431707317073170970e-05,4.162196958036012973e-02
5.432926829268292521e-05,5.457534867314706162e-04
5.434146341463414750e-05,2.478885695288424174e-02
5.435365853658536301e-05,1.137177244638460927e-01
5.436585365853658530e-05,2.650083394375393198e-01
5.437804878048780758e-05,4.747069587559780146e-01
5.439024390243902310e-05,7.373334376451070593e-01
5.440243902439024538e-05,1.046024444670697662e+00
5.441463414634146090e-05,1.392712824147984696e+00
5.442682926829268318e-05,1.768338418613255358e+00
5.443902439024390547e-05,2.163084841839813421e+00
5.445121951219512098e-05,2.566636014707381008e+00
5.446341463414634327e-05,2.968445759763564062e+00
5.447560975609755878e-05,3.358013409041786801e+00
5.448780487804878107e-05,3.725158222562962251e+00
5.450000000000000336e-05,4.060285446019192612e+00
5.451219512195121887e-05,4.354637054640411620e+00
5.452439024390244116e-05,4.600520630446864878e+00
5.453658536585365667e-05,4.791510391536133895e+00
5.454878048780487896e-05,4.922615119823449348e+00
5.456097560975609447e-05,4.990408598703803378e+00
5.457317073170731675e-05,4.993119151853454341e+00
5.458536585365853904e-05,4.930675943213775447e+00
5.459756097560975455e-05,4.804710828180975390e+00
5.460975609756097684e-05,4.618515707622165678e+00
5.462195121951219235e-05,4.376956499206579920e+00
5.463414634146341464e-05,4.086345974271403669e+00
5.464634146341463693e-05,3.754278783437886791e+00
5.465853658536585244e-05,3.389432982319295462e+00
5.467073170731707473e-05,3.001343244136911448e+00
5.468292682926829024e-05,2.600151685979777305e+00
5.469512195121951253e-05,2.196342820468409229e+00
5.470731707317073481e-05,1.800469559449154433e+00
5.471951219512195033e-05,1.422877430181982650e+00
5.473170731707317261e-05,1.073434211198132315e+00
5.474390243902438813e-05,7.612720533746788476e-01
5.475609756097561041e-05,4.945488254822949514e-01
5.476829268292682592e-05,2.802349210704382365e-01
5.478048780487804821e-05,1.239310981554515578e-01
5.479268292682927050e-05,2.972211218828002544e-02
5.480487804878048601e-05,6.996737179365553061e-05
5.481707317073170830e-05,3.574957603959649788e-02
5.482926829268292381e-05,1.358285075365470718e-01
5.484146341463414610e-05,2.976913558329390419e-01
5.485365853658536839e-05,5.171080890617740788e-01
5.486585365853658390e-05,7.883445947722800273e-01
5.487804878048780619e-05,1.104312531973229428e+00
5.489024390243902170e-05,1.456754573813504372e+00
5.490243902439024398e-05,1.836460199881440047e+00
5.491463414634146627e-05,2.233506398718440700e+00
5.492682926829268178e-05,2.637516990172883435e+00
5.493902439024390407e-05,3.037933790607613371e+00
5.495121951219511958e-05,3.424292534480696926e+00
5.496341463414634187e-05,3.786496341526777165e+00
5.497560975609756416e-05,4.115079582898583332e+00
5.498780487804877967e-05,4.401455250542028352e+00
5.500000000000000196e-05,4.638139365194816399e+00
5.501219512195121747e-05,4.818946558454285878e+00
5.502439024390243976e-05,4.939151717687667364e+00
5.503658536585365527e-05,4.995613469445254751e+00
5.504878048780487756e-05,4.986856274332435390e+00
5.506097560975609984e-05,4.913108987919044601e+00
5.507317073170731536e-05,4.776298879957922239e+00
5.508536585365853764e-05,4.580001268210292409e+00
5.509756097560975315e-05,4.329346083119547828e+00
5.510975609756097544e-05,4.030883805118062213e+00
5.512195121951219773e-05,3.692414278088124391e+00
5.513414634146341324e-05,3.322782872665413834e+00
5.514634146341463553e-05,2.931649326340159067e+00
5.515853658536585104e-05,2.529235301356965504e+00
5.517073170731707333e-05,2.126057257590419969e+00
5.518292682926829562e-05,1.732651621349479809e+00
5.519512195121951113e-05,1.359299432387819140e+00
5.520731707317073342e-05,1.015757665041451263e+00
5.521951219512194893e-05,7.110042449984050883e-01
5.523170731707317122e-05,4.530034252778394332e-01
5.524390243902439350e-05,2.484976529615949836e-01
5.525609756097560901e-05,1.028313659054926887e-01
5.526829268292683130e-05,1.981132423169684742e-02
5.528048780487804681e-05,1.607126619533438827e-03
5.529268292682926910e-05,4.869451124377244255e-02
5.530487804878048461e-05,1.598429231030387143e-01
5.531707317073170690e-05,3.321476726465859564e-01
5.532926829268292919e-05,5.611058452829786880e-01
5.534146341463414470e-05,8.407339779961864323e-01
5.535365853658536699e-05,1.163724427774102343e+00
5.536585365853658250e-05,1.521636345405782631e+00
5.537804878048780479e-05,1.905116263848005698e+00
5.539024390243902707e-05,2.304142536426082799e+00
5.540243902439024259e-05,2.708287236864645564e+00
5.541463414634146487e-05,3.106988676797850069e+00
5.542682926829268039e-05,3.489827418942158754e+00
5.543902439024390267e-05,3.846798572761347401e+00
5.545121951219512496e-05,4.168573256599281684e+00
5.546341463414634047e-05,4.446742393382757008e+00
5.547560975609756276e-05,4.674036468671737055e+00
5.548780487804877827e-05,4.844515508026273842e+00
5.550000000000000056e-05,4.953724308929743358e+00
5.551219512195122285e-05,4.998808870523653525e+00
5.552439024390243836e-05,4.978590978447815729e+00
5.553658536585366065e-05,4.893598995625814574e+00
5.554878048780487616e-05,4.746054054328546989e+00
5.556097560975609845e-05,4.539812010362482830e+00
5.557317073170731396e-05,4.280262676322106330e+00
5.558536585365853624e-05,3.974188967283565965e+00
5.559756097560975853e-05,3.629589639950590474e+00
5.560975609756097404e-05,3.255470257683088064e+00
5.562195121951219633e-05,2.861607844212517460e+00
5.563414634146341184e-05,2.458295376449615599e+00
5.564634146341463413e-05,2.056072793662966802e+00
5.565853658536585642e-05,1.665451552686228798e+00
5.567073170731707193e-05,1.296639927466328057e+00
5.568292682926829422e-05,9.592762318226621954e-01
5.569512195121950973e-05,6.621769372208952120e-01
5.570731707317073202e-05,4.131062681076729248e-01
5.571951219512195430e-05,2.185732960741413322e-01
5.573170731707316982e-05,8.366183547013639199e-02
5.574390243902439210e-05,1.189758588378619919e-02
5.575609756097560762e-05,5.155993508272338488e-03
5.576829268292682990e-05,6.361323929482054496e-02
5.578048780487804541e-05,1.857416347395726142e-01
5.579268292682926770e-05,3.683495456287451120e-01
5.580487804878048999e-05,6.066648003965415814e-01
5.581707317073170550e-05,8.944594033494008833e-01
5.582926829268292779e-05,1.224212293574637789e+00
5.584146341463414330e-05,1.587305896078202272e+00
5.585365853658536559e-05,1.974251328603548128e+00
5.586585365853658788e-05,2.374936378696612671e+00
5.587804878048780339e-05,2.778889770531328018e+00
5.589024390243902568e-05,3.175554815292390476e+00
5.590243902439024119e-05,3.554565293692629080e+00
5.591463414634146347e-05,3.906016360869067228e+00
5.592682926829268576e-05,4.220723393978837557e+00
5.593902439024390127e-05,4.490462017924016891e+00
5.595121951219512356e-05,4.708183036505202423e+00
5.596341463414633907e-05,4.868196652116509426e+00
5.597560975609756136e-05,4.966321159689298881e+00
5.598780487804878365e-05,4.999992228999853516e+00
5.599999999999999916e-05,4.968329919421421437e+00
5.601219512195122145e-05,4.872161675793305946e+00
5.602439024390243696e-05,4.714000704446908330e+00
5.603658536585365925e-05,4.497980294496493059e+00
5.604878048780487476e-05,4.229745800806793632e+00
5.606097560975609705e-05,3.916307111489667037e+00
5.607317073170731933e-05,3.565855455466388602e+00
5.608536585365853485e-05,3.187549337535420690e+00
5.609756097560975713e-05,2.791275195202758130e+00
5.610975609756097264e-05,2.387389032133515165e+00
5.612195121951219493e-05,1.986445780224006308e+00
5.613414634146341722e-05,1.598923463000131440e+00
5.614634146341463273e-05,1.234949368893993871e+00
5.615853658536585502e-05,9.040353904299769372e-01
5.617073170731707053e-05,6.148294458235832316e-01
5.618292682926829282e-05,3.748894791898873535e-01
5.619512195121951511e-05,1.904859455204674923e-01
5.620731707317073062e-05,6.643794216848242229e-02
5.621951219512195291e-05,5.987269292111907504e-03
5.623170731707316842e-05,1.071371048797864489e-02
5.624390243902439070e-05,8.049374762276739759e-02
5.625609756097561299e-05,2.135037887860384842e-01
5.626829268292682850e-05,4.062678250068221253e-01
5.628048780487805079e-05,6.537482703004520168e-01
5.629268292682926630e-05,9.494776110830924765e-01
5.630487804878048859e-05,1.285727424504150340e+00
5.631707317073170410e-05,1.653710348663894880e+00
5.632926829268292639e-05,2.043809726547181516e+00
5.634146341463414868e-05,2.445830922280365805e+00
5.635365853658536419e-05,2.849267741965083811e+00
5.636585365853658648e-05,3.243576996590159744e+00
5.637804878048780199e-05,3.618454031751324962e+00
5.639024390243902428e-05,3.964102023646672190e+00
5.640243902439024656e-05,4.271488003711363390e+00
5.641463414634146208e-05,4.532578921094575719e+00
5.642682926829268436e-05,4.740551573855714018e+00
5.643902439024389987e-05,4.889970922651663443e+00
5.645121951219512216e-05,4.976932126973531823e+00
5.646341463414634445e-05,4.999162592032821095e+00
5.647560975609755996e-05,4.956081359465039249e+00
5.648780487804878225e-05,4.848814289765954300e+00
5.649999999999999776e-05,4.680164639692133477e+00
5.651219512195122005e-05,4.454539803538390963e+00
5.652439024390244234e-05,4.177836132795924584e+00
5.653658536585365785e-05,3.857284844246483324e+00
5.654878048780488014e-05,3.501263043444726719e+00
5.656097560975609565e-05,3.119074802193513740e+00
5.657317073170731793e-05,2.720708011207702004e+00
5.658536585365853345e-05,2.316573362245053058e+00
5.659756097560975573e-05,1.917232280991841398e+00
5.660975609756097802e-05,1.533120920754787564e+00
5.662195121951219353e-05,1.174277429950286722e+00
5.663414634146341582e-05,8.500796208264587150e-01
5.664634146341463133e-05,5.689998950387469279e-01
5.665853658536585362e-05,3.383838307087700947e-01
5.667073170731707591e-05,1.642582172542410568e-01
5.668292682926829142e-05,5.117355469105167032e-02
5.669512195121951371e-05,2.085133447577547372e-03
5.670731707317072922e-05,1.827580248115889816e-02
5.671951219512195151e-05,9.932244403082446382e-02
5.673170731707317379e-05,2.431070311370149284e-01
5.674390243902438931e-05,4.458719789561675917e-01
5.675609756097561159e-05,7.023183433528978892e-01
5.676829268292682710e-05,1.005744300498972343e+00
5.678048780487804939e-05,1.348220288537374634e+00
5.679268292682927168e-05,1.720796234252741641e+00
5.680487804878048719e-05,2.113735449209012351e+00
5.681707317073170948e-05,2.516769082842059913e+00
5.682926829268292499e-05,2.919364482775444802e+00
5.684146341463414728e-05,3.311000449184509087e+00
5.685365853658536279e-05,3.681442189863156855e+00
5.686585365853658508e-05,4.021008790479211115e+00
5.687804878048780737e-05,4.320826210098166698e+00
5.689024390243902288e-05,4.573059190335350799e+00
5.690243902439024516e-05,4.771116017554982491e+00
5.691463414634146068e-05,4.909820786974290030e+00
5.692682926829268296e-05,4.985548666824401565e+00
5.693902439024390525e-05,4.996320627646791301e+00
5.695121951219512076e-05,4.941855161127442386e+00
5.696341463414634305e-05,4.823575636874869232e+00
5.697560975609755856e-05,4.644573104886575265e+00
5.698780487804878085e-05,4.409525515800860163e+00
5.700000000000000314e-05,4.124575469989688159e+00
5.701219512195121865e-05,3.797169690323516811e+00
5.702439024390244094e-05,3.435864413739444956e+00
5.703658536585365645e-05,3.050101787399799314e+00
5.704878048780487874e-05,2.649963112971900792e+00
5.706097560975609425e-05,2.245905387610358517e+00
5.707317073170731654e-05,1.848488026723686284e+00
5.708536585365853882e-05,1.468096910201702521e+00
5.709756097560975433e-05,1.114672963721712096e+00
5.710975609756097662e-05,7.974523682344920594e-01
5.712195121951219213e-05,5.247251868516764617e-01
5.713414634146341442e-05,3.036187170376010158e-01
5.714634146341463671e-05,1.399112298603122362e-01
5.715853658536585222e-05,3.788096393302309295e-02
5.717073170731707451e-05,1.943203526204584364e-04
5.718292682926829002e-05,2.783618048624036945e-02
5.719512195121951231e-05,1.200841676399249103e-01
5.720731707317073460e-05,2.745275252414951517e-01
5.721951219512195011e-05,4.871301181852314421e-01
5.723170731707317240e-05,7.523359108980207655e-01
5.724390243902438791e-05,1.063214165620451679e+00
5.725609756097561019e-05,1.411640566377940553e+00
5.726829268292683248e-05,1.788509535243770765e+00
5.728048780487804799e-05,2.183972192349869168e+00
5.729268292682927028e-05,2.587693740926843233e+00
5.730487804878048579e-05,2.989123551019032377e+00
5.731707317073170808e-05,3.377770883665550006e+00
5.732926829268292359e-05,3.743479049919864909e+00
5.734146341463414588e-05,4.076690839998868832e+00
5.735365853658536817e-05,4.368698285982111074e+00
5.736585365853658368e-05,4.611870230906017554e+00
5.737804878048780597e-05,4.799851757092149285e+00
5.739024390243902148e-05,4.927730261960205027e+00
5.740243902439024377e-05,4.992163841198086871e+00
5.741463414634146605e-05,4.991468624193443837e+00
5.742682926829268157e-05,4.925662779353206844e+00
5.743902439024390385e-05,4.796466039300526063e+00
5.745121951219511936e-05,4.607254758358117819e+00
5.746341463414634165e-05,4.362973676819364321e+00
5.747560975609756394e-05,4.070006697910224958e+00
5.748780487804877945e-05,3.736010054483594356e+00
5.750000000000000174e-05,3.369712225371665149e+00
5.751219512195121725e-05,2.980685830272423509e+00
5.752439024390243954e-05,2.579097464335248890e+00
5.753658536585366183e-05,2.175442010130107295e+00
5.754878048780487734e-05,1.780268370339557871e+00
5.756097560975609963e-05,1.403903788718401602e+00
5.757317073170731514e-05,1.056183963765018330e+00
5.758536585365853742e-05,7.461960081534566580e-01
5.759756097560975294e-05,4.820409712878732655e-01
5.760975609756097522e-05,2.706221310694054694e-01
5.762195121951219751e-05,1.174645875493820490e-01
5.763414634146341302e-05,2.657087309751648974e-02
5.764634146341463531e-05,3.163524912292992042e-04
5.765853658536585082e-05,3.938714648027286103e-02
5.767073170731707311e-05,1.427622010959304077e-01
5.768292682926829540e-05,3.077399712963702072e-01
5.769512195121951091e-05,5.300090216122437248e-01
5.770731707317073320e-05,8.037606987564123173e-01
5.771951219512194871e-05,1.121840931673281361e+00
5.773170731707317100e-05,1.475937191974485474e+00
5.774390243902439328e-05,1.856795728840692217e+00
5.775609756097560880e-05,2.254463401296400882e+00
5.776829268292683108e-05,2.658547787951784702e+00
5.778048780487804659e-05,3.058488776646924645e+00
5.779268292682926888e-05,3.443834536434285720e+00
5.780487804878049117e-05,3.804514659800031673e+00
5.781707317073170668e-05,4.131103336981727381e+00
5.782926829268292897e-05,4.415065684735132834e+00
5.784146341463414448e-05,4.648980792130309680e+00
5.785365853658536677e-05,4.826735654430301281e+00
5.786585365853658228e-05,4.943684926887823572e+00
5.787804878048780457e-05,4.996772323551724071e+00
5.789024390243902686e-05,4.984610488509250814e+00
5.790243902439024237e-05,4.907517252259152585e+00
5.791463414634146465e-05,4.767507325709331667e+00
5.792682926829268017e-05,4.568239648865066727e+00
5.793902439024390245e-05,4.314921770166138870e+00
5.795121951219512474e-05,4.014173755369720098e+00
5.796341463414634025e-05,3.673855182507093975e+00
5.797560975609756254e-05,3.302859744128456398e+00
5.798780487804877805e-05,2.910882824587837536e+00
5.800000000000000034e-05,2.508168126366797424e+00
5.801219512195122263e-05,2.105239966964339793e+00
5.802439024390243814e-05,1.712628242353178010e+00
5.803658536585366043e-05,1.340593244649965987e+00
5.804878048780487594e-05,9.988575254625269295e-01
5.806097560975609823e-05,6.963518122397642784e-01
5.807317073170731374e-05,4.409816177065621901e-01
5.808536585365853603e-05,2.394206416776483159e-01
5.809756097560975831e-05,9.693636437310715337e-02
5.810975609756097382e-05,1.725238907733217530e-02
5.812195121951219611e-05,2.451131603057099539e-03
5.813414634146341162e-05,5.291939961761604749e-02
5.814634146341463391e-05,1.673382840309569630e-01
5.815853658536585620e-05,3.427176266174858377e-01
5.817073170731707171e-05,5.744741631150001027e-01
5.818292682926829400e-05,8.565512996541251312e-01
5.819512195121950951e-05,1.181577392345089850e+00
5.820731707317073180e-05,1.541058393640598601e+00
5.821951219512195409e-05,1.925599830954245473e+00
5.823170731707316960e-05,2.325152316479217607e+00
5.824390243902439188e-05,2.729274172190026881e+00
5.825609756097560740e-05,3.127404306731710104e+00
5.826829268292682968e-05,3.509138212992041872e+00
5.828048780487805197e-05,3.864499873588577827e+00
5.829268292682926748e-05,4.184202468448207313e+00
5.830487804878048977e-05,4.459891071296220311e+00
5.831707317073170528e-05,4.684360992559225778e+00
5.832926829268292757e-05,4.851746062636797419e+00
5.834146341463414308e-05,4.957671935050169232e+00
5.835365853658536537e-05,4.999370403132185281e+00
5.836585365853658766e-05,4.975751742769732644e+00
5.837804878048780317e-05,4.887433190635953828e+00
5.839024390243902546e-05,4.736722813677038069e+00
5.840243902439024097e-05,4.527559191399975980e+00
5.841463414634146326e-05,4.265408487269104931e+00
5.842682926829268554e-05,3.957121599091482089e+00
5.843902439024390105e-05,3.610755121539207746e+00
5.845121951219512334e-05,3.235360799672915899e+00
5.846341463414633885e-05,2.840748975773419893e+00
5.847560975609756114e-05,2.437232211417439398e+00
5.848780487804878343e-05,2.035355784845680027e+00
5.849999999999999894e-05,1.645622106641609239e+00
5.851219512195122123e-05,1.278216255689293979e+00
5.852439024390243674e-05,9.427398081018103504e-01
5.853658536585365903e-05,6.479599150736601310e-01
5.854878048780488132e-05,4.015801871270197054e-01
5.856097560975609683e-05,2.100393723228095588e-01
5.857317073170731911e-05,7.834308967075154229e-02
5.858536585365853463e-05,9.933015122216115600e-03
5.859756097560975691e-05,6.596938762492676744e-03
5.860975609756097243e-05,6.842204371883919833e-02
5.862195121951219471e-05,1.937926277663084562e-01
5.863414634146341700e-05,3.794323271729869163e-01
5.864634146341463251e-05,6.204897393315054188e-01
5.865853658536585480e-05,9.106652065629865511e-01
5.867073170731707031e-05,1.242375447797344989e+00
5.868292682926829260e-05,1.606951735740403731e+00
5.869512195121951489e-05,1.994866440474608815e+00
5.870731707317073040e-05,2.395982019136016827e+00
5.871951219512195269e-05,2.799815944709156401e+00
5.873170731707316820e-05,3.195814650441968219e+00
5.874390243902439049e-05,3.573629330774302559e+00
5.875609756097561277e-05,3.923386391150807118e+00
5.876829268292682828e-05,4.235945478941532727e+00
5.878048780487805057e-05,4.503138352233793995e+00
5.879268292682926608e-05,4.717982344031032227e+00
5.880487804878048837e-05,4.874862843314050842e+00
5.881707317073171066e-05,4.969680024098800608e+00
5.882926829268292617e-05,4.999955987964025184e+00
5.884146341463414846e-05,4.964899520042981074e+00
5.885365853658536397e-05,4.865426766183849949e+00
5.886585365853658626e-05,4.704137290913919855e+00
5.887804878048780177e-05,4.485246141894867478e+00
5.889024390243902406e-05,4.214473696257328150e+00
5.890243902439024635e-05,3.898896167510552679e+00
5.891463414634146186e-05,3.546760679791687743e+00
5.892682926829268414e-05,3.167269742201570537e+00
5.893902439024389966e-05,2.770340755651939268e+00
5.895121951219512194e-05,2.366346837134141623e+00
5.896341463414634423e-05,1.965845734565103697e+00
5.897560975609755974e-05,1.579303916590637735e+00
5.898780487804878203e-05,1.216823047830823956e+00
5.899999999999999754e-05,8.878759977068251263e-01
5.901219512195121983e-05,6.010592818436564233e-01
5.902439024390244212e-05,3.638684056082643892e-01
5.903658536585365763e-05,1.825019808228529605e-01
5.904878048780487992e-05,6.169973475968992815e-02
5.906097560975609543e-05,4.618644797014681558e-03
5.907317073170731772e-05,1.275043576279655255e-02
5.908536585365853323e-05,8.588259604436743189e-02
5.909756097560975552e-05,2.221039312464152538e-01
5.910975609756097780e-05,4.178545102611703754e-01
5.912195121951219331e-05,6.680186984881222312e-01
5.913414634146341560e-05,9.660588469285555924e-01
5.914634146341463111e-05,1.304186143394443054e+00
5.915853658536585340e-05,1.673564160910023357e+00
5.917073170731707569e-05,2.064539783880682933e+00
5.918292682926829120e-05,2.466895477141475279e+00
5.919512195121951349e-05,2.870116305225394626e+00
5.920731707317072900e-05,3.263664723722412120e+00
5.921951219512195129e-05,3.637255961489164413e+00
5.923170731707317358e-05,3.981126797022723984e+00
5.924390243902438909e-05,4.286290704954661024e+00
5.925609756097561137e-05,4.544772704807479968e+00
5.926829268292682689e-05,4.749817774610799681e+00
5.928048780487804917e-05,4.896067382814536018e+00
5.929268292682927146e-05,4.979699525112151193e+00
5.930487804878048697e-05,4.998528606533930940e+00
5.931707317073170926e-05,4.952062558546064253e+00
5.932926829268292477e-05,4.841515698490701070e+00
5.934146341463414706e-05,4.669776995304951939e+00
5.935365853658536257e-05,4.441334570845983265e+00
5.936585365853658486e-05,4.162158409859176622e+00
5.937804878048780715e-05,3.839544343783805047e+00
5.939024390243902266e-05,3.481923385633070023e+00
5.940243902439024495e-05,3.098641398679942593e+00
5.941463414634146046e-05,2.699714856970127475e+00
5.942682926829268275e-05,2.295569080468491396e+00
5.943902439024390503e-05,1.896765785662375858e+00
5.945121951219512054e-05,1.513727071652532619e+00
5.946341463414634283e-05,1.156463054927030276e+00
5.947560975609755834e-05,8.343102706550189485e-01
5.948780487804878063e-05,5.556876769715313191e-01
5.950000000000000292e-05,3.278766387022642448e-01
5.951219512195121843e-05,1.568306403043644437e-01
5.952439024390244072e-05,4.701970088075002607e-02
5.953658536585365623e-05,1.313557236327866917e-03
5.954878048780487852e-05,2.090666780399841329e-02
5.956097560975610081e-05,1.052869973456740382e-01
5.957317073170731632e-05,2.522493981905835625e-01
5.958536585365853860e-05,4.579532383137721041e-01
5.959756097560975412e-05,7.170227702347915510e-01
5.960975609756097640e-05,1.022687617753931466e+00
5.962195121951219192e-05,1.366959709122247180e+00
5.963414634146341420e-05,1.740842032779672754e+00
5.964634146341463649e-05,2.134563760149248424e+00
5.965853658536585200e-05,2.537835590931256213e+00
5.967073170731707429e-05,2.940118647840920030e+00
5.968292682926828980e-05,3.330899893647885968e+00
5.969512195121951209e-05,3.699966872930297690e+00
5.970731707317073438e-05,4.037674598590472286e+00
5.971951219512194989e-05,4.335197608476957676e+00
5.973170731707317218e-05,4.584760605008444401e+00
5.974390243902438769e-05,4.779841650388172880e+00
5.975609756097560998e-05,4.915342607228625482e+00
5.976829268292683226e-05,4.987722370381243664e+00
5.978048780487804777e-05,4.995089408170411360e+00
5.979268292682927006e-05,4.937251194609212135e+00
5.980487804878048557e-05,4.815719240764478215e+00
5.981707317073170786e-05,4.633669593783526608e+00
5.982926829268293015e-05,4.395859835880014721e+00
5.984146341463414566e-05,4.108504752378624225e+00
5.985365853658536795e-05,3.779113918040547748e+00
5.986585365853658346e-05,3.416295446096456967e+00
5.987804878048780575e-05,3.029531028696914152e+00
5.989024390243902126e-05,2.628928147749642008e+00
5.990243902439024355e-05,2.224955931718015201e+00
5.991463414634146583e-05,1.828171561359066111e+00
5.992682926829268135e-05,1.448944374347174602e+00
5.993902439024390363e-05,1.097184878885254733e+00
5.995121951219511915e-05,7.820857581062481412e-01
5.996341463414634143e-05,5.118816337042164655e-01
5.997560975609756372e-05,2.936338670040794518e-01
5.998780487804877923e-05,1.330460213480764153e-01
6.000000000000000152e-05,3.431480840712630709e-02
6.001219512195121703e-05,2.041369890770639017e-05
6.002439024390243932e-05,3.105906748251108240e-02
6.003658536585366161e-05,1.266196231855660770e-01
6.004878048780487712e-05,2.842047554480835458e-01
6.006097560975609941e-05,4.996962238078404006e-01
6.007317073170731492e-05,7.674624964596103993e-01
6.008536585365853721e-05,1.080505921514328449e+00
6.009756097560975272e-05,1.430645599663192824e+00
6.010975609756097500e-05,1.808731179160623093e+00
6.012195121951219729e-05,2.204881985926423926e+00
6.013414634146341280e-05,2.608745239477484379e+00
6.014634146341463509e-05,3.009766606621844698e+00
6.015853658536585060e-05,3.397466022414099562e+00
6.017073170731707289e-05,3.761711570229400614e+00
6.018292682926829518e-05,4.092984263525312194e+00
6.019512195121951069e-05,4.382626809636646747e+00
6.020731707317073298e-05,4.623069854552245062e+00
6.021951219512194849e-05,4.808029796117953225e+00
6.023170731707317078e-05,4.932672996132575705e+00
6.024390243902439306e-05,4.993742099905628784e+00
6.025609756097560858e-05,4.989641162118325646e+00
6.026829268292683086e-05,4.920477354352694732e+00
6.028048780487804638e-05,4.788058164330490030e+00
6.029268292682926866e-05,4.595844160053911054e+00
6.030487804878049095e-05,4.348858553284658868e+00
6.031707317073170646e-05,4.053555925777597935e+00
6.032926829268292875e-05,3.717653548900458738e+00
6.034146341463414426e-05,3.349929704843402245e+00
6.035365853658536655e-05,2.959994279969403230e+00
6.036585365853658206e-05,2.558037625496609735e+00
6.037804878048780435e-05,2.154564248638681789e+00
6.039024390243902664e-05,1.760118293771788966e+00
6.040243902439024215e-05,1.385007987746498026e+00
6.041463414634146444e-05,1.039036250533165617e+00
6.042682926829267995e-05,7.312445112733381158e-01
6.043902439024390223e-05,4.696764246978974988e-01
6.045121951219512452e-05,2.611676628170469527e-01
6.046341463414634003e-05,1.111672753453514240e-01
6.047560975609756232e-05,2.359528732687987684e-02
6.048780487804877783e-05,7.402554248168158324e-04
6.050000000000000012e-05,4.319946007926045439e-02
6.051219512195122241e-05,1.498632965191100119e-01
6.052439024390243792e-05,3.179442725436341100e-01
6.053658536585366021e-05,5.430498552630624864e-01
6.054878048780487572e-05,8.192972630607155970e-01
6.056097560975609801e-05,1.139467202872470164e+00
6.057317073170732029e-05,1.495192535094648889e+00
6.058536585365853581e-05,1.877176935666299507e+00
6.059756097560975809e-05,2.275437840929264155e+00
6.060975609756097361e-05,2.679567326282918938e+00
6.062195121951219589e-05,3.079004100984385150e+00
6.063414634146341140e-05,3.463309510928359813e+00
6.064634146341463369e-05,3.822440336513716286e+00
6.065853658536585598e-05,4.147011256447648009e+00
6.067073170731707149e-05,4.428540118408693438e+00
6.068292682926829378e-05,4.659669606805095121e+00
6.069512195121950929e-05,4.834359514686129344e+00
6.070731707317073158e-05,4.948044595085313802e+00
6.071951219512195387e-05,4.997753866594951688e+00
6.073170731707316938e-05,4.982188255309100811e+00
6.074390243902439167e-05,4.901754544084095500e+00
6.075609756097560718e-05,4.758554741906172225e+00
6.076829268292682946e-05,4.556331151180909700e+00
6.078048780487805175e-05,4.300368568524829627e+00
6.079268292682926726e-05,3.997356174888440083e+00
6.080487804878048955e-05,3.655212724294572446e+00
6.081707317073170506e-05,3.282879599613903743e+00
6.082926829268292735e-05,2.890087143534501468e+00
6.084146341463414964e-05,2.487100371308051283e+00
6.085365853658536515e-05,2.084450710661302608e+00
6.086585365853658744e-05,1.692660779437618723e+00
6.087804878048780295e-05,1.321969393472481658e+00
6.089024390243902524e-05,9.820639911858637383e-01
6.090243902439024075e-05,6.818274675632269854e-01
6.091463414634146304e-05,4.291060336153944554e-01
6.092682926829268532e-05,2.305041679507207064e-01
6.093902439024390084e-05,9.121201907735088099e-02
6.095121951219512312e-05,1.486976900567515969e-02
6.096341463414633863e-05,3.472502797002618991e-03
6.097560975609756092e-05,5.731807014177281445e-02
6.098780487804878321e-05,1.749993015248096917e-01
6.099999999999999872e-05,3.534407823951197791e-01
6.101219512195122101e-05,5.879792243059025481e-01
6.102439024390243652e-05,8.724853326489980798e-01
6.103658536585365203e-05,1.199523986163787637e+00
6.104878048780488110e-05,1.560548542180038023e+00
6.106097560975609661e-05,1.946124189727008513e+00
6.107317073170731212e-05,2.346174513535046913e+00
6.108536585365854118e-05,2.750244825355375511e+00
6.109756097560975670e-05,3.147775380851260962e+00
6.110975609756097221e-05,3.528377341969198167e+00
6.112195121951220127e-05,3.882104272939812084e+00
6.113414634146341678e-05,4.199712074786029703e+00
6.114634146341463229e-05,4.472900565365645953e+00
6.115853658536584781e-05,4.694530391621583476e+00
6.117073170731707687e-05,4.858809605385283170e+00
6.118292682926829238e-05,4.961445026864981678e+00
6.119512195121950789e-05,4.999754440171969350e+00
6.120731707317073696e-05,4.972736688828328866e+00
6.121951219512195247e-05,4.881097839422977813e+00
6.123170731707316798e-05,4.727232729667564470e+00
6.124390243902438349e-05,4.515162383066627427e+00
6.125609756097561255e-05,4.250428925769051958e+00
6.126829268292682807e-05,3.939950751788792171e+00
6.128048780487804358e-05,3.591841721617333505e+00
6.129268292682927264e-05,3.215199119198025812e+00
6.130487804878048815e-05,2.819865908666576715e+00
6.131707317073170366e-05,2.416173503909857967e+00
6.132926829268293273e-05,2.014671773254067766e+00
6.134146341463414824e-05,1.625853335192980254e+00
6.135365853658536375e-05,1.259879350243866103e+00
6.136585365853657926e-05,9.263139749453266347e-01
6.137804878048780833e-05,6.338744176127271146e-01
6.139024390243902384e-05,3.902031277632023176e-01
6.140243902439023935e-05,2.016680726721347128e-01
6.141463414634146841e-05,7.319632052992774973e-02
6.142682926829268393e-05,8.145279236777103193e-03
6.143902439024389944e-05,8.214955808020896200e-03
6.145121951219512850e-05,7.340352935573601911e-02
6.146341463414634401e-05,2.020073986743380345e-01
6.147560975609755952e-05,3.906657031886648923e-01
6.148780487804877504e-05,6.344481537778476898e-01
6.150000000000000410e-05,9.269838781544428308e-01
6.151219512195121961e-05,1.260627913626487517e+00
6.152439024390243512e-05,1.626660996217992761e+00
6.153658536585366419e-05,2.015517424967162796e+00
6.154878048780487970e-05,2.417035046527727715e+00
6.156097560975609521e-05,2.820720827123961438e+00
6.157317073170731072e-05,3.216025071540324021e+00
6.158536585365853978e-05,3.592617122875058300e+00
6.159756097560975530e-05,3.940655338064785518e+00
6.160975609756097081e-05,4.251044283805684998e+00
6.162195121951219987e-05,4.515672431445608481e+00
6.163414634146341538e-05,4.727624139074194431e+00
6.164634146341463089e-05,4.881360380985579894e+00
6.165853658536585996e-05,4.972863501434837019e+00
6.167073170731707547e-05,4.999742209773488710e+00
6.168292682926829098e-05,4.961294073083842626e+00
6.169512195121950649e-05,4.858523873161983531e+00
6.170731707317073556e-05,4.694117348119975830e+00
6.171951219512195107e-05,4.472371004830494101e+00
6.173170731707316658e-05,4.199079836451849346e+00
6.174390243902439564e-05,3.881385879364143143e+00
6.175609756097561116e-05,3.527591567242941650e+00
6.176829268292682667e-05,3.146942759965176251e+00
6.178048780487804218e-05,2.749387117551710169e+00
6.179268292682927124e-05,2.345314133662765421e+00
6.180487804878048675e-05,1.945283622465676210e+00
6.181707317073170227e-05,1.559749754437420366e+00
6.182926829268293133e-05,1.198787853005945703e+00
6.184146341463414684e-05,8.718310917623357525e-01
6.185365853658536235e-05,5.874239732508423906e-01
6.186585365853659142e-05,3.529990317874287520e-01
6.187804878048780693e-05,1.746825958244859756e-01
6.189024390243902244e-05,5.713468595595028177e-02
6.190243902439023795e-05,3.427232583989692216e-03
6.191463414634146701e-05,1.496379583151252746e-02
6.192682926829268253e-05,9.144288569824432500e-02
6.193902439024389804e-05,2.308658410294990304e-01
6.195121951219512710e-05,4.295890613928863289e-01
6.196341463414634261e-05,6.824192268654742932e-01
6.197560975609755812e-05,9.827490173106885329e-01
6.198780487804878719e-05,1.322729784336137859e+00
6.200000000000000270e-05,1.693476663416351613e+00
6.201219512195121821e-05,2.085300765905990783e+00
6.202439024390243372e-05,2.487962382957090934e+00
6.203658536585366279e-05,2.890938584264680422e+00
6.204878048780487830e-05,3.283698218355301623e+00
6.206097560975609381e-05,3.655977127729893361e+00
6.207317073170732287e-05,3.998046386532110752e+00
6.208536585365853839e-05,4.300966550777195252e+00
6.209756097560975390e-05,4.556821276712580193e+00
6.210975609756096941e-05,4.758924202054582331e+00
6.212195121951219847e-05,4.901993683587530626e+00
6.213414634146341398e-05,4.982290824631264492e+00
6.214634146341462950e-05,4.997717185247422478e+00
6.215853658536585856e-05,4.947869621677531526e+00
6.217073170731707407e-05,4.834050821874000370e+00
6.218292682926828958e-05,4.659235261791562444e+00
6.219512195121951865e-05,4.427991472119693128e+00
6.220731707317073416e-05,4.146362646894240278e+00
6.221951219512194967e-05,3.821708714090073400e+00
6.223170731707316518e-05,3.462513995440177794e+00
6.224390243902439424e-05,3.078165481981689489e+00
6.225609756097560976e-05,2.678707519759597755e+00
6.226829268292682527e-05,2.274579316581029076e+00
6.228048780487805433e-05,1.876342129681227711e+00
6.229268292682926984e-05,1.494403263818865568e+00
6.230487804878048535e-05,1.138744092674326636e+00
6.231707317073170087e-05,8.186592112921347031e-01
6.232926829268292993e-05,5.425135364062236842e-01
6.234146341463414544e-05,3.175237024518953177e-01
6.235365853658536095e-05,1.495694661324229457e-01
6.236585365853659002e-05,4.304004819437334817e-02
6.237804878048780553e-05,7.194280216120674254e-04
6.239024390243902104e-05,2.371358869680761927e-02
6.240243902439025010e-05,1.114216138675896417e-01
6.241463414634146562e-05,2.615513917528797805e-01
6.242682926829268113e-05,4.701795158929709118e-01
6.243902439024389664e-05,7.318538172275188547e-01
6.245121951219512570e-05,1.039735847990648665e+00
6.246341463414634121e-05,1.385779593823693645e+00
6.247560975609755673e-05,1.760941743753641209e+00
6.248780487804878579e-05,2.155418022950462476e+00
6.250000000000000130e-05,2.558899412084169711e+00
6.251219512195121681e-05,2.960841557390879952e+00
6.252439024390243232e-05,3.350740330831265545e+00
6.253658536585366139e-05,3.718406339015713158e+00
6.254878048780487690e-05,4.054231207029827644e+00
6.256097560975609241e-05,4.349438678256646540e+00
6.257317073170732147e-05,4.596313968088690416e+00
6.258536585365853699e-05,4.788405377731247192e+00
6.259756097560975250e-05,4.920692899241513096e+00
6.260975609756098156e-05,4.989719405567364596e+00
6.262195121951219707e-05,4.993680997144881673e+00
6.263414634146341258e-05,4.932474143986972592e+00
6.264634146341462810e-05,4.807698391276876038e+00
6.265853658536585716e-05,4.622614557761401954e+00
6.267073170731707267e-05,4.382059519364524647e+00
6.268292682926828818e-05,4.092319805013739931e+00
6.269512195121951725e-05,3.760967308060174652e+00
6.270731707317073276e-05,3.396661406713080034e+00
6.271951219512194827e-05,3.008922664759408061e+00
6.273170731707317733e-05,2.607884026551020362e+00
6.274390243902439285e-05,2.204026008386342106e+00
6.275609756097560836e-05,1.807902806638435500e+00
6.276829268292682387e-05,1.429866480376789317e+00
6.278048780487805293e-05,1.079796416524707370e+00
6.279268292682926844e-05,7.668411475681933265e-01
6.280487804878048396e-05,4.991792689937142313e-01
6.281707317073171302e-05,2.838057045153439262e-01
6.282926829268292853e-05,1.263489047048533820e-01
6.284146341463414404e-05,3.092375625726706545e-02
6.285365853658535955e-05,2.404587576210204247e-05
6.286585365853658862e-05,3.445728906487932619e-02
6.287804878048780413e-05,1.333236269780333494e-01
6.289024390243901964e-05,2.940393428181664603e-01
6.290243902439024871e-05,5.124043832276719002e-01
6.291463414634146422e-05,7.827121200989890504e-01
6.292682926829267973e-05,1.097898484358586169e+00
6.293902439024390879e-05,1.449726574340679974e+00
6.295121951219512430e-05,1.829001914301826126e+00
6.296341463414633982e-05,2.225812737636668981e+00
6.297560975609755533e-05,2.629789015364007554e+00
6.298780487804878439e-05,3.030373460582171941e+00
6.299999999999999990e-05,3.417097426614722266e+00
6.301219512195121541e-05,3.779854488688370928e+00
6.302439024390244448e-05,4.109164559502707981e+00
6.303658536585365999e-05,4.396421636454798332e+00
6.304878048780487550e-05,4.634118706031518542e+00
6.306097560975609101e-05,4.816043927841116457e+00
6.307317073170732008e-05,4.937442971326664320e+00
6.308536585365853559e-05,4.995143262744614177e+00
6.309756097560975110e-05,4.987636895407330684e+00
6.310975609756098016e-05,4.915120036461027908e+00
6.312195121951219567e-05,4.779487800365229688e+00
6.313414634146341119e-05,4.584284723045717769e+00
6.314634146341464025e-05,4.334612131003852120e+00
6.315853658536585576e-05,4.036994826142956683e+00
6.317073170731707127e-05,3.699210570296632916e+00
6.318292682926828678e-05,3.330086825611936696e+00
6.319512195121951585e-05,2.939270062660747307e+00
6.320731707317073136e-05,2.536973665051167615e+00
6.321951219512194687e-05,2.133711018651300417e+00
6.323170731707317594e-05,1.740020760726217475e+00
6.324390243902439145e-05,1.366191369172082393e+00
6.325609756097560696e-05,1.021992289266961951e+00
6.326829268292683602e-05,7.164186245310986134e-01
6.328048780487805153e-05,4.574560637945630504e-01
6.329268292682926705e-05,2.518721877330643011e-01
6.330487804878048256e-05,1.050396087539011702e-01
6.331707317073171162e-05,2.079556619094624637e-02
6.332926829268292713e-05,1.341646068606205944e-03
6.334146341463414264e-05,4.718624610076682657e-02
6.335365853658537171e-05,1.571312895138960997e-01
6.336585365853658722e-05,3.283035349052045859e-01
6.337804878048780273e-05,5.562296639045736235e-01
6.339024390243901824e-05,8.349531843390047836e-01
6.340243902439024731e-05,1.157190093821068189e+00
6.341463414634146282e-05,1.514519235734126834e+00
6.342682926829267833e-05,1.897602372964466433e+00
6.343902439024390739e-05,2.296428228093591706e+00
6.345121951219512290e-05,2.700574112440962349e+00
6.346341463414633842e-05,3.099478306701975328e+00
6.347560975609756748e-05,3.482716074926473393e+00
6.348780487804878299e-05,3.840272098656447142e+00
6.349999999999999850e-05,4.162802211577321998e+00
6.351219512195121401e-05,4.441877594661001183e+00
6.352439024390244308e-05,4.670205050140964431e+00
6.353658536585365859e-05,4.841817597805063045e+00
6.354878048780487410e-05,4.952230412673335636e+00
6.356097560975610317e-05,4.998558028869568126e+00
6.357317073170731868e-05,4.979589746749503831e+00
6.358536585365853419e-05,4.895821272639157229e+00
6.359756097560974970e-05,4.749441764326379101e+00
6.360975609756097876e-05,4.544276620853186621e+00
6.362195121951219428e-05,4.285687511707619635e+00
6.363414634146340979e-05,3.980432257993179679e+00
6.364634146341463885e-05,3.636488227365712866e+00
6.365853658536585436e-05,3.262843858033667388e+00
6.367073170731706987e-05,2.869263760009128639e+00
6.368292682926829894e-05,2.466033532330782929e+00
6.369512195121951445e-05,2.063690965052902726e+00
6.370731707317072996e-05,1.672750650614925227e+00
6.371951219512194547e-05,1.303429201448616848e+00
6.373170731707317454e-05,9.653782548227498594e-01
6.374390243902439005e-05,6.674322424308902768e-01
6.375609756097560556e-05,4.173775163624671158e-01
6.376829268292683462e-05,2.217488649942334078e-01
6.378048780487805013e-05,8.565873653881794780e-02
6.379268292682926565e-05,1.266363322110430900e-02
6.380487804878048116e-05,4.671167667568809634e-03
6.381707317073171022e-05,6.189021043970832636e-02
6.382926829268292573e-05,1.828254315288133647e-01
6.384146341463414124e-05,3.643163784627967416e-01
6.385365853658537031e-05,6.016200697785676343e-01
6.386585365853658582e-05,8.885349454079440878e-01
6.387804878048780133e-05,1.217562934733120938e+00
6.389024390243903040e-05,1.580105406909527499e+00
6.390243902439024591e-05,1.966687882606685145e+00
6.391463414634146142e-05,2.367207634679152406e+00
6.392682926829267693e-05,2.771197707105869767e+00
6.393902439024390599e-05,3.168100452481469986e+00
6.395121951219512151e-05,3.547543439586006819e+00
6.396341463414633702e-05,3.899610520618581155e+00
6.397560975609756608e-05,4.215100974180595372e+00
6.398780487804878159e-05,4.485769951707517578e+00
6.399999999999999710e-05,4.704543943667760075e+00
6.401219512195122617e-05,4.865705634646388944e+00
6.402439024390244168e-05,4.965043316423814801e+00
6.403658536585365719e-05,4.999960954370191502e+00
6.404878048780487270e-05,4.969546030741103237e+00
6.406097560975610177e-05,4.874593391898809358e+00
6.407317073170731728e-05,4.717584476248740444e+00
6.408536585365853279e-05,4.502622465735399260e+00
6.409756097560976185e-05,4.235325055612167766e+00
6.410975609756097736e-05,3.922677644781850326e+00
6.412195121951219288e-05,3.572850783341608327e+00
6.413414634146340839e-05,3.194986648062307477e+00
6.414634146341463745e-05,2.798960125926503117e+00
6.415853658536585296e-05,2.395120749433836682e+00
6.417073170731706847e-05,1.994022227786772516e+00
6.418292682926829754e-05,1.606146642241899292e+00
6.419512195121951305e-05,1.241630513345528097e+00
6.420731707317072856e-05,9.099998988518009924e-01
6.421951219512195763e-05,6.199214451353631805e-01
6.423170731707317314e-05,3.789758979704371811e-01
6.424390243902438865e-05,1.934599916191612756e-01
6.425609756097560416e-05,6.822189355133900790e-02
6.426829268292683322e-05,6.534505185568306729e-03
6.428048780487804874e-05,1.000992973962011590e-02
6.429268292682926425e-05,7.855734243942880113e-02
6.430487804878049331e-05,2.103853640825699145e-01
6.431707317073170882e-05,4.020488759253924016e-01
6.432926829268292433e-05,6.485390524634346843e-01
6.434146341463413985e-05,9.434142592347134482e-01
6.435365853658536891e-05,1.278968394842661338e+00
6.436585365853658442e-05,1.646432277836449298e+00
6.437804878048779993e-05,2.036202815528021404e+00
6.439024390243902900e-05,2.438093965768159066e+00
6.440243902439024451e-05,2.841602933192833635e+00
6.441463414634146002e-05,3.236184643322198795e+00
6.442682926829268908e-05,3.611527321555723091e+00
6.443902439024390459e-05,3.957821975237998835e+00
6.445121951219512011e-05,4.266018736312469528e+00
6.446341463414633562e-05,4.528063365438060650e+00
6.447560975609756468e-05,4.737107736911758238e+00
6.448780487804878019e-05,4.887688803701410123e+00
6.449999999999999570e-05,4.975871365619145337e+00
6.451219512195122477e-05,4.999350909609937332e+00
6.452439024390244028e-05,4.957513834588928248e+00
6.453658536585365579e-05,4.851453486944237170e+00
6.454878048780487130e-05,4.683941587642733495e+00
6.456097560975610037e-05,4.459355797645719655e+00
6.457317073170731588e-05,4.183565314602015306e+00
6.458536585365853139e-05,3.863777490563496286e+00
6.459756097560976045e-05,3.508349479136514404e+00
6.460975609756097597e-05,3.126569834368937428e+00
6.462195121951219148e-05,2.728415768947699327e+00
6.463414634146342054e-05,2.324292415380215360e+00
6.464634146341463605e-05,1.924760904166427089e+00
6.465853658536585156e-05,1.540262365200788519e+00
6.467073170731706708e-05,1.180845065209259248e+00
6.468292682926829614e-05,8.559018120435668564e-01
6.469512195121951165e-05,5.739244883713769951e-01
6.470731707317072716e-05,3.422821296283378167e-01
6.471951219512195623e-05,1.670283458274774979e-01
6.473170731707317174e-05,5.274311994915770185e-02
6.474390243902438725e-05,2.413117262487940451e-03
6.475609756097561631e-05,1.735363350990004605e-02
6.476829268292683183e-05,9.717422171417178234e-02
6.478048780487804734e-05,2.397888958982861141e-01
6.479268292682926285e-05,4.414706450599275023e-01
6.480487804878049191e-05,6.969488327627795243e-01
6.481707317073170742e-05,9.995469369589304875e-01
6.482926829268292293e-05,1.341357030430697872e+00
6.484146341463415200e-05,1.713446442074369802e+00
6.485365853658536751e-05,2.106091198258317920e+00
6.486585365853658302e-05,2.509030143637752897e+00
6.487804878048779853e-05,2.911733100365077043e+00
6.489024390243902760e-05,3.303676057787656717e+00
6.490243902439024311e-05,3.674616200969576418e+00
6.491463414634145862e-05,4.014859590610913465e+00
6.492682926829268768e-05,4.315514498957059075e+00
6.493902439024390320e-05,4.568723781167467912e+00
6.495121951219511871e-05,4.767870209484108557e+00
6.496341463414634777e-05,4.907749404107804025e+00
6.497560975609756328e-05,4.984705841506922752e+00
6.498780487804877879e-05,4.996728385797259975e+00
6.499999999999999431e-05,4.943502846625637659e+00
6.501219512195122337e-05,4.826420190042464142e+00
6.502439024390243888e-05,4.648540187784609756e+00
6.503658536585365439e-05,4.414511454935417412e+00
6.504878048780488346e-05,4.130449965655000000e+00
6.506097560975609897e-05,3.803779221781886211e+00
6.507317073170731448e-05,3.443036251245217727e+00
6.508536585365852999e-05,3.057648506219304174e+00
6.509756097560975906e-05,2.657687491435809513e+00
6.510975609756097457e-05,2.253605561193809059e+00
6.512195121951219008e-05,1.855962763457590370e+00
6.513414634146341914e-05,1.475150869555751809e+00
6.514634146341463465e-05,1.121121801523507822e+00
6.515853658536585017e-05,8.031275542149836077e-01
6.517073170731707923e-05,5.294784089190673892e-01
6.518292682926829474e-05,3.073257571828085233e-01
6.519512195121951025e-05,1.424752103986808294e-01
6.520731707317072576e-05,3.923487925148227973e-02
6.521951219512195483e-05,3.027879961887691707e-04
6.523170731707317034e-05,2.669636582305390249e-02
6.524390243902438585e-05,1.177258579397850724e-01
6.525609756097561491e-05,2.710123512326152451e-01
6.526829268292683043e-05,4.825499434313957892e-01
6.528048780487804594e-05,7.468104310879872809e-01
6.529268292682927500e-05,1.056887780510094244e+00
6.530487804878049051e-05,1.404678606126419593e+00
6.531707317073170602e-05,1.781093939771589696e+00
6.532926829268292154e-05,2.176296756623425921e+00
6.534146341463415060e-05,2.579959050429831091e+00
6.535365853658536611e-05,2.981531739765414635e+00
6.536585365853658162e-05,3.370520351744202614e+00
6.537804878048781069e-05,3.736759278619961933e+00
6.539024390243902620e-05,4.070677440011545301e+00
6.540243902439024171e-05,4.363548408092013275e+00
6.541463414634145722e-05,4.607718459100857089e+00
6.542682926829268629e-05,4.796806591421464816e+00
6.543902439024390180e-05,4.925871283056158845e+00
6.545121951219511731e-05,4.991539630561035779e+00
6.546341463414634637e-05,4.992095494590117255e+00
6.547560975609756188e-05,4.927524348508157459e+00
6.548780487804877740e-05,4.799513658021496099e+00
6.550000000000000646e-05,4.611408781905877774e+00
6.551219512195122197e-05,4.368125546299024720e+00
6.552439024390243748e-05,4.076021777286851666e+00
6.553658536585365299e-05,3.742731149084578490e+00
6.554878048780488206e-05,3.376963689922719780e+00
6.556097560975609757e-05,2.988278159112608634e+00
6.557317073170731308e-05,2.586832243849126911e+00
6.558536585365854214e-05,2.183117103976556450e+00
6.559756097560975766e-05,1.787683201969405777e+00
6.560975609756097317e-05,1.410864583128147665e+00
6.562195121951218868e-05,1.062508811501527095e+00
6.563414634146341774e-05,7.517196192335058313e-01
6.564634146341463325e-05,4.866189947925523285e-01
6.565853658536584877e-05,2.741349275291495857e-01
6.567073170731707783e-05,1.198203555339221182e-01
6.568292682926829334e-05,2.770804830269302244e-02
6.569512195121950885e-05,2.052166252446419037e-04
6.570731707317073792e-05,3.803060390481816100e-02
6.571951219512195343e-05,1.401957029251290621e-01
6.573170731707316894e-05,3.040305889377203918e-01
6.574390243902438445e-05,5.252536939603040800e-01
6.575609756097561352e-05,7.980836988469701687e-01
6.576829268292682903e-05,1.115390619001501715e+00
6.578048780487804454e-05,1.468882135353250629e+00
6.579268292682927360e-05,1.849320301118034138e+00
6.580487804878048911e-05,2.246762961060559505e+00
6.581707317073170463e-05,2.650823574139549166e+00
6.582926829268292014e-05,3.050942649480808289e+00
6.584146341463414920e-05,3.436663702121947050e+00
6.585365853658536471e-05,3.797906516857734616e+00
6.586585365853658022e-05,4.125230578868912090e+00
6.587804878048780929e-05,4.410081786781409718e+00
6.589024390243902480e-05,4.645016000697659742e+00
6.590243902439024031e-05,4.823893583128944229e+00
6.591463414634146937e-05,4.942039848797506352e+00
6.592682926829268489e-05,4.996367230209942889e+00
6.593902439024390040e-05,4.985455966395658578e+00
6.595121951219511591e-05,4.909591206134244601e+00
6.596341463414634497e-05,4.770755556038785983e+00
6.597560975609756048e-05,4.572577268240122450e+00
6.598780487804877600e-05,4.320235421702276923e+00
6.600000000000000506e-05,4.020324575111430043e+00
6.601219512195122057e-05,3.680682428420256169e+00
6.602439024390243608e-05,3.310184996841135430e+00
6.603658536585366515e-05,2.918514650100076047e+00
6.604878048780488066e-05,2.515907078880067704e+00
6.606097560975609617e-05,2.112883801083001778e+00
6.607317073170731168e-05,1.719977198452042888e+00
6.608536585365854075e-05,1.347455269278504009e+00
6.609756097560975626e-05,1.005053290361811680e+00
6.610975609756097177e-05,7.017194008039731035e-01
6.612195121951220083e-05,4.453807564205529701e-01
6.613414634146341634e-05,2.427363659457073553e-01
6.614634146341463186e-05,9.908202293800894012e-02
6.615853658536584737e-05,1.817190851509487004e-02
6.617073170731707643e-05,2.120481714188215960e-03
6.618292682926829194e-05,5.134722141885639246e-02
6.619512195121950745e-05,1.645656639354804440e-01
6.620731707317073652e-05,3.388170227064075668e-01
6.621951219512195203e-05,5.695475115583645831e-01
6.623170731707316754e-05,8.507273507688326575e-01
6.624390243902439660e-05,1.175008345908743701e+00
6.625609756097561212e-05,1.533915921386301839e+00
6.626829268292682763e-05,1.918070590200324776e+00
6.628048780487804314e-05,2.317433072133128213e+00
6.629268292682927220e-05,2.721566654605350521e+00
6.630487804878048771e-05,3.119909939800654453e+00
6.631707317073170323e-05,3.502052850249377514e+00
6.632926829268293229e-05,3.858008679885562842e+00
6.634146341463414780e-05,4.178475080958937049e+00
6.635365853658536331e-05,4.455077166316524284e+00
6.636585365853657882e-05,4.680586373951413748e+00
6.637804878048780789e-05,4.849109374142834383e+00
6.639024390243902340e-05,4.956242082391510984e+00
6.640243902439023891e-05,4.999184753267080339e+00
6.641463414634146798e-05,4.976815147366466796e+00
6.642682926829268349e-05,4.889717859282047385e+00
6.643902439024389900e-05,4.740169040137946155e+00
6.645121951219512806e-05,4.532076913947940433e+00
6.646341463414634357e-05,4.270879642305687618e+00
6.647560975609755909e-05,3.963403206554487745e+00
6.648780487804877460e-05,3.617683021461995274e+00
6.650000000000000366e-05,3.242753942248487231e+00
6.651219512195121917e-05,2.848414152806896471e+00
6.652439024390243468e-05,2.444969105520558461e+00
6.653658536585366375e-05,2.042962204415843530e+00
6.654878048780487926e-05,1.652899269824501305e+00
6.656097560975609477e-05,1.284973985230478011e+00
6.657317073170732384e-05,9.488015013295372224e-01
6.658536585365853935e-05,6.531671591358734208e-01
6.659756097560975486e-05,4.057968988611602157e-01
6.660975609756097037e-05,2.131553545759929946e-01
6.662195121951219943e-05,8.027691113012114243e-02
6.663414634146341494e-05,1.063413839477922451e-02
6.664634146341463046e-05,6.047041090257110341e-03
6.665853658536585952e-05,6.663549581579442105e-02
6.667073170731707503e-05,1.908161182618526297e-01
6.668292682926829054e-05,3.753436424781164682e-01
6.669512195121950605e-05,6.153957308128097381e-01
6.670731707317073512e-05,9.046989981500832556e-01
6.671951219512195063e-05,1.235692956996854663e+00
6.673170731707316614e-05,1.599727598976038667e+00
6.674390243902439521e-05,1.987289449239479922e+00
6.675609756097561072e-05,2.388250186220760352e+00
6.676829268292682623e-05,2.792131329449592414e+00
6.678048780487805529e-05,3.188378078215319711e+00
6.679268292682927080e-05,3.566635144740470054e+00
6.680487804878048632e-05,3.917017373400182301e+00
6.681707317073170183e-05,4.230368073771689552e+00
6.682926829268293089e-05,4.498498316387874674e+00
6.684146341463414640e-05,4.714400937573952177e+00
6.685365853658536191e-05,4.872433660690746571e+00
6.686585365853659098e-05,4.968466548190135335e+00
6.687804878048780649e-05,4.999989931061008086e+00
6.689024390243902200e-05,4.966179995096014821e+00
6.690243902439023751e-05,4.867920309984198113e+00
6.691463414634146658e-05,4.707778738602271140e+00
6.692682926829268209e-05,4.489940329942630370e+00
6.693902439024389760e-05,4.220097949417000116e+00
6.695121951219512666e-05,3.905303504739791265e+00
6.696341463414634218e-05,3.553783655374121331e+00
6.697560975609755769e-05,3.174724821676603526e+00
6.698780487804878675e-05,2.778033112200893218e+00
6.700000000000000226e-05,2.374075443074431302e+00
6.701219512195121777e-05,1.973408614893116031e+00
6.702439024390243329e-05,1.586503427281611422e+00
6.703658536585366235e-05,1.223471040955482536e+00
6.704878048780487786e-05,8.937987383837127098e-01
6.706097560975609337e-05,6.061019885277971753e-01
6.707317073170732244e-05,3.678992950630890491e-01
6.708536585365853795e-05,1.854157120700077321e-01
6.709756097560975346e-05,6.342016199937816623e-02
6.710975609756096897e-05,5.100807359475378888e-03
6.712195121951219803e-05,1.198173308520100733e-02
6.713414634146341355e-05,8.388311696649397575e-02
6.714634146341462906e-05,2.189259290202407726e-01
6.715853658536585812e-05,4.135810369943473397e-01
6.717073170731707363e-05,6.627614347070454048e-01
6.718292682926828914e-05,9.599551829828993910e-01
6.719512195121951821e-05,1.297395588976195890e+00
6.720731707317073372e-05,1.666264176515956041e+00
6.721951219512194923e-05,2.056921143162286469e+00
6.723170731707316474e-05,2.459157281334173550e+00
6.724390243902439381e-05,2.862460779949224321e+00
6.725609756097560932e-05,3.256291934132910626e+00
6.726829268292682483e-05,3.630358583887000279e+00
6.728048780487805389e-05,3.974885083562383237e+00
6.729268292682926941e-05,4.280867773034891854e+00
6.730487804878048492e-05,4.540310274255356049e+00
6.731707317073171398e-05,4.746432464055352796e+00
6.732926829268292949e-05,4.893847662041473257e+00
6.734146341463414500e-05,4.978703403045068754e+00
6.735365853658536052e-05,4.998782115262007331e+00
6.736585365853658958e-05,4.953559073015975756e+00
6.737804878048780509e-05,4.844216109642040635e+00
6.739024390243902060e-05,4.673610732124589440e+00
6.740243902439024967e-05,4.446201444629958033e+00
6.741463414634146518e-05,4.167931232489055837e+00
6.742682926829268069e-05,3.846072251587690172e+00
6.743902439024389620e-05,3.489035781970432293e+00
6.745121951219512526e-05,3.106152412219096881e+00
6.746341463414634078e-05,2.707428199143833591e+00
6.747560975609755629e-05,2.303283175167759378e+00
6.748780487804878535e-05,1.904279037111297201e+00
6.750000000000000086e-05,1.520843132799886588e+00
6.751219512195121637e-05,1.162995958666825924e+00
6.752439024390244544e-05,8.400892897860325892e-01
6.753658536585366095e-05,5.605617858863765068e-01
6.754878048780487646e-05,3.317184602031386653e-01
6.756097560975609197e-05,1.595397744071096469e-01
6.757317073170732104e-05,4.852534861137591804e-02
6.758536585365853655e-05,1.576370851053443545e-03
6.759756097560975206e-05,1.991977908090625249e-02
6.760975609756098112e-05,1.030761970749498602e-01
6.762195121951219664e-05,2.488724621723519270e-01
6.763414634146341215e-05,4.534984174785785527e-01
6.764634146341462766e-05,7.116064843435190301e-01
6.765853658536585672e-05,1.016451412950112543e+00
6.767073170731707223e-05,1.360066558844781115e+00
6.768292682926828775e-05,1.733472078707496422e+00
6.769512195121951681e-05,2.126909604482550620e+00
6.770731707317073232e-05,2.530097263032721422e+00
6.771951219512194783e-05,2.932498376782020522e+00
6.773170731707317690e-05,3.323596823270992040e+00
6.774390243902439241e-05,3.693171857533446456e+00
6.775609756097560792e-05,4.031565215251655232e+00
6.776829268292682343e-05,4.329933516355732870e+00
6.778048780487805249e-05,4.580479372902388491e+00
6.779268292682926801e-05,4.776655161588589493e+00
6.780487804878048352e-05,4.913334135626316268e+00
6.781707317073171258e-05,4.986944404233982553e+00
6.782926829268292809e-05,4.995562278404161560e+00
6.784146341463414360e-05,4.938962543501531854e+00
6.785365853658535912e-05,4.818624344894111289e+00
6.786585365853658818e-05,4.637692532806809709e+00
6.787804878048780369e-05,4.400895476590660493e+00
6.789024390243901920e-05,4.114421496198643169e+00
6.790243902439024827e-05,3.785757140142562704e+00
6.791463414634146378e-05,3.423491536282115888e+00
6.792682926829267929e-05,3.037091928427530618e+00
6.793902439024390835e-05,2.636656264759451140e+00
6.795121951219512387e-05,2.232649303781678363e+00
6.796341463414633938e-05,1.835629134254270767e+00
6.797560975609755489e-05,1.455971256093897548e+00
6.798780487804878395e-05,1.103597432941416878e+00
6.799999999999999946e-05,7.877164024216776195e-01
6.801219512195121498e-05,5.165832202144833296e-01
6.802439024390244404e-05,2.972835271135689794e-01
6.803658536585365955e-05,1.355483769096972324e-01
6.804878048780487506e-05,3.560446428017627341e-02
6.806097560975610413e-05,6.366674821256523842e-05
6.807317073170731964e-05,2.985478735746482926e-02
6.808536585365853515e-05,1.241992818596955317e-01
6.809756097560975066e-05,2.806316047489749721e-01
6.810975609756097972e-05,4.950636424292125248e-01
6.812195121951219524e-05,7.618915496554308220e-01
6.813414634146341075e-05,1.074142197248238784e+00
6.814634146341463981e-05,1.423655403896048721e+00
6.815853658536585532e-05,1.801297189703178647e+00
6.817073170731707083e-05,2.197198478442774050e+00
6.818292682926828635e-05,2.601013010394035430e+00
6.819512195121951541e-05,3.002187725627934345e+00
6.820731707317073092e-05,3.390238551686246549e+00
6.821951219512194643e-05,3.755024388388136458e+00
6.823170731707317550e-05,4.087012129588316611e+00
6.824390243902439101e-05,4.377525795964709587e+00
6.825609756097560652e-05,4.618973268142948285e+00
6.826829268292683558e-05,4.805044694837292241e+00
6.828048780487805110e-05,4.930877390923802395e+00
6.829268292682926661e-05,4.993182916096982282e+00
6.830487804878048212e-05,4.990333013102325133e+00
6.831707317073171118e-05,4.922402159688060053e+00
6.832926829268292669e-05,4.791165622246381872e+00
6.834146341463414221e-05,4.600053062007896543e+00
6.835365853658537127e-05,4.354058906220295455e+00
6.836585365853658678e-05,4.059611826620963093e+00
6.837804878048780229e-05,3.724406736173886845e+00
6.839024390243901780e-05,3.357203694581174069e+00
6.840243902439024687e-05,2.967598977849320807e+00
6.841463414634146238e-05,2.565774294658301535e+00
6.842682926829267789e-05,2.162230703358321904e+00
6.843902439024390695e-05,1.767514183270234129e+00
6.845121951219512247e-05,1.391940032042372932e+00
6.846341463414633798e-05,1.045323291513277963e+00
6.847560975609756704e-05,7.367222469743375246e-01
6.848780487804878255e-05,4.742017030824055013e-01
6.849999999999999806e-05,2.646222228263499510e-01
6.851219512195121358e-05,1.134608374676320253e-01
6.852439024390244264e-05,2.466791291052805590e-02
6.853658536585365815e-05,5.639130813137605003e-04
6.854878048780487366e-05,4.177875823929655397e-02
6.856097560975610273e-05,1.472353629988338852e-01
6.857317073170731824e-05,3.141777842671586995e-01
6.858536585365853375e-05,5.382432434983384084e-01
6.859756097560976281e-05,8.135761410737951671e-01
6.860975609756097833e-05,1.132981083219445573e+00
6.862195121951219384e-05,1.488110922347692933e+00
6.863414634146340935e-05,1.869684896676683916e+00
6.864634146341463841e-05,2.267731168394397478e+00
6.865853658536585392e-05,2.671847422011241147e+00
6.867073170731706944e-05,3.071472712575038511e+00
6.868292682926829850e-05,3.456163459414693051e+00
6.869512195121951401e-05,3.815866372752147573e+00
6.870731707317072952e-05,4.141181180678557894e+00
6.871951219512194503e-05,4.423606290525348150e+00
6.873170731707317410e-05,4.655760964667019053e+00
6.874390243902438961e-05,4.831578204529648701e+00
6.875609756097560512e-05,4.946463302092611869e+00
6.876829268292683419e-05,4.997413915380173322e+00
6.878048780487804970e-05,4.983098529964435031e+00
6.879268292682926521e-05,4.903891256008082067e+00
6.880487804878049427e-05,4.761862051481203117e+00
6.881707317073170978e-05,4.560722627054733636e+00
6.882926829268292530e-05,4.305729446357734247e+00
6.884146341463414081e-05,4.003546356539889217e+00
6.885365853658536987e-05,3.662070439068177308e+00
6.886585365853658538e-05,3.290225631881769530e+00
6.887804878048780089e-05,2.897729516256654314e+00
6.889024390243902996e-05,2.494839363049786485e+00
6.890243902439024547e-05,2.092084075002084376e+00
6.891463414634146098e-05,1.699989030364049469e+00
6.892682926829267649e-05,1.328801018631236008e+00
6.893902439024390556e-05,9.882204567597905331e-01
6.895121951219512107e-05,6.871478839734805888e-01
6.896341463414633658e-05,4.334513601170830732e-01
6.897560975609756564e-05,2.337608462456470804e-01
6.898780487804878115e-05,9.329494098234114574e-02
6.899999999999999667e-05,1.572450062115171576e-02
6.901219512195122573e-05,3.076707051677285421e-03
6.902439024390244124e-05,5.568209053712624979e-02
6.903658536585365675e-05,1.721658918238979652e-01
6.904878048780487226e-05,3.494839893199248593e-01
6.906097560975610133e-05,5.830024524424963772e-01
6.907317073170731684e-05,8.666186421300174914e-01
6.908536585365853235e-05,1.192920693752028249e+00
6.909756097560976142e-05,1.553381214573447799e+00
6.910975609756097693e-05,1.938580133800388960e+00
6.912195121951219244e-05,2.338450881366648026e+00
6.913414634146340795e-05,2.742543461966789220e+00
6.914634146341463701e-05,3.140297549305826941e+00
6.915853658536585253e-05,3.521318463674990795e+00
6.917073170731706804e-05,3.875648820617548118e+00
6.918292682926829710e-05,4.194028751566030166e+00
6.919512195121951261e-05,4.468137895992822628e+00
6.920731707317072812e-05,4.690812840995749688e+00
6.921951219512195719e-05,4.856234325866034318e+00
6.923170731707317270e-05,4.960079319346594851e+00
6.924390243902438821e-05,4.999633995279991083e+00
6.925609756097560372e-05,4.973864654201332058e+00
6.926829268292683279e-05,4.883444737453533691e+00
6.928048780487804830e-05,4.730737227853943239e+00
6.929268292682926381e-05,4.519732896840761960e+00
6.930487804878049287e-05,4.255946011916545757e+00
6.931707317073170838e-05,3.946270229909617733e+00
6.932926829268292390e-05,3.598798442055016977e+00
6.934146341463415296e-05,3.222611278966074355e+00
6.935365853658536847e-05,2.827539802586410023e+00
6.936585365853658398e-05,2.423908586789937925e+00
6.937804878048779949e-05,2.022265900826671459e+00
6.939024390243902856e-05,1.633108046834499394e+00
6.940243902439024407e-05,1.266605055436019756e+00
6.941463414634145958e-05,9.323349079232530201e-01
6.942682926829268865e-05,6.390332307291204383e-01
6.943902439024390416e-05,3.943650035220640504e-01
6.945121951219511967e-05,2.047242469732353243e-01
6.946341463414633518e-05,7.506692504771494967e-02
6.947560975609756424e-05,8.781428653563239095e-03
6.948780487804877976e-05,7.600025355870343446e-03
6.949999999999999527e-05,7.155358927817756509e-02
6.951219512195122433e-05,1.989707942563194720e-01
6.952439024390243984e-05,3.865217913275160733e-01
6.953658536585365535e-05,6.293052291154841438e-01
6.954878048780488442e-05,9.209763429670181356e-01
6.956097560975609993e-05,1.253912765431295151e+00
6.957317073170731544e-05,1.619413724888838280e+00
6.958536585365853095e-05,2.007927426581670005e+00
6.959756097560976002e-05,2.409300673799671610e+00
6.960975609756097553e-05,2.813044205762354810e+00
6.962195121951219104e-05,3.208606818014120954e+00
6.963414634146342010e-05,3.585651101613914093e+00
6.964634146341463561e-05,3.934323595117133365e+00
6.965853658536585113e-05,4.245512289350079627e+00
6.967073170731706664e-05,4.511084755487407172e+00
6.968292682926829570e-05,4.724100673335040135e+00
6.969512195121951121e-05,4.878993205720469462e+00
6.970731707317072672e-05,4.971714479059245129e+00
6.971951219512195579e-05,4.999841368186608292e+00
6.973170731707317130e-05,4.962638820935913131e+00
6.974390243902438681e-05,4.861079067575391655e+00
6.975609756097561588e-05,4.697816213093258142e+00
6.976829268292683139e-05,4.477116876324300776e+00
6.978048780487804690e-05,4.204748688552608193e+00
6.979268292682926241e-05,3.887829565506963903e+00
6.980487804878049147e-05,3.534641691788424467e+00
6.981707317073170699e-05,3.154415078957594876e+00
6.982926829268292250e-05,2.757086353644617738e+00
6.984146341463415156e-05,2.353039079387478250e+00
6.985365853658536707e-05,1.952832398472299946e+00
6.986585365853658258e-05,1.566925085295812536e+00
6.987804878048781165e-05,1.205402222689103464e+00
6.989024390243902716e-05,8.777116440847054779e-01
6.990243902439024267e-05,5.924170291933630317e-01
6.991463414634145818e-05,3.569741056587232286e-01
6.992682926829268725e-05,1.775358052981328427e-01
6.993902439024390276e-05,5.879146687429015472e-02
6.995121951219511827e-05,3.844287574128468776e-03
6.996341463414634733e-05,1.413022581492473506e-02
6.997560975609756284e-05,8.938047472099430735e-02
6.998780487804877836e-05,2.276284869700946345e-01
6.999999999999999387e-05,4.252613674259690946e-01
7.001219512195122293e-05,6.771142904907718751e-01
7.002439024390243844e-05,9.766054747264645286e-01
7.003658536585365395e-05,1.315908187398906470e+00
7.004878048780488302e-05,1.686155283872172728e+00
7.006097560975609853e-05,2.077670936534321999e+00
7.007317073170731404e-05,2.480223497391275789e+00
7.008536585365854311e-05,2.883292886150512047e+00
7.009756097560975862e-05,3.276345516030840344e+00
7.010975609756097413e-05,3.649109572546869629e+00
7.012195121951218964e-05,3.991843451281868127e+00
7.013414634146341870e-05,4.295590339451891282e+00
7.014634146341463422e-05,4.552412288169314536e+00
7.015853658536584973e-05,4.755597658299238972e+00
7.017073170731707879e-05,4.899836518627596504e+00
7.018292682926829430e-05,4.981359412592234470e+00
7.019512195121950981e-05,4.998035867123229004e+00
7.020731707317072533e-05,4.949430069216884220e+00
7.021951219512195439e-05,4.836812255225894752e+00
7.023170731707316990e-05,4.663125515223010886e+00
7.024390243902438541e-05,4.432908879954577941e+00
7.025609756097561448e-05,4.152178700384698828e+00
7.026829268292682999e-05,3.828271419793719765e+00
7.028048780487804550e-05,3.469651847328118155e+00
7.029268292682927456e-05,3.085691943481871036e+00
7.030487804878049007e-05,2.686425898595723005e+00
7.031707317073170559e-05,2.282287905018822727e+00
7.032926829268292110e-05,1.883839475843404720e+00
7.034146341463415016e-05,1.501493436312576035e+00
7.035365853658536567e-05,1.145241800953282985e+00
7.036585365853658118e-05,8.243946479340082956e-01
7.037804878048781025e-05,5.473368147630188751e-01
7.039024390243902576e-05,3.213087737028543778e-01
7.040243902439024127e-05,1.522174133725053835e-01
7.041463414634145678e-05,4.448167147226556040e-02
7.042682926829268585e-05,9.170527721633625617e-04
7.043902439024390136e-05,2.266205030698831280e-02
7.045121951219511687e-05,1.091483926450678155e-01
7.046341463414634593e-05,2.581158947720170183e-01
7.047560975609756145e-05,4.656715244828810718e-01
7.048780487804877696e-05,7.263911406790557468e-01
7.050000000000000602e-05,1.033461244794072087e+00
7.051219512195122153e-05,1.378857040899918562e+00
7.052439024390243704e-05,1.753552151173956464e+00
7.053658536585365256e-05,2.147754506135857167e+00
7.054878048780488162e-05,2.551162245036799892e+00
7.056097560975609713e-05,2.953232938845751665e+00
7.057317073170731264e-05,3.343459100109458237e+00
7.058536585365854171e-05,3.711642779670915715e+00
7.059756097560975722e-05,4.048162074085366768e+00
7.060975609756097273e-05,4.344222578990851957e+00
7.062195121951220179e-05,4.592087217080766948e+00
7.063414634146341731e-05,4.785278434494879995e+00
7.064634146341463282e-05,4.918747481537448785e+00
7.065853658536584833e-05,4.989006353838367325e+00
7.067073170731707739e-05,4.994218945880509075e+00
7.068292682926829290e-05,4.934249034740006756e+00
7.069512195121950841e-05,4.810663840059134166e+00
7.070731707317073748e-05,4.626693067216445243e+00
7.071951219512195299e-05,4.387144504039630633e+00
7.073170731707316850e-05,4.098278376803889955e+00
7.074390243902438401e-05,3.767643749030031852e+00
7.075609756097561308e-05,3.403881238540541254e+00
7.076829268292682859e-05,3.016497208455154677e+00
7.078048780487804410e-05,2.615615333287042432e+00
7.079268292682927316e-05,2.211712032576562681e+00
7.080487804878048868e-05,1.815342686087108914e+00
7.081707317073170419e-05,1.436865785493847358e+00
7.082926829268293325e-05,1.086172231440578173e+00
7.084146341463414876e-05,7.724268503523004092e-01
7.085365853658536427e-05,5.038288860579420714e-01
7.086585365853657979e-05,2.873977254045776419e-01
7.087804878048780885e-05,1.287894575823469445e-01
7.089024390243902436e-05,3.214906109851689564e-02
7.090243902439023987e-05,2.081259144581792953e-06
7.091463414634146894e-05,3.318862900122399040e-02
7.092682926829268445e-05,1.308414259097552268e-01
7.093902439024389996e-05,2.904084691802326645e-01
7.095121951219511547e-05,5.077197242118276499e-01
7.096341463414634454e-05,7.770961019274418291e-01
7.097560975609756005e-05,1.091497872864419794e+00
7.098780487804877556e-05,1.442708639473667898e+00
7.100000000000000462e-05,1.821550058791874704e+00
7.101219512195122013e-05,2.218121704048924059e+00
7.102439024390243565e-05,2.622059796807536980e+00
7.103658536585366471e-05,3.022808048070630971e+00
7.104878048780488022e-05,3.409893530347499979e+00
7.106097560975609573e-05,3.773200371204139536e+00
7.107317073170731124e-05,4.103234115733557452e+00
7.108536585365854031e-05,4.391369849254992630e+00
7.109756097560975582e-05,4.630077595941870072e+00
7.110975609756097133e-05,4.813119102940437877e+00
7.112195121951220039e-05,4.935710867330129759e+00
7.113414634146341591e-05,4.994649145475473340e+00
7.114634146341463142e-05,4.988393677846063134e+00
7.115853658536584693e-05,4.917107941284761807e+00
7.117073170731707599e-05,4.782654876796576637e+00
7.118292682926829150e-05,4.588548204505924488e+00
7.119512195121950702e-05,4.339860598086809240e+00
7.120731707317073608e-05,4.043091118386526794e+00
7.121951219512195159e-05,3.705995370657151788e+00
7.123170731707316710e-05,3.337382823965421075e+00
7.124390243902439617e-05,2.946886589524600364e+00
7.125609756097561168e-05,2.544711674432792670e+00
7.126829268292682719e-05,2.141368289802324298e+00
7.128048780487804270e-05,1.747397182865940479e+00
7.129268292682927177e-05,1.373094171067506641e+00
7.130487804878048728e-05,1.028241077009241611e+00
7.131707317073170279e-05,7.218500958461580019e-01
7.132926829268293185e-05,4.619282756912226340e-01
7.134146341463414736e-05,2.552682659625062911e-01
7.135365853658536288e-05,1.072708021338879547e-01
7.136585365853659194e-05,2.180356597936761176e-02
7.137804878048780745e-05,1.100109770741486415e-03
7.139024390243902296e-05,4.570148588916822519e-02
7.140243902439023847e-05,1.544421072696691155e-01
7.141463414634146754e-05,3.244802081919813119e-01
7.142682926829268305e-05,5.513721093741237311e-01
7.143902439024389856e-05,8.291883465660268016e-01
7.145121951219512762e-05,1.150668627806039623e+00
7.146341463414634314e-05,1.507411569770574999e+00
7.147560975609755865e-05,1.890094254763649895e+00
7.148780487804877416e-05,2.288715870557053833e+00
7.150000000000000322e-05,2.692859065947145414e+00
7.151219512195121873e-05,3.091962191899045198e+00
7.152439024390243425e-05,3.475595313695486688e+00
7.153658536585366331e-05,3.833732780932955109e+00
7.154878048780487882e-05,4.157015232181485942e+00
7.156097560975609433e-05,4.436994187229672093e+00
7.157317073170732340e-05,4.666352834874029298e+00
7.158536585365853891e-05,4.839097246311188982e+00
7.159756097560975442e-05,4.950713017075590194e+00
7.160975609756096993e-05,4.998283243923808961e+00
7.162195121951219900e-05,4.980564753529627353e+00
7.163414634146341451e-05,4.898020590870983959e+00
7.164634146341463002e-05,4.752807918274841725e+00
7.165853658536585908e-05,4.548721641360236490e+00
7.167073170731707459e-05,4.291095235128588925e+00
7.168292682926829011e-05,3.986661361951279403e+00
7.169512195121950562e-05,3.643375923992023591e+00
7.170731707317073468e-05,3.270210148170338282e+00
7.171951219512195019e-05,2.876916137208756830e+00
7.173170731707316570e-05,2.473772013708161577e+00
7.174390243902439477e-05,2.071313317524507980e+00
7.175609756097561028e-05,1.680057675944764295e+00
7.176829268292682579e-05,1.310229941981626789e+00
7.178048780487805485e-05,9.714949838632969126e-01
7.179268292682927037e-05,6.727051088519007127e-01
7.180487804878048588e-05,4.216687220633410504e-01
7.181707317073170139e-05,2.249462660396321922e-01
7.182926829268293045e-05,8.767877386295941378e-02
7.184146341463414596e-05,1.345351631458280295e-02
7.185365853658536148e-05,4.210254173633298791e-03
7.186585365853659054e-05,6.019054561014369753e-02
7.187804878048780605e-05,1.799314334403137039e-01
7.189024390243902156e-05,3.603036772198362492e-01
7.190243902439025063e-05,5.965935310393795099e-01
7.191463414634146614e-05,8.826259298848302404e-01
7.192682926829268165e-05,1.210925865285858105e+00
7.193902439024389716e-05,1.572913732946382703e+00
7.195121951219512623e-05,1.959129547256611925e+00
7.196341463414634174e-05,2.359480163190488256e+00
7.197560975609755725e-05,2.763503044835108113e+00
7.198780487804878631e-05,3.160639687368454354e+00
7.200000000000000182e-05,3.540511547033829309e+00
7.201219512195121734e-05,3.893191268119142290e+00
7.202439024390243285e-05,4.209462118836969857e+00
7.203658536585366191e-05,4.481058856167651427e+00
7.204878048780487742e-05,4.700883725029758153e+00
7.206097560975609293e-05,4.863191946988099090e+00
7.207317073170732200e-05,4.963741851032890118e+00
7.208536585365853751e-05,4.999905723004860469e+00
7.209756097560975302e-05,4.970738476786492832e+00
7.210975609756098208e-05,4.877002352646337968e+00
7.212195121951219760e-05,4.721146997284753510e+00
7.213414634146341311e-05,4.507245446155584645e+00
7.214634146341462862e-05,4.240887681068970849e+00
7.215853658536585768e-05,3.929034544775960036e+00
7.217073170731707319e-05,3.579835830254691764e+00
7.218292682926828871e-05,3.202417298640608756e+00
7.219512195121951777e-05,2.806642191762300786e+00
7.220731707317073328e-05,2.402853471775648231e+00
7.221951219512194879e-05,2.001603524055286076e+00
7.223170731707316430e-05,1.613378387141161774e+00
7.224390243902439337e-05,1.248323716555219898e+00
7.225609756097560888e-05,9.159796439964518200e-01
7.226829268292682439e-05,6.250314609470826177e-01
7.228048780487805346e-05,3.830826421939388382e-01
7.229268292682926897e-05,1.964561409306759820e-01
7.230487804878048448e-05,7.002914828427542204e-02
7.231707317073171354e-05,7.105635569699231269e-03
7.232926829268292905e-05,9.330010177480474454e-03
7.234146341463414457e-05,7.664414156324639293e-02
7.235365853658536008e-05,2.072888803986012718e-01
7.236585365853658914e-05,3.978500311823234270e-01
7.237804878048780465e-05,6.433475768877303658e-01
7.239024390243902016e-05,9.373658239045603580e-01
7.240243902439024923e-05,1.272221066136236312e+00
7.241463414634146474e-05,1.639162386615273137e+00
7.242682926829268025e-05,2.028600349005456494e+00
7.243902439024389576e-05,2.430357602491532543e+00
7.245121951219512483e-05,2.833934850892705359e+00
7.246341463414634034e-05,3.228785235311965263e+00
7.247560975609755585e-05,3.604589959766505203e+00
7.248780487804878491e-05,3.951527956748852155e+00
7.250000000000000043e-05,4.260532545432041296e+00
7.251219512195121594e-05,4.523528375166824489e+00
7.252439024390244500e-05,4.733642462113367699e+00
7.253658536585366051e-05,4.885383803901985900e+00
7.254878048780487602e-05,4.974786878375898169e+00
7.256097560975609153e-05,4.999515276297360700e+00
7.257317073170732060e-05,4.958922759741218655e+00
7.258536585365853611e-05,4.854070150510731985e+00
7.259756097560975162e-05,4.687697607221797291e+00
7.260975609756098069e-05,4.464153015552227544e+00
7.262195121951219620e-05,4.189278363064231847e+00
7.263414634146341171e-05,3.870257068013654322e+00
7.264634146341464077e-05,3.515426251972351146e+00
7.265853658536585628e-05,3.134058862223699116e+00
7.267073170731707180e-05,2.736121337814747534e+00
7.268292682926828731e-05,2.332013152294305947e+00
7.269512195121951637e-05,1.932295039767216949e+00
7.270731707317073188e-05,1.547413006662762713e+00
7.271951219512194739e-05,1.187425341724098082e+00
7.273170731707317646e-05,8.617397583972379316e-01
7.274390243902439197e-05,5.788675389850417297e-01
7.275609756097560748e-05,3.462011056212270788e-01
7.276829268292682299e-05,1.698208309040847297e-01
7.278048780487805206e-05,5.433613688807348296e-02
7.279268292682926757e-05,2.765035062711085345e-03
7.280487804878048308e-05,1.645525535121672434e-02
7.281707317073171214e-05,9.504902530195513677e-02
7.282926829268292766e-05,2.364924199100717495e-01
7.284146341463414317e-05,4.370890377292324658e-01
7.285365853658537223e-05,6.915966005304072795e-01
7.286585365853658774e-05,9.933639520261965394e-01
7.287804878048780325e-05,1.334504875419026959e+00
7.289024390243901877e-05,1.706104187315450993e+00
7.290243902439024783e-05,2.098450722074475916e+00
7.291463414634146334e-05,2.501291117898988503e+00
7.292682926829267885e-05,2.904097772380946019e+00
7.293902439024390792e-05,3.296343964888298839e+00
7.295121951219512343e-05,3.667778955912509353e+00
7.296341463414633894e-05,4.008695874080026478e+00
7.297560975609755445e-05,4.310185390023651308e+00
7.298780487804878351e-05,4.564368547742285287e+00
7.299999999999999903e-05,4.764602668767072835e+00
7.301219512195121454e-05,4.905654948154314354e+00
7.302439024390244360e-05,4.983839205641172221e+00
7.303658536585365911e-05,4.997112218189258215e+00
7.304878048780487462e-05,4.945127116417397772e+00
7.306097560975610369e-05,4.829242449488554634e+00
7.307317073170731920e-05,4.652486681557336468e+00
7.308536585365853471e-05,4.419479047605124222e+00
7.309756097560975022e-05,4.136308836972961700e+00
7.310975609756097929e-05,3.810376259327689308e+00
7.312195121951219480e-05,3.450199051781769555e+00
7.313414634146341031e-05,3.065189881179926523e+00
7.314634146341463937e-05,2.665410358805097246e+00
7.315853658536585489e-05,2.261308095936430451e+00
7.317073170731707040e-05,1.863443671899821075e+00
7.318292682926828591e-05,1.482214649879594059e+00
7.319512195121951497e-05,1.127583852900122308e+00
7.320731707317073048e-05,8.088190010590925461e-01
7.321951219512194600e-05,5.342505141876872088e-01
7.323170731707317506e-05,3.110538093829484652e-01
7.324390243902439057e-05,1.450617827291820205e-01
7.325609756097560608e-05,4.061237569800457692e-02
7.326829268292683515e-05,4.352098480295829575e-04
7.328048780487805066e-05,2.558025244263939513e-02
7.329268292682926617e-05,1.153903772011317663e-01
7.330487804878048168e-05,2.675185372643795745e-01
7.331707317073171074e-05,4.779891015864312642e-01
7.332926829268292626e-05,7.413017518201843181e-01
7.334146341463414177e-05,1.050575224518221162e+00
7.335365853658537083e-05,1.397727142169130410e+00
7.336585365853658634e-05,1.773685233464532329e+00
7.337804878048780185e-05,2.168624422894645409e+00
7.339024390243903092e-05,2.572223593697433586e+00
7.340243902439024643e-05,2.973935314068285596e+00
7.341463414634146194e-05,3.363261477762447882e+00
7.342682926829267745e-05,3.730027655648412210e+00
7.343902439024390652e-05,4.064648988467662427e+00
7.345121951219512203e-05,4.358380672108355114e+00
7.346341463414633754e-05,4.603546489358797622e+00
7.347560975609756660e-05,4.793739415811664628e+00
7.348780487804878212e-05,4.923989057406267023e+00
7.349999999999999763e-05,4.990891543888545279e+00
7.351219512195121314e-05,4.992698483624592676e+00
7.352439024390244220e-05,4.929362655076195310e+00
7.353658536585365771e-05,4.802539240861843695e+00
7.354878048780487323e-05,4.615542572153099599e+00
7.356097560975610229e-05,4.373259513822935318e+00
7.357317073170731780e-05,4.082021753892748350e+00
7.358536585365853331e-05,3.749440334786661388e+00
7.359756097560976238e-05,3.384206750667862806e+00
7.360975609756097789e-05,2.995865808859119017e+00
7.362195121951219340e-05,2.594566191262595467e+00
7.363414634146340891e-05,2.190795234462625807e+00
7.364634146341463797e-05,1.795104859620234139e+00
7.365853658536585349e-05,1.417835814552361962e+00
7.367073170731706900e-05,1.068847434491521087e+00
7.368292682926829806e-05,7.572599838113958093e-01
7.369512195121951357e-05,4.912163122130182025e-01
7.370731707317072908e-05,2.776690541065041096e-01
7.371951219512194460e-05,1.221989324087076056e-01
7.373170731707317366e-05,2.886891509580413739e-02
7.374390243902438917e-05,1.180359025427790698e-04
7.375609756097560468e-05,3.669765399776148129e-02
7.376829268292683375e-05,1.376518183907178283e-01
7.378048780487804926e-05,3.003422502112238490e-01
7.379268292682926477e-05,5.205172899942009934e-01
7.380487804878049383e-05,7.924230081358323297e-01
7.381707317073170935e-05,1.108953574825567667e+00
7.382926829268292486e-05,1.461836959773591627e+00
7.384146341463414037e-05,1.841851108757108113e+00
7.385365853658536943e-05,2.239064947555458041e+00
7.386585365853658494e-05,2.643097915008824739e+00
7.387804878048780046e-05,3.043391242717818912e+00
7.389024390243902952e-05,3.429483891907794568e+00
7.390243902439024503e-05,3.791285936279843227e+00
7.391463414634146054e-05,4.119342246425099496e+00
7.392682926829268961e-05,4.405079584811835147e+00
7.393902439024390512e-05,4.641030653911437653e+00
7.395121951219512063e-05,4.821029242318267016e+00
7.396341463414633614e-05,4.940371369020312819e+00
7.397560975609756520e-05,4.995938214570576186e+00
7.398780487804878072e-05,4.986277626545402519e+00
7.399999999999999623e-05,4.911642069272783573e+00
7.401219512195122529e-05,4.773982026072133955e+00
7.402439024390244080e-05,4.576895026430515045e+00
7.403658536585365631e-05,4.325531630206441491e+00
7.404878048780487183e-05,4.026460825820457501e+00
7.406097560975610089e-05,3.687498360037970269e+00
7.407317073170731640e-05,3.317502485677162660e+00
7.408536585365853191e-05,2.926142465052297581e+00
7.409756097560976098e-05,2.523645878957999411e+00
7.410975609756097649e-05,2.120531344875782320e+00
7.412195121951219200e-05,1.727333629387410641e+00
7.413414634146342106e-05,1.354328338563324463e+00
7.414634146341463658e-05,1.011263381101878522e+00
7.415853658536585209e-05,7.071042220105161480e-01
7.417073170731706760e-05,4.497995842304263192e-01
7.418292682926829666e-05,2.460737212190147183e-01
7.419512195121951217e-05,1.012506891251070407e-01
7.420731707317072769e-05,1.911521092406509581e-02
7.421951219512195675e-05,1.813768614924438083e-03
7.423170731707317226e-05,4.979850827746723496e-02
7.424390243902438777e-05,1.618154239427687102e-01
7.425609756097560328e-05,3.349371290742308993e-01
7.426829268292683235e-05,5.646393592266489847e-01
7.428048780487804786e-05,8.449192066063719864e-01
7.429268292682926337e-05,1.168451996660152759e+00
7.430487804878049244e-05,1.526782706964696645e+00
7.431707317073170795e-05,1.910546925985119548e+00
7.432926829268292346e-05,2.309715577297699607e+00
7.434146341463415252e-05,2.713857013782001282e+00
7.435365853658536803e-05,3.112409632369667278e+00
7.436585365853658354e-05,3.494957884990634867e+00
7.437804878048779906e-05,3.851504472596828599e+00
7.439024390243902812e-05,4.172731608904706846e+00
7.440243902439024363e-05,4.450244526137639767e+00
7.441463414634145914e-05,4.676790859124970723e+00
7.442682926829268821e-05,4.846450174500450458e+00
7.443902439024390372e-05,4.954788691948257551e+00
7.445121951219511923e-05,4.998975154104526197e+00
7.446341463414633474e-05,4.977854817030264556e+00
7.447560975609756381e-05,4.891979627634764682e+00
7.448780487804877932e-05,4.743593799408553302e+00
7.449999999999999483e-05,4.536575163420304868e+00
7.451219512195122389e-05,4.276333827279230171e+00
7.452439024390243940e-05,3.969670790452719977e+00
7.453658536585365492e-05,3.624600210802565226e+00
7.454878048780488398e-05,3.250139967128676588e+00
7.456097560975609949e-05,2.856075991042203555e+00
7.457317073170731500e-05,2.452706526976151213e+00
7.458536585365853051e-05,2.050573003708433539e+00
7.459756097560975958e-05,1.660184550641487844e+00
7.460975609756097509e-05,1.291743358175842404e+00
7.462195121951219060e-05,9.548780594508361474e-01
7.463414634146341967e-05,6.583921011091669051e-01
7.464634146341463518e-05,4.100336790167888878e-01
7.465853658536585069e-05,2.162932513044029115e-01
7.467073170731707975e-05,8.223392041821675491e-02
7.468292682926829526e-05,1.135911687186474950e-02
7.469512195121951078e-05,5.521042580008739264e-03
7.470731707317072629e-05,6.487226646483490455e-02
7.471951219512195535e-05,1.878617373060449403e-01
7.473170731707317086e-05,3.712753180336858527e-01
7.474390243902438637e-05,6.103197821630792497e-01
7.475609756097561544e-05,8.987480772579290456e-01
7.476829268292683095e-05,1.229022581853198792e+00
7.478048780487804646e-05,1.592512089381856732e+00
7.479268292682926197e-05,1.979717371228987277e+00
7.480487804878049104e-05,2.380519424186812394e+00
7.481707317073170655e-05,2.784443914741653536e+00
7.482926829268292206e-05,3.180934909368432706e+00
7.484146341463415112e-05,3.559630737308252080e+00
7.485365853658536663e-05,3.910634776593449047e+00
7.486585365853658215e-05,4.224774086754850444e+00
7.487804878048781121e-05,4.493839129244655339e+00
7.489024390243902672e-05,4.710798310858409721e+00
7.490243902439024223e-05,4.869981743405925378e+00
7.491463414634145774e-05,4.967229417351688880e+00
7.492682926829268681e-05,4.999999917144641870e+00
7.493902439024390232e-05,4.967436837130993155e+00
7.495121951219511783e-05,4.870391162373763905e+00
7.496341463414634690e-05,4.711399029491393442e+00
7.497560975609756241e-05,4.494615448702943716e+00
7.498780487804877792e-05,4.225705719146263029e+00
7.499999999999999343e-05,3.911697375165331447e+00
7.501219512195122249e-05,3.560796532711985485e+00
7.502439024390243801e-05,3.182173435368970793e+00
7.503658536585365352e-05,2.785722804402206876e+00
7.504878048780488258e-05,2.381805255730381710e+00
7.506097560975609809e-05,1.980976541463911555e+00
7.507317073170731360e-05,1.593711691867148117e+00
7.508536585365854267e-05,1.230131266857690031e+00
7.509756097560975818e-05,8.997368710368360833e-01
7.510975609756097369e-05,6.111628441408256673e-01
7.512195121951218920e-05,3.719506161065204708e-01
7.513414634146341827e-05,1.883516236170614810e-01
7.514634146341463378e-05,6.516393860326319398e-02
7.515853658536584929e-05,5.606878151534377963e-03
7.517073170731707835e-05,1.123687269833739677e-02
7.518292682926829386e-05,8.190679115963916956e-02
7.519512195121950938e-05,2.157697859710094868e-01
7.520731707317073844e-05,4.093275575549872869e-01
7.521951219512195395e-05,6.575217768966044041e-01
7.523170731707316946e-05,9.538662770463788299e-01
7.524390243902438497e-05,1.290616558927587754e+00
7.525609756097561404e-05,1.658972181682168090e+00
7.526829268292682955e-05,2.049306748399705835e+00
7.528048780487804506e-05,2.451419476916270934e+00
7.529268292682927413e-05,2.854801781268248018e+00
7.530487804878048964e-05,3.248911897115564162e+00
7.531707317073170515e-05,3.623450374235190008e+00
7.532926829268292066e-05,3.968629236508004254e+00
7.534146341463414972e-05,4.275427775337384162e+00
7.535365853658536524e-05,4.535828291728293493e+00
7.536585365853658075e-05,4.743025626287942664e+00
7.537804878048780981e-05,4.891605001399778274e+00
7.539024390243902532e-05,4.977683527950148346e+00
7.540243902439024083e-05,4.999011678551026350e+00
7.541463414634146990e-05,4.955032075412150405e+00
7.542682926829268541e-05,4.846894056536350526e+00
7.543902439024390092e-05,4.677423639571665959e+00
7.545121951219511643e-05,4.451049668269757120e+00
7.546341463414634550e-05,4.173688071594240157e+00
7.547560975609756101e-05,3.852587260190784235e+00
7.548780487804877652e-05,3.496138700532249732e+00
7.550000000000000558e-05,3.113657617094559349e+00
7.551219512195122109e-05,2.715139553565479424e+00
7.552439024390243661e-05,2.310999154973375713e+00
7.553658536585365212e-05,1.911797997261786897e+00
7.554878048780488118e-05,1.527968577054425570e+00
7.556097560975609669e-05,1.169541674707690770e+00
7.557317073170731220e-05,8.458842155829660037e-01
7.558536585365854127e-05,5.654544801349485894e-01
7.559756097560975678e-05,3.355810600074753403e-01
7.560975609756097229e-05,1.622713367749337721e-01
7.562195121951220136e-05,5.005448844094129157e-02
7.563414634146341687e-05,1.863126469511033889e-03
7.564634146341463238e-05,1.895665657955358796e-02
7.565853658536584789e-05,1.008883661507926632e-01
7.567073170731707695e-05,2.455170983581176358e-01
7.568292682926829247e-05,4.490632079486642780e-01
7.569512195121950798e-05,7.062073363482024302e-01
7.570731707317073704e-05,1.010229424760644701e+00
7.571951219512195255e-05,1.353184332371577536e+00
7.573170731707316806e-05,1.726109470153303294e+00
7.574390243902438358e-05,2.119259024082606579e+00
7.575609756097561264e-05,2.522358646716527542e+00
7.576829268292682815e-05,2.924873961158674263e+00
7.578048780487804366e-05,3.316285860493470850e+00
7.579268292682927273e-05,3.686365408156897061e+00
7.580487804878048824e-05,4.025441155162852169e+00
7.581707317073170375e-05,4.324651888267208477e+00
7.582926829268293281e-05,4.576178203887034890e+00
7.584146341463414832e-05,4.773446855957780066e+00
7.585365853658536384e-05,4.911302537419696357e+00
7.586585365853657935e-05,4.986142606086560569e+00
7.587804878048780841e-05,4.996011234054050121e+00
7.589024390243902392e-05,4.940650520196433249e+00
7.590243902439023943e-05,4.821507230008396760e+00
7.591463414634146850e-05,4.641694986656317745e+00
7.592682926829268401e-05,4.405912901316433761e+00
7.593902439024389952e-05,4.120322769268984331e+00
7.595121951219512859e-05,3.792388041034321144e+00
7.596341463414634410e-05,3.430678776792771778e+00
7.597560975609755961e-05,3.044647681289740504e+00
7.598780487804877512e-05,2.644383072214454344e+00
7.600000000000000418e-05,2.240345237825057012e+00
7.601219512195121970e-05,1.843093073711797647e+00
7.602439024390243521e-05,1.463008142605137563e+00
7.603658536585366427e-05,1.110023368505685726e+00
7.604878048780487978e-05,7.933634552835950871e-01
7.606097560975609529e-05,5.213038134978638105e-01
7.607317073170731081e-05,3.009542955113877483e-01
7.608536585365853987e-05,1.380733906423068369e-01
7.609756097560975538e-05,3.691773607104087418e-02
7.610975609756097089e-05,1.308762972533905611e-04
7.612195121951219996e-05,2.867417824848805807e-02
7.613414634146341547e-05,1.218017074615063144e-01
7.614634146341463098e-05,2.770797219108334097e-01
7.615853658536586004e-05,4.904502740426295304e-01
7.617073170731707555e-05,7.563372588730685742e-01
7.618292682926829107e-05,1.067792136755180366e+00
7.619512195121950658e-05,1.416675522570676637e+00
7.620731707317073564e-05,1.793869895805995096e+00
7.621951219512195115e-05,2.189517872658849118e+00
7.623170731707316666e-05,2.593279813318956517e+00
7.624390243902439573e-05,2.994604032247144776e+00
7.625609756097561124e-05,3.383002549941553028e+00
7.626829268292682675e-05,3.748325179844514743e+00
7.628048780487804226e-05,4.081024787561540634e+00
7.629268292682927133e-05,4.372406790255898734e+00
7.630487804878048684e-05,4.614856375943668709e+00
7.631707317073170235e-05,4.802037504672725277e+00
7.632926829268293141e-05,4.929058490996434116e+00
7.634146341463414693e-05,4.992599840505589803e+00
7.635365853658536244e-05,4.991000999613712352e+00
7.636585365853659150e-05,4.924303751521652117e+00
7.637804878048780701e-05,4.794251124279687915e+00
7.639024390243902252e-05,4.604241839480978982e+00
7.640243902439023804e-05,4.359241491998976592e+00
7.641463414634146710e-05,4.065652781947370897e+00
7.642682926829268261e-05,3.731148190148648958e+00
7.643902439024389812e-05,3.364469469869452833e+00
7.645121951219512719e-05,2.975199194801210201e+00
7.646341463414634270e-05,2.573510333514908321e+00
7.647560975609755821e-05,2.169900394868418125e+00
7.648780487804877372e-05,1.774917092065946056e+00
7.650000000000000279e-05,1.398882694704246310e+00
7.651219512195121830e-05,1.051624272433032692e+00
7.652439024390243381e-05,7.422168798912625043e-01
7.653658536585366287e-05,4.787463943756700147e-01
7.654878048780487838e-05,2.680982041120278936e-01
7.656097560975609390e-05,1.157772694221677057e-01
7.657317073170732296e-05,2.576425921529423846e-02
7.658536585365853847e-05,4.115224437635234267e-04
7.659756097560975398e-05,4.038161314995436513e-02
7.660975609756096949e-05,1.446299756547961834e-01
7.662195121951219856e-05,3.104322423837095890e-01
7.663414634146341407e-05,5.334554309426264851e-01
7.664634146341462958e-05,8.078711798228943586e-01
7.665853658536585864e-05,1.126508063495595291e+00
7.667073170731707416e-05,1.481039006376368095e+00
7.668292682926828967e-05,1.862198897898333705e+00
7.669512195121951873e-05,2.260026721655211901e+00
7.670731707317073424e-05,2.664125870952537056e+00
7.671951219512194975e-05,3.063935847832151005e+00
7.673170731707316527e-05,3.449008245135291695e+00
7.674390243902439433e-05,3.809279799248730392e+00
7.675609756097560984e-05,4.135335377726344852e+00
7.676829268292682535e-05,4.418654029023310059e+00
7.678048780487805442e-05,4.651831664208057049e+00
7.679268292682926993e-05,4.828774551223213862e+00
7.680487804878048544e-05,4.944858565023892538e+00
7.681707317073170095e-05,4.997050031837586559e+00
7.682926829268293002e-05,4.983985009474111827e+00
7.684146341463414553e-05,4.906004931817246728e+00
7.685365853658536104e-05,4.765147685985432702e+00
7.686585365853659010e-05,4.565094355345069133e+00
7.687804878048780561e-05,4.311073020167164316e+00
7.689024390243902113e-05,4.009722129941254209e+00
7.690243902439025019e-05,3.668917017902373789e+00
7.691463414634146570e-05,3.297564091540731823e+00
7.692682926829268121e-05,2.905368077598363019e+00
7.693902439024389672e-05,2.502578404245384025e+00
7.695121951219512579e-05,2.099721348337794780e+00
7.696341463414634130e-05,1.707324947670479265e+00
7.697560975609755681e-05,1.335643867206794733e+00
7.698780487804878587e-05,9.943914094811443505e-01
7.700000000000000139e-05,6.924856726624442071e-01
7.701219512195121690e-05,4.378164900318730623e-01
7.702439024390243241e-05,2.370392415569448907e-01
7.703658536585366147e-05,9.540092596630955768e-02
7.704878048780487698e-05,1.660303866099921422e-02
7.706097560975609250e-05,2.704838932559017195e-03
7.707317073170732156e-05,5.406953444959405886e-02
7.708536585365853707e-05,1.693547893939522098e-01
7.709756097560975258e-05,3.455478043041857461e-01
7.710975609756098165e-05,5.780440508674120625e-01
7.712195121951219716e-05,8.607676040498912773e-01
7.713414634146341267e-05,1.186329926877028873e+00
7.714634146341462818e-05,1.546222958266681768e+00
7.715853658536585725e-05,1.931041457872452405e+00
7.717073170731707276e-05,2.330728797297957122e+00
7.718292682926828827e-05,2.734839774322342265e+00
7.719512195121951733e-05,3.132813581888905574e+00
7.720731707317073284e-05,3.514249798245337786e+00
7.721951219512194836e-05,3.869180185667800309e+00
7.723170731707317742e-05,4.188329194732882677e+00
7.724390243902439293e-05,4.463356366261699293e+00
7.725609756097560844e-05,4.687074296152506037e+00
7.726829268292682395e-05,4.853636466920868919e+00
7.728048780487805302e-05,4.958690037271971995e+00
7.729268292682926853e-05,4.999489596785535284e+00
7.730487804878048404e-05,4.974968912915393560e+00
7.731707317073171310e-05,4.885768795305229339e+00
7.732926829268292862e-05,4.734220349233605241e+00
7.734146341463414413e-05,4.524284055829755680e+00
7.735365853658535964e-05,4.261446271107852013e+00
7.736585365853658870e-05,3.952575848648542500e+00
7.737804878048780421e-05,3.605744632878458589e+00
7.739024390243901973e-05,3.230016514063554833e+00
7.740243902439024879e-05,2.835210557743150783e+00
7.741463414634146430e-05,2.431644398842439436e+00
7.742682926829267981e-05,2.029864606450311637e+00
7.743902439024390888e-05,1.640371065766580871e+00
7.745121951219512439e-05,1.273342580059438234e+00
7.746341463414633990e-05,9.383708635906560236e-01
7.747560975609755541e-05,6.442098771996331852e-01
7.748780487804878448e-05,3.985470572524807409e-01
7.749999999999999999e-05,2.078024165436644921e-01
7.751219512195121550e-05,7.696076732057566261e-02
7.752439024390244456e-05,9.441451029103209436e-03
7.753658536585366007e-05,7.008979183678931690e-03
7.754878048780487559e-05,6.972692062364682641e-02
7.756097560975609110e-05,1.959562402417382998e-01
7.757317073170732016e-05,3.823981325980487789e-01
7.758536585365853567e-05,6.241802310291610922e-01
7.759756097560975118e-05,9.149839393168690549e-01
7.760975609756098025e-05,1.247209558295601095e+00
7.762195121951219576e-05,1.612174892080529220e+00
7.763414634146341127e-05,2.000342143651411053e+00
7.764634146341464033e-05,2.401567170229103709e+00
7.765853658536585585e-05,2.805364584547261231e+00
7.767073170731707136e-05,3.201181774019096871e+00
7.768292682926828687e-05,3.578674676726926851e+00
7.769512195121951593e-05,3.927978107270083452e+00
7.770731707317073144e-05,4.239963567922617749e+00
7.771951219512194696e-05,4.506477807618360032e+00
7.773170731707317602e-05,4.720555894386236240e+00
7.774390243902439153e-05,4.876603232934745513e+00
7.775609756097560704e-05,4.970541770629631984e+00
7.776829268292682255e-05,4.999916571010039057e+00
7.778048780487805162e-05,4.963959969704445641e+00
7.779268292682926713e-05,4.863611636136482730e+00
7.780487804878048264e-05,4.701494016736905479e+00
7.781707317073171171e-05,4.481843801415813289e+00
7.782926829268292722e-05,4.210401204312944401e+00
7.784146341463414273e-05,3.894259952295413107e+00
7.785365853658537179e-05,3.541681901524045273e+00
7.786585365853658730e-05,3.161881126791894481e+00
7.787804878048780282e-05,2.764783126119120915e+00
7.789024390243901833e-05,2.360765433416324832e+00
7.790243902439024739e-05,1.960386417900655598e+00
7.791463414634146290e-05,1.574109357665228526e+00
7.792682926829267841e-05,1.212028998300964444e+00
7.793902439024390748e-05,8.836077425429915699e-01
7.795121951219512299e-05,5.974283652059699801e-01
7.796341463414633850e-05,3.609697158125682037e-01
7.797560975609756756e-05,1.804112705838076813e-01
7.798780487804878308e-05,6.047164151301753776e-02
7.799999999999999859e-05,4.285262834895942063e-03
7.801219512195121410e-05,1.332047750042697487e-02
7.802439024390244316e-05,8.734116433444194527e-02
7.803658536585365867e-05,2.244129086923809524e-01
7.804878048780487419e-05,4.209535553558918508e-01
7.806097560975610325e-05,6.718268225455295006e-01
7.807317073170731876e-05,9.704765305940030728e-01
7.808536585365853427e-05,1.309097937428971514e+00
7.809756097560974978e-05,1.678841703274090769e+00
7.810975609756097885e-05,2.070045154276158428e+00
7.812195121951219436e-05,2.472484801341166882e+00
7.813414634146340987e-05,2.875643515000434469e+00
7.814634146341463894e-05,3.268985374108459574e+00
7.815853658536585445e-05,3.642231005626149098e+00
7.817073170731706996e-05,3.985626219929112146e+00
7.818292682926829902e-05,4.290196921264791463e+00
7.819512195121951453e-05,4.547983631679562322e+00
7.820731707317073005e-05,4.752249499503431451e+00
7.821951219512194556e-05,4.897656356408594647e+00
7.823170731707317462e-05,4.980404222073172349e+00
7.824390243902439013e-05,4.998330610711175126e+00
7.825609756097560564e-05,4.950967044250038640e+00
7.826829268292683471e-05,4.839551295270441145e+00
7.828048780487805022e-05,4.666995039760235997e+00
7.829268292682926573e-05,4.437807765024962769e+00
7.830487804878048124e-05,4.157978921304945175e+00
7.831707317073171031e-05,3.834821396879406041e+00
7.832926829268292582e-05,3.476780407193995615e+00
7.834146341463414133e-05,3.093212792387840082e+00
7.835365853658537039e-05,2.694142490941839885e+00
7.836585365853658591e-05,2.289998579757928088e+00
7.837804878048780142e-05,1.891342726575448996e+00
7.839024390243903048e-05,1.508593177338855229e+00
7.840243902439024599e-05,1.151752491668629919e+00
7.841463414634146150e-05,8.301461416404669613e-01
7.842682926829267701e-05,5.521788051867315694e-01
7.843902439024390608e-05,3.251147230118172082e-01
7.845121951219512159e-05,1.548878590466120642e-01
7.846341463414633710e-05,4.594682559902851793e-02
7.847560975609756617e-05,1.138625844586904634e-03
7.848780487804878168e-05,2.163425186007827961e-02
7.849999999999999719e-05,1.068980825804559665e-01
7.851219512195122625e-05,2.547018814165298295e-01
7.852439024390244176e-05,4.611830277254140853e-01
7.853658536585365728e-05,7.209454603474929613e-01
7.854878048780487279e-05,1.027200695209051773e+00
7.856097560975610185e-05,1.371945231714149394e+00
7.857317073170731736e-05,1.746169711687783677e+00
7.858536585365853287e-05,2.140094364835128271e+00
7.859756097560976194e-05,2.543424587709905094e+00
7.860975609756097745e-05,2.945619977039824366e+00
7.862195121951219296e-05,3.336169786650461599e+00
7.863414634146340847e-05,3.704867609341708778e+00
7.864634146341463754e-05,4.042078105345362715e+00
7.865853658536585305e-05,4.338988806827901001e+00
7.867073170731706856e-05,4.587840417927541381e+00
7.868292682926829762e-05,4.782129591791926870e+00
7.869512195121951314e-05,4.916778885353751072e+00
7.870731707317072865e-05,4.988269450349980261e+00
7.871951219512195771e-05,4.994732992905218438e+00
7.873170731707317322e-05,4.936000598464506339e+00
7.874390243902438873e-05,4.813607146110534529e+00
7.875609756097560425e-05,4.630751196904174805e+00
7.876829268292683331e-05,4.392211404503658656e+00
7.878048780487804882e-05,4.104221632541789511e+00
7.879268292682926433e-05,3.774308042367186200e+00
7.880487804878049340e-05,3.411092408615158167e+00
7.881707317073170891e-05,3.024066802638759821e+00
7.882926829268292442e-05,2.623345532098801058e+00
7.884146341463413993e-05,2.219400819385948687e+00
7.885365853658536899e-05,1.822789126499697154e+00
7.886585365853658451e-05,1.443875278460422518e+00
7.887804878048780002e-05,1.092561594848010742e+00
7.889024390243902908e-05,7.780291082004928693e-01
7.890243902439024459e-05,5.084976321184233594e-01
7.891463414634146010e-05,2.910109493157024829e-01
7.892682926829268917e-05,1.312527334004069957e-01
7.893902439024390468e-05,3.339801497016914311e-02
7.895121951219512019e-05,4.073732418952147327e-06
7.896341463414633570e-05,3.194360800586304450e-02
7.897560975609756477e-05,1.283819281184417349e-01
7.898780487804878028e-05,2.867987697129663616e-01
7.899999999999999579e-05,5.030541569071143027e-01
7.901219512195122485e-05,7.714965940748597095e-01
7.902439024390244037e-05,1.085110758826085320e+00
7.903658536585365588e-05,1.435700836465015895e+00
7.904878048780487139e-05,1.814104704761827946e+00
7.906097560975610045e-05,2.210433371656898238e+00
7.907317073170731596e-05,2.614329408571082869e+00
7.908536585365853148e-05,3.015237625570601043e+00
7.909756097560976054e-05,3.402680914712578719e+00
7.910975609756097605e-05,3.766534052839697111e+00
7.912195121951219156e-05,4.097288308422300851e+00
7.913414634146342063e-05,4.386299937352911016e+00
7.914634146341463614e-05,4.626016073650900395e+00
7.915853658536585165e-05,4.810172111780390836e+00
7.917073170731706716e-05,4.933955422296418369e+00
7.918292682926829622e-05,4.994131122372897025e+00
7.919512195121951174e-05,4.989126614396531600e+00
7.920731707317072725e-05,4.919072683340174557e+00
7.921951219512195631e-05,4.785800078902482824e+00
7.923170731707317182e-05,4.592791671734479664e+00
7.924390243902438733e-05,4.345091434072406500e+00
7.925609756097561640e-05,4.049172623428507478e+00
7.926829268292683191e-05,3.712768614152495594e+00
7.928048780487804742e-05,3.344670797810256779e+00
7.929268292682926293e-05,2.954498833944847469e+00
7.930487804878049200e-05,2.552449255349419133e+00
7.931707317073170751e-05,2.149028997664494511e+00
7.932926829268292302e-05,1.754780817080463517e+00
7.934146341463415208e-05,1.380007771925618965e+00
7.935365853658536760e-05,1.034503968387590067e+00
7.936585365853658311e-05,7.272986068938434023e-01
7.937804878048779862e-05,4.664200181113109522e-01
7.939024390243902768e-05,2.586858551057060751e-01
7.940243902439024319e-05,1.095249246644396379e-01
7.941463414634145871e-05,2.283531393757121108e-02
7.942682926829268777e-05,8.825200405264688186e-04
7.943902439024390328e-05,4.424024483720101486e-02
7.945121951219511879e-05,1.517754021408665999e-01
7.946341463414634786e-05,3.206777291456806012e-01
7.947560975609756337e-05,5.465332282406365483e-01
7.948780487804877888e-05,8.234395199203683458e-01
7.949999999999999439e-05,1.144160092222489489e+00
7.951219512195122345e-05,1.500313415627302582e+00
7.952439024390243897e-05,1.882591981194129627e+00
7.953658536585365448e-05,2.281005537723638010e+00
7.954878048780488354e-05,2.685142171314714776e+00
7.956097560975609905e-05,3.084440404414814374e+00
7.957317073170731456e-05,3.468465203487649529e+00
7.958536585365853008e-05,3.827180682256371202e+00
7.959756097560975914e-05,4.151212373867282146e+00
7.960975609756097465e-05,4.432092217885344354e+00
7.962195121951219016e-05,4.662479859785685576e+00
7.963414634146341923e-05,4.836354479613555135e+00
7.964634146341463474e-05,4.949172136677526979e+00
7.965853658536585025e-05,4.997984518319626090e+00
7.967073170731707931e-05,4.981515989444881498e+00
7.968292682926829483e-05,4.900196929245815625e+00
7.969512195121951034e-05,4.756152483916606499e+00
7.970731707317072585e-05,4.553147029287529790e+00
7.971951219512195491e-05,4.296485794763051480e+00
7.973170731707317042e-05,3.992876219465562926e+00
7.974390243902438594e-05,3.650252663824789856e+00
7.975609756097561500e-05,3.277569057503361805e+00
7.976829268292683051e-05,2.884564902479584525e+00
7.978048780487804602e-05,2.481510746423955194e+00
7.979268292682926153e-05,2.078939778033968899e+00
7.980487804878049060e-05,1.687372558654199217e+00
7.981707317073170611e-05,1.317042083895671567e+00
7.982926829268292162e-05,9.776263603295434201e-01
7.984146341463415068e-05,6.779954859546768464e-01
7.985365853658536620e-05,4.259798440884958737e-01
7.986585365853658171e-05,2.281654685696725693e-01
7.987804878048781077e-05,8.972192808493195670e-02
7.989024390243902628e-05,1.426722759495202553e-02
7.990243902439024179e-05,3.773257443343780437e-03
7.991463414634145731e-05,5.851426109375124085e-02
7.992682926829268637e-05,1.770596682067000494e-01
7.993902439024390188e-05,3.563114803526583607e-01
7.995121951219511739e-05,5.915852323467767349e-01
7.996341463414634646e-05,8.767324134047982387e-01
7.997560975609756197e-05,1.204301148835335900e+00
7.998780487804877748e-05,1.565730943106777628e+00
8.000000000000000654e-05,1.951576394983675966e+00
8.001219512195122206e-05,2.351754038281490100e+00
8.002439024390243757e-05,2.755805857456074204e+00
8.003658536585365308e-05,3.153172591447868989e+00
8.004878048780488214e-05,3.533469683422142182e+00
8.006097560975609765e-05,3.886758664884972347e+00
8.007317073170731317e-05,4.203806881984853305e+00
8.008536585365854223e-05,4.476328776449767233e+00
8.009756097560975774e-05,4.697202415666498432e+00
8.010975609756097325e-05,4.860655613230377980e+00
8.012195121951218876e-05,4.962416775988309325e+00
8.013414634146341783e-05,4.999826535433134822e+00
8.014634146341463334e-05,4.971907246130655267e+00
8.015853658536584885e-05,4.879388534951464962e+00
8.017073170731707792e-05,4.724688233415603733e+00
8.018292682926829343e-05,4.511849191456089869e+00
8.019512195121950894e-05,4.246433623870612628e+00
8.020731707317073800e-05,3.935377750555282272e+00
8.021951219512195351e-05,3.586810529269794934e+00
8.023170731707316902e-05,3.209841218063559154e+00
8.024390243902438454e-05,2.814321319093830986e+00
8.025609756097561360e-05,2.410587125057478186e+00
8.026829268292682911e-05,2.009189596379446385e+00
8.028048780487804462e-05,1.620618628396438332e+00
8.029268292682927369e-05,1.255028914383393257e+00
8.030487804878048920e-05,9.219745685607443342e-01
8.031707317073170471e-05,6.301594442895084303e-01
8.032926829268292022e-05,3.872096725065592437e-01
8.034146341463414929e-05,1.994743647436005851e-01
8.035365853658536480e-05,7.185968904865180917e-02
8.036585365853658031e-05,7.700654971492415513e-03
8.037804878048780937e-05,8.673958317148233732e-03
8.039024390243902488e-05,7.475416332805417952e-02
8.040243902439024040e-05,2.042143674077077087e-01
8.041463414634146946e-05,3.936713310143327149e-01
8.042682926829268497e-05,6.381738933226288601e-01
8.043902439024390048e-05,9.313323630540666365e-01
8.045121951219511599e-05,1.265485503043474846e+00
8.046341463414634506e-05,1.631900744666332725e+00
8.047560975609756057e-05,2.021002399831898888e+00
8.048780487804877608e-05,2.422621906587417051e+00
8.050000000000000515e-05,2.826263568547016547e+00
8.051219512195122066e-05,3.221378843466559783e+00
8.052439024390243617e-05,3.597642012864599614e+00
8.053658536585366523e-05,3.945220028493828579e+00
8.054878048780488074e-05,4.255029483642987387e+00
8.056097560975609626e-05,4.518973993739136219e+00
8.057317073170731177e-05,4.730155782667726072e+00
8.058536585365854083e-05,4.883055945341759241e+00
8.059756097560975634e-05,4.973678675636181268e+00
8.060975609756097185e-05,4.999655690519969831e+00
8.062195121951220092e-05,4.960308121420506922e+00
8.063414634146341643e-05,4.856664255390361618e+00
8.064634146341463194e-05,4.691432662436115564e+00
8.065853658536584745e-05,4.468931411287273114e+00
8.067073170731707652e-05,4.194975223435532641e+00
8.068292682926829203e-05,3.876723514503940926e+00
8.069512195121950754e-05,3.522493294137406306e+00
8.070731707317073660e-05,3.141541813991063137e+00
8.071951219512195211e-05,2.743824643968148180e+00
8.073170731707316763e-05,2.339735498999857999e+00
8.074390243902439669e-05,1.939834615596318645e+00
8.075609756097561220e-05,1.554572776617229035e+00
8.076829268292682771e-05,1.194018196436556822e+00
8.078048780487804322e-05,8.675934039431303368e-01
8.079268292682927229e-05,5.838289995112582176e-01
8.080487804878048780e-05,3.501407211327882685e-01
8.081707317073170331e-05,1.726356457238056308e-01
8.082926829268293238e-05,5.595259024204812803e-02
8.084146341463414789e-05,3.140883475858835538e-03
8.085365853658536340e-05,1.558067661426232320e-02
8.086585365853657891e-05,9.294687515936939093e-02
8.087804878048780797e-05,2.332176347616234935e-01
8.089024390243902349e-05,4.327271989523420181e-01
8.090243902439023900e-05,6.862616979455846700e-01
8.091463414634146806e-05,9.871954049520303975e-01
8.092682926829268357e-05,1.327663889165241695e+00
8.093902439024389908e-05,1.698769540336745099e+00
8.095121951219512815e-05,2.090814093874696411e+00
8.096341463414634366e-05,2.493552079787927145e+00
8.097560975609755917e-05,2.896458571990647268e+00
8.098780487804877468e-05,3.289004240748736763e+00
8.100000000000000375e-05,3.660930520211705730e+00
8.101219512195121926e-05,4.002517699951805952e+00
8.102439024390243477e-05,4.304838934366744141e+00
8.103658536585366383e-05,4.559993531795484500e+00
8.104878048780487934e-05,4.761313426716087704e+00
8.106097560975609486e-05,4.903537439185047475e+00
8.107317073170731037e-05,4.982948767531888201e+00
8.108536585365853943e-05,4.997472121144567403e+00
8.109756097560975494e-05,4.946727954937540694e+00
8.110975609756097045e-05,4.832042388167865354e+00
8.112195121951219952e-05,4.656412548386266614e+00
8.113414634146341503e-05,4.424428246206861814e+00
8.114634146341463054e-05,4.142152027798491787e+00
8.115853658536585961e-05,3.816960739742302877e+00
8.117073170731707512e-05,3.457352746708575175e+00
8.118292682926829063e-05,3.072725840014123744e+00
8.119512195121950614e-05,2.673131641073298592e+00
8.120731707317073520e-05,2.269012918026317216e+00
8.121951219512195072e-05,1.870930680361724940e+00
8.123170731707316623e-05,1.489288183481347172e+00
8.124390243902439529e-05,1.134059055926250892e+00
8.125609756097561080e-05,8.145266542269899990e-01
8.126829268292682631e-05,5.390414569266708256e-01
8.128048780487805538e-05,3.148028379129534926e-01
8.129268292682927089e-05,1.476709220650969101e-01
8.130487804878048640e-05,4.201344007230645161e-02
8.131707317073170191e-05,5.915846391610912747e-04
8.132926829268293098e-05,2.448785104049511219e-02
8.134146341463414649e-05,1.130777478043398787e-01
8.135365853658536200e-05,2.640461168178460660e-01
8.136585365853659106e-05,4.734476363565089940e-01
8.137804878048780657e-05,7.358099258830206324e-01
8.139024390243902209e-05,1.044276558137999800e+00
8.140243902439023760e-05,1.390786241119847277e+00
8.141463414634146666e-05,1.766283487318258683e+00
8.142682926829268217e-05,2.160955264686304389e+00
8.143902439024389768e-05,2.564487444857609155e+00
8.145121951219512675e-05,2.966334346723006554e+00
8.146341463414634226e-05,3.355994331280677478e+00
8.147560975609755777e-05,3.723284245514296931e+00
8.148780487804878684e-05,4.058605543136710736e+00
8.150000000000000235e-05,4.353195127552934807e+00
8.151219512195121786e-05,4.599354361658866353e+00
8.152439024390243337e-05,4.790650259654674947e+00
8.153658536585366243e-05,4.922083603047469502e+00
8.154878048780487795e-05,4.990219587391129252e+00
8.156097560975609346e-05,4.993277585518500317e+00
8.157317073170732252e-05,4.931177681440914284e+00
8.158536585365853803e-05,4.805542758827991534e+00
8.159756097560975354e-05,4.619656089485711270e+00
8.160975609756096906e-05,4.378375530193650889e+00
8.162195121951219812e-05,4.088006570230854564e+00
8.163414634146341363e-05,3.756137547297255352e+00
8.164634146341462914e-05,3.391441338197973110e+00
8.165853658536585821e-05,3.003448706801248758e+00
8.167073170731707372e-05,2.602299232463296086e+00
8.168292682926828923e-05,2.198476328009425274e+00
8.169512195121951829e-05,1.802533272171183754e+00
8.170731707317073380e-05,1.424817416187077468e+00
8.171951219512194932e-05,1.075199771993196940e+00
8.173170731707316483e-05,7.628170487952887768e-01
8.174390243902439389e-05,4.958328794940629614e-01
8.175609756097560940e-05,2.812244769343554829e-01
8.176829268292682491e-05,1.246002953799463242e-01
8.178048780487805398e-05,3.005346235248840259e-02
8.179268292682926949e-05,5.481115855632268108e-05
8.180487804878048500e-05,3.538830953270188928e-02
8.181707317073171407e-05,1.351305718701585334e-01
8.182926829268292958e-05,2.966749904616552413e-01
8.184146341463414509e-05,5.157998551019793432e-01
8.185365853658536060e-05,7.867786808681005439e-01
8.186585365853658966e-05,1.102529860830432584e+00
8.187804878048780518e-05,1.454801732748584930e+00
8.189024390243902069e-05,1.834388223334841417e+00
8.190243902439024975e-05,2.231369434550523945e+00
8.191463414634146526e-05,2.635370884592829199e+00
8.192682926829268077e-05,3.035834628721077344e+00
8.193902439024389629e-05,3.422295174593773748e+00
8.195121951219512535e-05,3.784652981510348013e+00
8.196341463414634086e-05,4.113438396077695458e+00
8.197560975609755637e-05,4.400059126761915351e+00
8.198780487804878544e-05,4.637024789962599591e+00
8.200000000000000095e-05,4.818142659446592369e+00
8.201219512195121646e-05,4.938679503545268190e+00
8.202439024390244552e-05,4.995485280744842882e+00
8.203658536585366103e-05,4.987075461084700123e+00
8.204878048780487655e-05,4.913669822021820899e+00
8.206097560975609206e-05,4.777186704890966418e+00
8.207317073170732112e-05,4.581192882060157068e+00
8.208536585365853663e-05,4.330810344925895450e+00
8.209756097560975214e-05,4.032582448693166732e+00
8.210975609756098121e-05,3.694302912044227227e+00
8.212195121951219672e-05,3.324812140514453063e+00
8.213414634146341223e-05,2.933766196347222355e+00
8.214634146341462774e-05,2.531384452441732158e+00
8.215853658536585681e-05,2.128182525057182417e+00
8.217073170731707232e-05,1.734697464664292088e+00
8.218292682926828783e-05,1.361212386641636352e+00
8.219512195121951689e-05,1.017487738172853096e+00
8.220731707317073241e-05,7.125062242574922156e-01
8.221951219512194792e-05,4.542380587904313316e-01
8.223170731707317698e-05,2.494326755160942710e-01
8.224390243902439249e-05,1.034423421524897080e-01
8.225609756097560800e-05,2.008228726478922255e-02
8.226829268292682352e-05,1.530995244416022416e-03
8.228048780487805258e-05,4.827327503464040603e-02
8.229268292682926809e-05,1.590875904080411019e-01
8.230487804878048360e-05,3.310779829018000164e-01
8.231707317073171267e-05,5.597497531537327653e-01
8.232926829268292818e-05,8.391269228246418521e-01
8.234146341463414369e-05,1.161908407428511536e+00
8.235365853658535920e-05,1.519658818732525951e+00
8.236585365853658827e-05,1.903028910407282170e+00
8.237804878048780378e-05,2.301999905928197254e+00
8.239024390243901929e-05,2.706145323599698393e+00
8.240243902439024835e-05,3.104903456312749110e+00
8.241463414634146386e-05,3.487853385206018064e+00
8.242682926829267938e-05,3.844987314051893534e+00
8.243902439024390844e-05,4.166972107324733443e+00
8.245121951219512395e-05,4.445393197069648750e+00
8.246341463414633946e-05,4.672974484451305699e+00
8.247560975609755497e-05,4.843768489192144422e+00
8.248780487804878404e-05,4.953311777648073289e+00
8.249999999999999955e-05,4.998741607653073515e+00
8.251219512195121506e-05,4.978870741797979171e+00
8.252439024390244412e-05,4.894218474020012977e+00
8.253658536585365964e-05,4.746997058669801817e+00
8.254878048780487515e-05,4.541053896710385729e+00
8.256097560975610421e-05,4.281770989922729420e+00
8.257317073170731972e-05,3.975924290725361576e+00
8.258536585365853523e-05,3.631506623275079448e+00
8.259756097560975075e-05,3.257518803535443652e+00
8.260975609756097981e-05,2.863734417056858828e+00
8.262195121951219532e-05,2.460444401637146949e+00
8.263414634146341083e-05,2.058188109789230502e+00
8.264634146341463990e-05,1.667477879278859376e+00
8.265853658536585541e-05,1.298524309656038600e+00
8.267073170731707092e-05,9.609694242341055848e-01
8.268292682926828643e-05,6.636346909237391678e-01
8.269512195121951550e-05,4.142904869933450307e-01
8.270731707317073101e-05,2.194530324382952813e-01
8.271951219512194652e-05,8.421409878154362261e-02
8.273170731707317558e-05,1.210794360617173382e-02
8.274390243902439109e-05,5.018948272310641556e-03
8.275609756097560661e-05,6.313237256303771971e-02
8.276829268292683567e-05,1.849295132105805983e-01
8.278048780487805118e-05,3.672273928256628572e-01
8.279268292682926669e-05,6.052619420239635506e-01
8.280487804878048220e-05,8.928125009126153255e-01
8.281707317073171127e-05,1.222364386288030680e+00
8.282926829268292678e-05,1.585305276102430661e+00
8.284146341463414229e-05,1.972150279006006368e+00
8.285365853658537135e-05,2.372789807116292504e+00
8.286585365853658687e-05,2.776753774251789597e+00
8.287804878048780238e-05,3.173485215228852407e+00
8.289024390243901789e-05,3.552616175600049608e+00
8.290243902439024695e-05,3.904238661893803197e+00
8.291463414634146246e-05,4.219163571497114518e+00
8.292682926829267798e-05,4.489160835451885490e+00
8.293902439024390704e-05,4.707174498407683316e+00
8.295121951219512255e-05,4.867507114956017844e+00
8.296341463414633806e-05,4.965968643438826824e+00
8.297560975609756713e-05,4.999985946119232416e+00
8.298780487804878264e-05,4.968670034103887190e+00
8.299999999999999815e-05,4.872839299674755154e+00
8.301219512195121366e-05,4.714998128888869822e+00
8.302439024390244273e-05,4.499271453374359631e+00
8.303658536585365824e-05,4.231296951706942089e+00
8.304878048780487375e-05,3.918077717514772296e+00
8.306097560975610281e-05,3.567799244602230857e+00
8.307317073170731832e-05,3.189615511899496880e+00
8.308536585365853384e-05,2.793409758566476775e+00
8.309756097560974935e-05,2.389536201028404250e+00
8.310975609756097841e-05,1.988549441755786962e+00
8.312195121951219392e-05,1.600928641272366892e+00
8.313414634146340943e-05,1.236803661714520608e+00
8.314634146341463850e-05,9.056903387617807333e-01
8.315853658536585401e-05,6.162418001855369809e-01
8.317073170731706952e-05,3.760223299147873455e-01
8.318292682926829858e-05,1.913096873297384093e-01
8.319512195121951410e-05,6.693104786113179827e-02
8.320731707317072961e-05,6.136852323574082391e-03
8.321951219512194512e-05,1.051586174008889429e-02
8.323170731707317418e-05,7.995363756255269294e-02
8.324390243902438969e-05,2.126355323433157807e-01
8.325609756097560521e-05,4.050941127028959698e-01
8.326829268292683427e-05,6.522997752672372584e-01
8.328048780487804978e-05,9.477921874680286241e-01
8.329268292682926529e-05,1.283849118212251117e+00
8.330487804878049436e-05,1.651688246286708184e+00
8.331707317073170987e-05,2.041696672560218140e+00
8.332926829268292538e-05,2.443682138038223428e+00
8.334146341463414089e-05,2.847139382576611144e+00
8.335365853658536996e-05,3.241524683392657646e+00
8.336585365853658547e-05,3.616531398733520142e+00
8.337804878048780098e-05,3.962359315809082183e+00
8.339024390243903004e-05,4.269970763992387397e+00
8.340243902439024555e-05,4.531326800176431746e+00
8.341463414634146107e-05,4.739597293956388846e+00
8.342682926829267658e-05,4.889339422380600375e+00
8.343902439024390564e-05,4.976639909600661049e+00
8.345121951219512115e-05,4.999217294201137918e+00
8.346341463414633666e-05,4.956481551619197568e+00
8.347560975609756573e-05,4.849549513511085763e+00
8.348780487804878124e-05,4.681215681107962823e+00
8.349999999999999675e-05,4.455879195304897067e+00
8.351219512195122581e-05,4.179428872008049467e+00
8.352439024390244133e-05,3.859089307161493565e+00
8.353658536585365684e-05,3.503232073252361634e+00
8.354878048780487235e-05,3.121156941384847894e+00
8.356097560975610141e-05,2.722848846338359330e+00
8.357317073170731692e-05,2.318716945944593544e+00
8.358536585365853244e-05,1.919322594059719389e+00
8.359756097560976150e-05,1.535103336134390428e+00
8.360975609756097701e-05,1.176100140322808851e+00
8.362195121951219252e-05,8.516949925131001020e-01
8.363414634146340803e-05,5.703657128318648795e-01
8.364634146341463710e-05,3.394644011008662865e-01
8.365853658536585261e-05,1.650253012317017820e-01
8.367073170731706812e-05,5.160710571605076069e-02
8.368292682926829719e-05,2.173821343757431634e-03
8.369512195121951270e-05,1.801730952935676200e-02
8.370731707317072821e-05,9.872352553916652340e-02
8.371951219512195727e-05,2.421833389016829763e-01
8.373170731707317278e-05,4.446476522261115782e-01
8.374390243902438830e-05,7.008253779882320789e-01
8.375609756097560381e-05,1.004021712809871625e+00
8.376829268292683287e-05,1.346313095653686842e+00
8.378048780487804838e-05,1.718754277671010300e+00
8.379268292682926389e-05,2.111612092264294915e+00
8.380487804878049296e-05,2.514619816140911901e+00
8.381707317073170847e-05,2.917245474035025765e+00
8.382926829268292398e-05,3.308967075376478384e+00
8.384146341463415305e-05,3.679547590025791237e+00
8.385365853658536856e-05,4.019302477009528474e+00
8.386585365853658407e-05,4.319352774824596786e+00
8.387804878048779958e-05,4.571857139179812179e+00
8.389024390243902864e-05,4.770216764240673868e+00
8.390243902439024415e-05,4.909247832077104690e+00
8.391463414634145967e-05,4.985316983622572806e+00
8.392682926829268873e-05,4.996436270817839365e+00
8.393902439024390424e-05,4.942315108518297251e+00
8.395121951219511975e-05,4.824367868481203026e+00
8.396341463414633526e-05,4.645676916977009796e+00
8.397560975609756433e-05,4.410912061976319798e+00
8.398780487804877984e-05,4.126208515039103020e+00
8.399999999999999535e-05,3.799006557173664866e+00
8.401219512195122442e-05,3.437857098753691609e+00
8.402439024390243993e-05,3.052198214878498295e+00
8.403658536585365544e-05,2.652108496068725341e+00
8.404878048780488450e-05,2.248043660099781071e+00
8.406097560975610001e-05,1.850563308205879220e+00
8.407317073170731553e-05,1.470054966446991296e+00
8.408536585365853104e-05,1.116462623999088244e+00
8.409756097560976010e-05,7.990268625771734801e-01
8.410975609756097561e-05,5.260433683179941422e-01
8.412195121951219112e-05,3.046461370207289576e-01
8.413414634146342019e-05,1.406210383489070459e-01
8.414634146341463570e-05,3.825461119479101058e-02
8.415853658536585121e-05,2.220417019636045097e-04
8.417073170731706672e-05,2.751725146904737684e-02
8.418292682926829579e-05,1.194269229663138532e-01
8.419512195121951130e-05,2.735491409707977439e-01
8.420731707317072681e-05,4.858561628574515900e-01
8.421951219512195587e-05,7.507996773390370748e-01
8.423170731707317139e-05,1.061455800886557554e+00
8.424390243902438690e-05,1.409706022575215600e+00
8.425609756097561596e-05,1.786449368643397984e+00
8.426829268292683147e-05,2.181840242176976918e+00
8.428048780487804698e-05,2.585545722357700082e+00
8.429268292682926249e-05,2.987015599152825551e+00
8.430487804878049156e-05,3.375758086520963541e+00
8.431707317073170707e-05,3.741614008795268287e+00
8.432926829268292258e-05,4.075022294821185831e+00
8.434146341463415165e-05,4.367269841565033062e+00
8.435365853658536716e-05,4.610719217405794268e+00
8.436585365853658267e-05,4.799008254442239441e+00
8.437804878048779818e-05,4.927216313780500734e+00
8.439024390243902724e-05,4.991992878718933824e+00
8.440243902439024276e-05,4.991645115251253984e+00
8.441463414634145827e-05,4.926182111630808436e+00
8.442682926829268733e-05,4.797314640862634150e+00
8.443902439024390284e-05,4.608410452333064455e+00
8.445121951219511835e-05,4.364406260956410044e+00
8.446341463414634742e-05,4.071678733867734934e+00
8.447560975609756293e-05,3.737877846221949074e+00
8.448780487804877844e-05,3.371726961081715324e+00
8.449999999999999395e-05,2.982794857993935178e+00
8.451219512195122302e-05,2.581245667933461441e+00
8.452439024390243853e-05,2.177573249671231892e+00
8.453658536585365404e-05,1.782326949218004941e+00
8.454878048780488310e-05,1.405835909201155864e+00
8.456097560975609862e-05,1.057939132911576152e+00
8.457317073170731413e-05,7.477283573692983243e-01
8.458536585365854319e-05,4.833104550269586852e-01
8.459756097560975870e-05,2.715955733642960723e-01
8.460975609756097421e-05,1.181165490110362981e-01
8.462195121951218973e-05,2.688431573502469973e-02
8.463414634146341879e-05,2.830849724952955171e-04
8.464634146341463430e-05,3.900803819975307007e-02
8.465853658536584981e-05,1.420471594543033511e-01
8.467073170731707888e-05,3.067076827865040656e-01
8.468292682926829439e-05,5.286864634764363302e-01
8.469512195121950990e-05,8.021824339786056690e-01
8.470731707317072541e-05,1.120048205729907043e+00
8.471951219512195447e-05,1.473976854948961579e+00
8.473170731707316999e-05,1.854719011068406642e+00
8.474390243902438550e-05,2.252324574542501789e+00
8.475609756097561456e-05,2.656402747101226147e+00
8.476829268292683007e-05,3.056393578980044268e+00
8.478048780487804558e-05,3.441843936658510295e+00
8.479268292682927465e-05,3.802680679121330343e+00
8.480487804878049016e-05,4.129473903610639596e+00
8.481707317073170567e-05,4.413683381358962876e+00
8.482926829268292118e-05,4.647881743081647699e+00
8.484146341463415025e-05,4.825948581633591417e+00
8.485365853658536576e-05,4.943230399257100061e+00
8.486585365853658127e-05,4.996662219454288234e+00
8.487804878048781033e-05,4.984847685343105184e+00
8.489024390243902585e-05,4.908095551256643319e+00
8.490243902439024136e-05,4.768411613932658000e+00
8.491463414634145687e-05,4.569446294158804989e+00
8.492682926829268593e-05,4.316399238746291722e+00
8.493902439024390144e-05,4.015883435910835075e+00
8.495121951219511696e-05,3.675752395187465105e+00
8.496341463414634602e-05,3.304894908267745901e+00
8.497560975609756153e-05,2.913002754361328606e+00
8.498780487804877704e-05,2.510317420732251836e+00
8.500000000000000611e-05,2.107362457481354756e+00
8.501219512195122162e-05,1.714668461058226567e+00
8.502439024390243713e-05,1.342497873625458471e+00
8.503658536585365264e-05,1.000576790215102818e+00
8.504878048780488170e-05,6.978407824791168501e-01
8.506097560975609722e-05,4.422013815292444860e-01
8.507317073170731273e-05,2.403393224679031270e-01
8.508536585365854179e-05,9.752995384800833278e-02
8.509756097560975730e-05,1.750537470638890980e-02
8.510975609756097281e-05,2.356902003244343291e-03
8.512195121951220188e-05,5.248041733193042901e-02
8.513414634146341739e-05,1.665660211733293039e-01
8.514634146341463290e-05,3.416322650676031358e-01
8.515853658536584841e-05,5.731040670958753580e-01
8.517073170731707748e-05,8.549322744779883632e-01
8.518292682926829299e-05,1.179751748697564828e+00
8.519512195121950850e-05,1.539073841856981595e+00
8.520731707317073756e-05,1.923508234185707488e+00
8.521951219512195308e-05,2.323008335329068252e+00
8.523170731707316859e-05,2.727133836245271059e+00
8.524390243902438410e-05,3.125323550317912868e+00
8.525609756097561316e-05,3.507171413417637051e+00
8.526829268292682867e-05,3.862698430078014944e+00
8.528048780487804419e-05,4.182613458904131498e+00
8.529268292682927325e-05,4.458556021992929885e+00
8.530487804878048876e-05,4.683314792917609104e+00
8.531707317073170427e-05,4.851016053444952014e+00
8.532926829268293334e-05,4.957277193954489292e+00
8.534146341463414885e-05,4.999321246072362612e+00
8.535365853658536436e-05,4.976049454388578042e+00
8.536585365853657987e-05,4.888069990706977563e+00
8.537804878048780893e-05,4.737682060428216602e+00
8.539024390243902445e-05,4.528815816420894258e+00
8.540243902439023996e-05,4.266929650634037507e+00
8.541463414634146902e-05,3.958867547579806079e+00
8.542682926829268453e-05,3.612680227523651144e+00
8.543902439024390004e-05,3.237414753526167033e+00
8.545121951219511556e-05,2.842878100629994353e+00
8.546341463414634462e-05,2.439380865935714571e+00
8.547560975609756013e-05,2.037467817307777374e+00
8.548780487804877564e-05,1.647642322388848779e+00
8.550000000000000471e-05,1.280091859549226330e+00
8.551219512195122022e-05,9.444217841070237096e-01
8.552439024390243573e-05,6.494043074170787744e-01
8.553658536585366479e-05,4.027492488787935976e-01
8.554878048780488031e-05,2.109025518858036463e-01
8.556097560975609582e-05,7.887782920025099287e-02
8.557317073170731133e-05,1.012534003857989973e-02
8.558536585365854039e-05,6.441822955393750050e-03
8.559756097560975590e-05,6.792354089682284268e-02
8.560975609756097142e-05,1.929637655192588674e-01
8.562195121951220048e-05,3.782947665169453799e-01
8.563414634146341599e-05,6.190732086311223625e-01
8.564634146341463150e-05,9.090067246280453261e-01
8.565853658536584701e-05,1.240518356454701765e+00
8.567073170731707608e-05,1.604944567161670888e+00
8.568292682926829159e-05,1.992761648864410207e+00
8.569512195121950710e-05,2.393834609924414103e+00
8.570731707317073616e-05,2.797682037071010708e+00
8.571951219512195168e-05,3.193750010708834353e+00
8.573170731707316719e-05,3.571687915069623465e+00
8.574390243902439625e-05,3.921618935331922184e+00
8.575609756097561176e-05,4.234398172696035800e+00
8.576829268292682727e-05,4.501851631985113400e+00
8.578048780487804279e-05,4.716989836196715302e+00
8.579268292682927185e-05,4.874190485530967010e+00
8.580487804878048736e-05,4.969345387383796719e+00
8.581707317073170287e-05,4.999967817523113922e+00
8.582926829268293194e-05,4.965257506729125581e+00
8.584146341463414745e-05,4.866121554576142927e+00
8.585365853658536296e-05,4.705150723806696078e+00
8.586585365853659202e-05,4.486551734807299852e+00
8.587804878048780754e-05,4.216037329565264891e+00
8.589024390243902305e-05,3.900676978108097437e+00
8.590243902439023856e-05,3.548712128984831793e+00
8.591463414634146762e-05,3.169340831923475044e+00
8.592682926829268313e-05,2.772477361218814718e+00
8.593902439024389865e-05,2.368493121707726079e+00
8.595121951219512771e-05,1.967945608361753251e+00
8.596341463414634322e-05,1.581302502700170809e+00
8.597560975609755873e-05,1.218668116337440654e+00
8.598780487804877424e-05,8.895193306364532759e-01
8.600000000000000331e-05,6.024579332654445007e-01
8.601219512195121882e-05,3.649858239596510678e-01
8.602439024390243433e-05,1.833089641263780933e-01
8.603658536585366340e-05,6.217519377121760726e-02
8.604878048780487891e-05,4.750154140531037683e-03
8.606097560975609442e-05,1.253455864773966866e-02
8.607317073170732348e-05,8.532497408097938774e-02
8.608536585365853899e-05,2.212191370106229016e-01
8.609756097560975451e-05,4.166656664634267315e-01
8.610975609756097002e-05,6.665568736981462017e-01
8.612195121951219908e-05,9.643622436464684977e-01
8.613414634146341459e-05,1.302299099687893813e+00
8.614634146341463010e-05,1.671535991708617885e+00
8.615853658536585917e-05,2.062423492208460107e+00
8.617073170731707468e-05,2.464746368964060075e+00
8.618292682926829019e-05,2.867990544116895801e+00
8.619512195121950570e-05,3.261617863118709160e+00
8.620731707317073477e-05,3.635341492883963355e+00
8.621951219512195028e-05,3.979394752052145101e+00
8.623170731707316579e-05,4.284786347899584236e+00
8.624390243902439485e-05,4.543535349682287006e+00
8.625609756097561036e-05,4.748879757752291653e+00
8.626829268292682588e-05,4.895453217823158454e+00
8.628048780487805494e-05,4.979425262227588078e+00
8.629268292682927045e-05,4.998601413186770870e+00
8.630487804878048596e-05,4.952480532048628703e+00
8.631707317073170147e-05,4.842267915760345431e+00
8.632926829268293054e-05,4.670843798322469098e+00
8.634146341463414605e-05,4.442688080385960525e+00
8.635365853658536156e-05,4.163763254071514375e+00
8.636585365853659063e-05,3.841358582579964764e+00
8.637804878048780614e-05,3.483899606725410436e+00
8.639024390243902165e-05,3.100727956627646886e+00
8.640243902439023716e-05,2.701857222851048235e+00
8.641463414634146622e-05,2.297711266907586758e+00
8.642682926829268174e-05,1.898851809974878346e+00
8.643902439024389725e-05,1.515702418862253875e+00
8.645121951219512631e-05,1.158276102429914856e+00
8.646341463414634182e-05,8.359136372958444472e-01
8.647560975609755733e-05,5.570394612766125242e-01
8.648780487804878640e-05,3.289415139069657990e-01
8.650000000000000191e-05,1.575807775643749409e-01
8.651219512195121742e-05,4.743549653431644586e-02
8.652439024390243293e-05,1.384145115584267671e-03
8.653658536585366200e-05,2.063020320538333507e-02
8.654878048780487751e-05,1.046707052381217196e-01
8.656097560975609302e-05,2.513093844023774892e-01
8.657317073170732208e-05,4.567140686323116761e-01
8.658536585365853759e-05,7.155168284175370541e-01
8.659756097560975311e-05,1.020954259230377303e+00
8.660975609756098217e-05,1.365044232501174681e+00
8.662195121951219768e-05,1.738794496039617332e+00
8.663414634146341319e-05,2.132437672454214006e+00
8.664634146341462870e-05,2.535686514251394907e+00
8.665853658536585777e-05,2.938002744927482812e+00
8.667073170731707328e-05,3.328872460307163994e+00
8.668292682926828879e-05,3.698080892954985099e+00
8.669512195121951786e-05,4.035979359111763642e+00
8.670731707317073337e-05,4.333737411921830152e+00
8.671951219512194888e-05,4.583573611325586050e+00
8.673170731707316439e-05,4.778958879797023940e+00
8.674390243902439345e-05,4.914787129555170608e+00
8.675609756097560897e-05,4.987508702163781393e+00
8.676829268292682448e-05,4.995223133293033690e+00
8.678048780487805354e-05,4.937728818375380690e+00
8.679268292682926905e-05,4.816528281225618713e+00
8.680487804878048456e-05,4.634788907935272206e+00
8.681707317073171363e-05,4.397260172200918582e+00
8.682926829268292914e-05,4.110149515273929133e+00
8.684146341463414465e-05,3.780960124209733930e+00
8.685365853658536016e-05,3.418294847833942107e+00
8.686585365853658923e-05,3.031631374771984078e+00
8.687804878048780474e-05,2.631074548909575483e+00
8.689024390243902025e-05,2.227092295132925948e+00
8.690243902439024931e-05,1.830242056518397220e+00
8.691463414634146482e-05,1.450894892105122791e+00
8.692682926829268034e-05,1.098964445517324418e+00
8.693902439024389585e-05,7.836478674272095990e-01
8.695121951219512491e-05,5.131854624351208649e-01
8.696341463414634042e-05,2.946453416245540247e-01
8.697560975609755593e-05,1.337387085537540266e-01
8.698780487804878500e-05,3.467060590378734375e-02
8.700000000000000051e-05,3.002327649337388493e-05
8.701219512195121602e-05,3.072223800982110120e-02
8.702439024390244509e-05,1.259451571729841568e-01
8.703658536585366060e-05,2.832102790078190324e-01
8.704878048780487611e-05,4.984077260229335948e-01
8.706097560975609162e-05,7.659136502004537661e-01
8.707317073170732068e-05,1.078737203450768956e+00
8.708536585365853620e-05,1.428703232469405560e+00
8.709756097560975171e-05,1.806665923559078735e+00
8.710975609756098077e-05,2.202747814136115867e+00
8.712195121951219628e-05,2.606597924733749405e+00
8.713414634146341179e-05,3.007662265629371667e+00
8.714634146341464086e-05,3.395459648827328980e+00
8.715853658536585637e-05,3.759855597477087752e+00
8.717073170731707188e-05,4.091327194546683366e+00
8.718292682926828739e-05,4.381211949332727507e+00
8.719512195121951646e-05,4.621934178079843747e+00
8.720731707317073197e-05,4.807202982601642915e+00
8.721951219512194748e-05,4.932176653047682713e+00
8.723170731707317654e-05,4.993589198401041429e+00
8.724390243902439205e-05,4.989835698035172129e+00
8.725609756097560757e-05,4.921014243799595178e+00
8.726829268292682308e-05,4.788923376543195332e+00
8.728048780487805214e-05,4.597015084067057167e+00
8.729268292682926765e-05,4.350304588834745800e+00
8.730487804878048316e-05,4.055239282991456307e+00
8.731707317073171223e-05,3.719530235875232016e+00
8.732926829268292774e-05,3.351950677306393178e+00
8.734146341463414325e-05,2.962106722972861039e+00
8.735365853658537232e-05,2.560186333652732849e+00
8.736585365853658783e-05,2.156693068827850279e+00
8.737804878048780334e-05,1.762171592614657056e+00
8.739024390243901885e-05,1.386932105494970147e+00
8.740243902439024791e-05,1.040780903385696510e+00
8.741463414634146343e-05,7.327641054623221795e-01
8.742682926829267894e-05,4.709312480106655485e-01
8.743902439024390800e-05,2.621249224125659083e-01
8.745121951219512351e-05,1.118019547444863981e-01
8.746341463414633902e-05,2.389080017824962709e-02
8.747560975609755454e-05,6.888789630918878970e-04
8.748780487804878360e-05,4.280253694776314788e-02
8.749999999999999911e-05,1.491311996817161756e-01
8.751219512195121462e-05,3.168961342041680673e-01
8.752439024390244369e-05,5.417130668743552757e-01
8.753658536585365920e-05,8.177067594921381133e-01
8.754878048780487471e-05,1.137664549441654849e+00
8.756097560975610377e-05,1.493224841324552132e+00
8.757317073170731928e-05,1.875095624149573093e+00
8.758536585365853480e-05,2.273297303480259490e+00
8.759756097560975031e-05,2.677423502493466945e+00
8.760975609756097937e-05,3.076913016329674733e+00
8.762195121951219488e-05,3.461325812628124332e+00
8.763414634146341039e-05,3.820615865414193735e+00
8.764634146341463946e-05,4.145393692242167916e+00
8.765853658536585497e-05,4.427171733602824233e+00
8.767073170731707048e-05,4.658586161990617036e+00
8.768292682926828599e-05,4.833589323995362008e+00
8.769512195121951506e-05,4.947607786245109551e+00
8.770731707317073057e-05,4.997661854919662971e+00
8.771951219512194608e-05,4.982443445379717950e+00
8.773170731707317514e-05,4.902350266907980370e+00
8.774390243902439066e-05,4.759475429201101448e+00
8.775609756097560617e-05,4.557552742227425568e+00
8.776829268292683523e-05,4.301859138955103745e+00
8.778048780487805074e-05,3.999076770980476869e+00
8.779268292682926625e-05,3.657118380965792781e+00
8.780487804878048177e-05,3.284920515513998218e+00
8.781707317073171083e-05,2.892209982524968748e+00
8.782926829268292634e-05,2.489249656319096005e+00
8.784146341463414185e-05,2.086570273497263983e+00
8.785365853658537092e-05,1.694695228645313190e+00
8.786585365853658643e-05,1.323865561910557931e+00
8.787804878048780194e-05,9.837723254641150827e-01
8.789024390243903100e-05,6.833033230421658999e-01
8.790243902439024652e-05,4.303108411254412680e-01
8.791463414634146203e-05,2.314064417354737557e-01
8.792682926829267754e-05,9.178817962565943844e-02
8.793902439024390660e-05,1.510475926454279971e-02
8.795121951219512211e-05,3.360181664354033870e-03
8.796341463414633762e-05,5.686137295428839167e-02
8.797560975609756669e-05,1.742101633478618794e-01
8.798780487804878220e-05,3.523398261181567293e-01
8.799999999999999771e-05,5.865952216956085152e-01
8.801219512195121322e-05,8.708544524444985502e-01
8.802439024390244229e-05,1.197688848863961653e+00
8.803658536585365780e-05,1.558557106221211130e+00
8.804878048780487331e-05,1.944028498168002939e+00
8.806097560975610237e-05,2.344029333990406805e+00
8.807317073170731789e-05,2.748106218729430950e+00
8.808536585365853340e-05,3.145699236276825239e+00
8.809756097560976246e-05,3.526417916231767702e+00
8.810975609756097797e-05,3.880312772559177947e+00
8.812195121951219348e-05,4.198135317817497381e+00
8.813414634146340900e-05,4.471579757881478656e+00
8.814634146341463806e-05,4.693500050855530681e+00
8.815853658536585357e-05,4.858096657678141028e+00
8.817073170731706908e-05,4.961068103988109712e+00
8.818292682926829815e-05,4.999723392413846668e+00
8.819512195121951366e-05,4.973052327573457276e+00
8.820731707317072917e-05,4.881751915947424081e+00
8.821951219512194468e-05,4.728208150706568524e+00
8.823170731707317375e-05,4.516433657519603351e+00
8.824390243902438926e-05,4.251962830871190313e+00
8.825609756097560477e-05,3.941707201333864763e+00
8.826829268292683383e-05,3.593774813548952451e+00
8.828048780487804934e-05,3.217258335188625917e+00
8.829268292682926486e-05,2.821997434333496368e+00
8.830487804878049392e-05,2.418321635169502937e+00
8.831707317073170943e-05,2.016780372063106341e+00
8.832926829268292494e-05,1.627867296626158256e+00
8.834146341463414045e-05,1.261746042575677240e+00
8.835365853658536952e-05,9.279846150964718987e-01
8.836585365853658503e-05,6.353053460219746373e-01
8.837804878048780054e-05,3.913569493587014669e-01
8.839024390243902960e-05,2.025146341345456236e-01
8.840243902439024512e-05,7.371349830261264557e-02
8.841463414634146063e-05,8.319557688973411302e-03
8.842682926829268969e-05,8.041780445488200257e-03
8.843902439024390520e-05,7.288742584508156597e-02
8.845121951219512071e-05,2.011618545722395623e-01
8.846341463414633623e-05,3.895128154649478702e-01
8.847560975609756529e-05,6.330180513465413217e-01
8.848780487804878080e-05,9.253139345007230787e-01
8.849999999999999631e-05,1.258761770110967904e+00
8.851219512195122538e-05,1.624647421577342987e+00
8.852439024390244089e-05,2.013409040817867979e+00
8.853658536585365640e-05,2.414886952185779201e+00
8.854878048780487191e-05,2.818589159668186461e+00
8.856097560975610098e-05,3.213965538759734564e+00
8.857317073170731649e-05,3.590683547430588707e+00
8.858536585365853200e-05,3.938898250920355615e+00
8.859756097560976106e-05,4.249509603680291292e+00
8.860975609756097657e-05,4.514400264798759110e+00
8.862195121951219209e-05,4.726647731987523748e+00
8.863414634146342115e-05,4.880705250328404965e+00
8.864634146341463666e-05,4.972546768019811658e+00
8.865853658536585217e-05,4.999772150932200176e+00
8.867073170731706768e-05,4.961669906351081849e+00
8.868292682926829675e-05,4.859235776724129430e+00
8.869512195121951226e-05,4.695146717493506650e+00
8.870731707317072777e-05,4.473690939059533633e+00
8.871951219512195683e-05,4.200655841123793977e+00
8.873170731707317235e-05,3.883176768067646556e+00
8.874390243902438786e-05,3.529550537908280106e+00
8.875609756097560337e-05,3.149018617963895039e+00
8.876829268292683243e-05,2.751525613587755714e+00
8.878048780487804794e-05,2.347459381494827468e+00
8.879268292682926346e-05,1.947379559403154436e+00
8.880487804878049252e-05,1.561741606452966113e+00
8.881707317073170803e-05,1.200623566169548351e+00
8.882926829268292354e-05,8.734626925868882452e-01
8.884146341463415261e-05,5.888088224054919273e-01
8.885365853658536812e-05,3.541009384103004365e-01
8.886585365853658363e-05,1.754727633129125053e-01
8.887804878048779914e-05,5.759246452104127556e-02
8.889024390243902821e-05,3.540658900248239149e-03
8.890243902439024372e-05,1.472990567998477829e-02
8.891463414634145923e-05,9.086779143145529147e-02
8.892682926829268829e-05,2.299645718349356827e-01
8.893902439024390380e-05,4.283851705282351041e-01
8.895121951219511932e-05,6.809441761316552544e-01
8.896341463414633483e-05,9.810413548475245271e-01
8.897560975609756389e-05,1.320834137225445737e+00
8.898780487804877940e-05,1.691442571424490282e+00
8.899999999999999491e-05,2.083181386839035198e+00
8.901219512195122398e-05,2.485813103466278928e+00
8.902439024390243949e-05,2.888815572400006637e+00
8.903658536585365500e-05,3.281656955705209988e+00
8.904878048780488406e-05,3.654070959495158810e+00
8.906097560975609958e-05,3.996325127431184399e+00
8.907317073170731509e-05,4.299475183219410468e+00
8.908536585365853060e-05,4.555598775251998411e+00
8.909756097560975966e-05,4.758002514851201958e+00
8.910975609756097517e-05,4.901396897491610005e+00
8.912195121951219069e-05,4.982034535712131174e+00
8.913414634146341975e-05,4.997808091214307247e+00
8.914634146341463526e-05,4.948305346845540242e+00
8.915853658536585077e-05,4.834819979248715427e+00
8.917073170731707984e-05,4.660317750650141200e+00
8.918292682926829535e-05,4.429359003312871579e+00
8.919512195121951086e-05,4.147979482137207796e+00
8.920731707317072637e-05,3.823532599927919051e+00
8.921951219512195544e-05,3.464497267474206055e+00
8.923170731707317095e-05,3.080256310506531481e+00
8.924390243902438646e-05,2.680851264247436028e+00
8.925609756097561552e-05,2.276719953629361193e+00
8.926829268292683103e-05,1.878423717096743051e+00
8.928048780487804655e-05,1.496371402576441412e+00
8.929268292682926206e-05,1.140547348551747886e+00
8.930487804878049112e-05,8.202504590227066572e-01
8.931707317073170663e-05,5.438511912251597913e-01
8.932926829268292214e-05,3.185728068464697138e-01
8.934146341463415121e-05,1.503026034033543290e-01
8.935365853658536672e-05,4.343805894831120895e-02
8.936585365853658223e-05,7.719108710615429914e-04
8.937804878048781129e-05,2.341917208485533308e-02
8.939024390243902681e-05,1.107879919109757694e-01
8.940243902439024232e-05,2.605951231684207059e-01
8.941463414634145783e-05,4.689255912612813049e-01
8.942682926829268689e-05,7.303350059042106324e-01
8.943902439024390240e-05,1.037991841728565845e+00
8.945121951219511792e-05,1.383855969493671179e+00
8.946341463414634698e-05,1.758888772263090150e+00
8.947560975609756249e-05,2.153289355491030843e+00
8.948780487804877800e-05,2.556750678044380720e+00
8.949999999999999351e-05,2.958728910567902659e+00
8.951219512195122258e-05,3.348718981938820782e+00
8.952439024390243809e-05,3.716529112838169002e+00
8.953658536585365360e-05,4.052547161931636666e+00
8.954878048780488267e-05,4.347991824117825033e+00
8.956097560975609818e-05,4.595142116173876801e+00
8.957317073170731369e-05,4.787539152554076693e+00
8.958536585365854275e-05,4.920154938239576836e+00
8.959756097560975826e-05,4.989523767508067920e+00
8.960975609756097378e-05,4.993832794722460555e+00
8.962195121951218929e-05,4.932969410209532057e+00
8.963414634146341835e-05,4.808524183137913965e+00
8.964634146341463386e-05,4.623749294484822414e+00
8.965853658536584937e-05,4.383473546384432318e+00
8.967073170731707844e-05,4.093976168949829741e+00
8.968292682926829395e-05,3.762822722437526579e+00
8.969512195121950946e-05,3.398667383184331037e+00
8.970731707317072497e-05,3.011026780273270198e+00
8.971951219512195404e-05,2.610031293346132930e+00
8.973170731707316955e-05,2.206160311010234576e+00
8.974390243902438506e-05,1.809968368437209429e+00
8.975609756097561412e-05,1.431809321129209112e+00
8.976829268292682963e-05,1.081565763133096381e+00
8.978048780487804515e-05,7.683907609318816334e-01
8.979268292682927421e-05,5.004686523958428168e-01
8.980487804878048972e-05,2.848011619417709639e-01
8.981707317073170523e-05,1.270244214357498791e-01
8.982926829268292074e-05,3.126167872141660808e-02
8.984146341463414981e-05,1.554299916284307415e-05
8.985365853658536532e-05,3.410258305688085301e-02
8.986585365853658083e-05,1.326319875241659396e-01
8.987804878048780990e-05,2.930288448319258165e-01
8.989024390243902541e-05,5.111014344897377715e-01
8.990243902439024092e-05,7.811507711333107729e-01
8.991463414634146998e-05,1.096119538573544494e+00
8.992682926829268549e-05,1.447776521695454566e+00
8.993902439024390101e-05,1.826931716366351877e+00
8.995121951219511652e-05,2.223676495789810303e+00
8.996341463414634558e-05,2.627642556939056906e+00
8.997560975609756109e-05,3.028272879904991832e+00
8.998780487804877660e-05,3.415097619069824120e+00
9.000000000000000567e-05,3.778007716112064429e+00
9.001219512195122118e-05,4.107519084401292098e+00
9.002439024390243669e-05,4.395020460742101065e+00
9.003658536585365220e-05,4.632998447238417583e+00
9.004878048780488127e-05,4.815233862175594126e+00
9.006097560975609678e-05,4.936964268585134263e+00
9.007317073170731229e-05,4.995008433073086174e+00
9.008536585365854135e-05,4.987849462367971221e+00
9.009756097560975687e-05,4.915674444949567956e+00
9.010975609756097238e-05,4.780369561784642229e+00
9.012195121951220144e-05,4.585470793943054346e+00
9.013414634146341695e-05,4.336071515275345511e+00
9.014634146341463246e-05,4.038689385067900872e+00
9.015853658536584798e-05,3.701096019232565482e+00
9.017073170731707704e-05,3.332113891305725328e+00
9.018292682926829255e-05,2.941385770928383714e+00
9.019512195121950806e-05,2.539122725172586303e+00
9.020731707317073713e-05,2.135837268307417602e+00
9.021951219512195264e-05,1.742068633715662562e+00
9.023170731707316815e-05,1.368107347543163987e+00
9.024390243902438366e-05,1.023726301927694537e+00
9.025609756097561272e-05,7.179253557781577477e-01
9.026829268292682824e-05,4.586961375683378250e-01
9.028048780487804375e-05,2.528131966487348059e-01
9.029268292682927281e-05,1.056569610180524421e-01
9.030487804878048832e-05,2.107312826992568944e-02
9.031707317073170383e-05,1.272164312478007986e-03
9.032926829268293290e-05,4.677153630638963833e-02
9.034146341463414841e-05,1.563821894716004302e-01
9.035365853658536392e-05,3.272396211707078173e-01
9.036585365853657943e-05,5.548787401959494048e-01
9.037804878048780850e-05,8.333505549306186033e-01
9.039024390243902401e-05,1.155377640920013160e+00
9.040243902439023952e-05,1.512544324956637709e+00
9.041463414634146858e-05,1.895516615509402314e+00
9.042682926829268410e-05,2.294286131962128827e+00
9.043902439024389961e-05,2.698431657959497798e+00
9.045121951219512867e-05,3.097391483560413050e+00
9.046341463414634418e-05,3.480739418976580346e+00
9.047560975609755969e-05,3.838457266703672932e+00
9.048780487804877521e-05,4.161196631410787994e+00
9.050000000000000427e-05,4.440523225602435176e+00
9.051219512195121978e-05,4.669137286502421880e+00
9.052439024390243529e-05,4.841064343916086088e+00
9.053658536585366436e-05,4.951811353644055558e+00
9.054878048780487987e-05,4.998484116150741841e+00
9.056097560975609538e-05,4.979862911934240799e+00
9.057317073170731089e-05,4.896434376983441972e+00
9.058536585365853995e-05,4.750378785308914331e+00
9.059756097560975547e-05,4.545513070899510844e+00
9.060975609756097098e-05,4.287191078133302469e+00
9.062195121951220004e-05,3.982163647445635668e+00
9.063414634146341555e-05,3.638402192695957549e+00
9.064634146341463106e-05,3.264890380756925836e+00
9.065853658536586013e-05,2.871389357461080483e+00
9.067073170731707564e-05,2.468182655354120403e+00
9.068292682926829115e-05,2.065807449684979424e+00
9.069512195121950666e-05,1.674779185846323015e+00
9.070731707317073573e-05,1.305316774690266968e+00
9.071951219512195124e-05,9.670755373071935335e-01
9.073170731707316675e-05,6.688948783400907594e-01
9.074390243902439581e-05,4.185672819986581139e-01
9.075609756097561133e-05,2.226346676977479788e-01
9.076829268292682684e-05,8.621742724392467139e-02
9.078048780487804235e-05,1.288061142181229357e-02
9.079268292682927141e-05,4.540762978670009886e-03
9.080487804878048692e-05,6.141583078327883527e-02
9.081707317073170244e-05,1.820194740739684569e-01
9.082926829268293150e-05,3.631999056443877549e-01
9.084146341463414701e-05,6.002222588639547496e-01
9.085365853658536252e-05,8.868923259947161242e-01
9.086585365853659159e-05,1.215718434105554691e+00
9.087804878048780710e-05,1.578107228200056333e+00
9.089024390243902261e-05,1.964588245084800899e+00
9.090243902439023812e-05,2.365061409080913890e+00
9.091463414634146718e-05,2.769060981673980848e+00
9.092682926829268270e-05,3.166029067185835544e+00
9.093902439024389821e-05,3.545591526835053742e+00
9.095121951219512727e-05,3.897829090593741608e+00
9.096341463414634278e-05,4.213536581763174027e+00
9.097560975609755829e-05,4.484463479841611644e+00
9.098780487804877381e-05,4.703529534947933577e+00
9.100000000000000287e-05,4.865009799054913486e+00
9.101219512195121838e-05,4.964684238533353167e+00
9.102439024390243389e-05,4.999948018118658410e+00
9.103658536585366296e-05,4.969879574197071825e+00
9.104878048780487847e-05,4.875264698426963861e+00
9.106097560975609398e-05,4.718576002305090888e+00
9.107317073170732304e-05,4.503908299339965282e+00
9.108536585365853856e-05,4.236871593519537349e+00
9.109756097560975407e-05,3.924444470646758276e+00
9.110975609756096958e-05,3.574791723939473975e+00
9.112195121951219864e-05,3.197050979952196670e+00
9.113414634146341415e-05,2.801093901030538902e+00
9.114634146341462967e-05,2.397268204883205023e+00
9.115853658536585873e-05,1.996127243198264178e+00
9.117073170731707424e-05,1.608154206337837566e+00
9.118292682926828975e-05,1.243488161583985674e+00
9.119512195121951882e-05,9.116590845071739224e-01
9.120731707317073433e-05,6.213388079914630158e-01
9.121951219512194984e-05,3.801143974695873062e-01
9.123170731707316535e-05,1.942898748615946580e-01
9.124390243902439441e-05,6.872147283905150061e-02
9.125609756097560993e-05,6.690724796952096654e-03
9.126829268292682544e-05,9.818707119869873878e-03
9.128048780487805450e-05,7.802367489214523388e-02
9.129268292682927001e-05,2.095231981724534620e-01
9.130487804878048552e-05,4.008807430074492473e-01
9.131707317073170104e-05,6.470954798605723646e-01
9.132926829268293010e-05,9.417329724551239956e-01
9.134146341463414561e-05,1.277093331680520194e+00
9.135365853658536112e-05,1.644412440129857877e+00
9.136585365853659019e-05,2.034090988569991598e+00
9.137804878048780570e-05,2.435945338845457719e+00
9.139024390243902121e-05,2.839473657303010157e+00
9.140243902439025027e-05,3.234130363754435855e+00
9.141463414634146579e-05,3.609601723685962327e+00
9.142682926829268130e-05,3.956075381549290171e+00
9.143902439024389681e-05,4.264496791293586497e+00
9.145121951219512587e-05,4.526805842737029018e+00
9.146341463414634138e-05,4.736147499913110792e+00
9.147560975609755690e-05,4.887050946694712295e+00
9.148780487804878596e-05,4.975572557997357315e+00
9.150000000000000147e-05,4.999398960241960843e+00
9.151219512195121698e-05,4.957907487746799013e+00
9.152439024390243249e-05,4.852182455119708138e+00
9.153658536585366156e-05,4.684986820394659190e+00
9.154878048780487707e-05,4.460689979454774523e+00
9.156097560975609258e-05,4.185153578717287104e+00
9.157317073170732164e-05,3.865578330191239864e+00
9.158536585365853716e-05,3.510315832155824545e+00
9.159756097560975267e-05,3.128650313225382451e+00
9.160975609756098173e-05,2.730556003586089631e+00
9.162195121951219724e-05,2.326436474123026787e+00
9.163414634146341275e-05,1.926852755398609229e+00
9.164634146341462827e-05,1.542247341669023442e+00
9.165853658536585733e-05,1.182671292663667550e+00
9.167073170731707284e-05,8.575215648926650669e-01
9.168292682926828835e-05,5.752954369124660960e-01
9.169512195121951742e-05,3.433684462695749673e-01
9.170731707317073293e-05,1.678016413864984457e-01
9.171951219512194844e-05,5.318318555821655025e-02
9.173170731707317750e-05,2.508452496439605994e-03
9.174390243902439302e-05,1.710174693186505834e-02
9.175609756097560853e-05,9.658169598524013466e-02
9.176829268292682404e-05,2.388712157497030475e-01
9.178048780487805310e-05,4.402517926243390001e-01
9.179268292682926861e-05,6.954606608378754995e-01
9.180487804878048413e-05,9.978283365860109999e-01
9.181707317073171319e-05,1.339452914537602846e+00
9.182926829268292870e-05,1.711406571744819249e+00
9.184146341463414421e-05,2.103968882306970656e+00
9.185365853658535972e-05,2.506880845465595531e+00
9.186585365853658879e-05,2.909612988512276566e+00
9.187804878048780430e-05,3.301640538053715712e+00
9.189024390243901981e-05,3.672718468473714637e+00
9.190243902439024888e-05,4.013149239617677111e+00
9.191463414634146439e-05,4.314036226808282137e+00
9.192682926829267990e-05,4.567516220189284937e+00
9.193902439024390896e-05,4.766964917390618339e+00
9.195121951219512447e-05,4.907170039288612173e+00
9.196341463414633999e-05,4.984467544753830914e+00
9.197560975609755550e-05,4.996837384622463851e+00
9.198780487804878456e-05,4.943956292515576223e+00
9.200000000000000007e-05,4.827206232899686533e+00
9.201219512195121558e-05,4.649638285610526722e+00
9.202439024390244465e-05,4.415892910664142690e+00
9.203658536585366016e-05,4.132078677106816755e+00
9.204878048780487567e-05,3.805612625135413651e+00
9.206097560975609118e-05,3.445026433376927155e+00
9.207317073170732025e-05,3.059743456837664688e+00
9.208536585365853576e-05,2.659832462290733890e+00
9.209756097560975127e-05,2.255744496833072432e+00
9.210975609756098033e-05,1.858039766150149763e+00
9.212195121951219584e-05,1.477111660092140566e+00
9.213414634146341136e-05,1.122915137715481126e+00
9.214634146341464042e-05,8.047065700312834302e-01
9.215853658536585593e-05,5.308018392564601839e-01
9.217073170731707144e-05,3.083590162635214682e-01
9.218292682926828695e-05,1.431912956160692474e-01
9.219512195121951602e-05,3.961507684040999067e-02
9.220731707317073153e-05,3.371620887167026126e-04
9.221951219512194704e-05,2.638401810604573683e-02
9.223170731707317611e-05,1.170749511314812530e-01
9.224390243902439162e-05,2.700398957620029350e-01
9.225609756097560713e-05,4.812813528981605415e-01
9.226829268292682264e-05,7.452788581180995742e-01
9.228048780487805170e-05,1.055133250362024544e+00
9.229268292682926722e-05,1.402746970696783446e+00
9.230487804878048273e-05,1.779035679324596497e+00
9.231707317073171179e-05,2.174165660570410274e+00
9.232926829268292730e-05,2.577810811625421028e+00
9.234146341463414281e-05,2.979422499064582563e+00
9.235365853658537188e-05,3.368505230847572030e+00
9.236585365853658739e-05,3.734890939552994560e+00
9.237804878048780290e-05,4.069004708888206423e+00
9.239024390243901841e-05,4.362114999118499981e+00
9.240243902439024748e-05,4.606561832174763893e+00
9.241463414634146299e-05,4.795956973174446247e+00
9.242682926829267850e-05,4.925350876929570632e+00
9.243902439024390756e-05,4.991362036553433690e+00
9.245121951219512307e-05,4.992265353842515907e+00
9.246341463414633859e-05,4.928037222015293040e+00
9.247560975609756765e-05,4.800356142637793866e+00
9.248780487804878316e-05,4.612558860616681855e+00
9.249999999999999867e-05,4.369553163599423584e+00
9.251219512195121418e-05,4.077689624636296806e+00
9.252439024390244325e-05,3.744595639905779372e+00
9.253658536585365876e-05,3.378976098671087946e+00
9.254878048780487427e-05,2.990385894638325492e+00
9.256097560975610334e-05,2.588980223787458623e+00
9.257317073170731885e-05,2.185249194239274217e+00
9.258536585365853436e-05,1.789743683718633793e+00
9.259756097560974987e-05,1.412799608902298054e+00
9.260975609756097893e-05,1.064267812434121385e+00
9.262195121951219445e-05,7.532566265928151150e-01
9.263414634146340996e-05,4.878938412995914575e-01
9.264634146341463902e-05,2.751142970682800559e-01
9.265853658536585453e-05,1.204786538174613675e-01
9.267073170731707004e-05,2.802807173634924709e-02
9.268292682926829911e-05,1.786018982983250680e-04
9.269512195121951462e-05,3.765804655144622259e-02
9.270731707317073013e-05,1.394869391478863463e-01
9.271951219512194564e-05,3.030041411670065798e-01
9.273170731707317471e-05,5.239363868003887870e-01
9.274390243902439022e-05,7.965099580552912339e-01
9.275609756097560573e-05,1.113601571827613768e+00
9.276829268292683479e-05,1.466924535741487290e+00
9.278048780487805030e-05,1.847245307865765795e+00
9.279268292682926582e-05,2.244624800864457370e+00
9.280487804878048133e-05,2.648678124466231854e+00
9.281707317073171039e-05,3.048845978295103620e+00
9.282926829268292590e-05,3.434670602638272285e+00
9.284146341463414141e-05,3.796069075607799270e+00
9.285365853658537048e-05,4.123596814500820606e+00
9.286585365853658599e-05,4.408694395165614566e+00
9.287804878048780150e-05,4.643911239140137148e+00
9.289024390243903057e-05,4.823100322841813892e+00
9.290243902439024608e-05,4.941578820394753713e+00
9.291463414634146159e-05,4.996250481946538535e+00
9.292682926829267710e-05,4.985686549304496396e+00
9.293902439024390616e-05,4.910163094292343544e+00
9.295121951219512168e-05,4.771653804045405067e+00
9.296341463414633719e-05,4.573778401791351200e+00
9.297560975609756625e-05,4.321708051054990563e+00
9.298780487804878176e-05,4.022030215406026343e+00
9.299999999999999727e-05,3.682576505420344759e+00
9.301219512195121279e-05,3.312218011812738006e+00
9.302439024390244185e-05,2.920633473383073664e+00
9.303658536585365736e-05,2.518056338348602985e+00
9.304878048780487287e-05,2.115007329209488862e+00
9.306097560975610194e-05,1.722019500156088956e+00
9.307317073170731745e-05,1.349362972206353595e+00
9.308536585365853296e-05,1.006776539687218808e+00
9.309756097560976202e-05,7.032131621063164584e-01
9.310975609756097753e-05,4.466059925896255223e-01
9.312195121951219305e-05,2.436610573543589453e-01
9.313414634146340856e-05,9.968200422529926996e-02
9.314634146341463762e-05,1.843150011030925128e-02
9.315853658536585313e-05,2.032899597956383531e-03
9.317073170731706864e-05,5.091475441239978750e-02
9.318292682926829771e-05,1.637996138864608042e-01
9.319512195121951322e-05,3.377374091318925409e-01
9.320731707317072873e-05,5.681825484677061056e-01
9.321951219512195780e-05,8.491127093333612486e-01
9.323170731707317331e-05,1.173186222251048072e+00
9.324390243902438882e-05,1.531933933852687835e+00
9.325609756097560433e-05,1.915980534929031531e+00
9.326829268292683339e-05,2.315289569443679696e+00
9.328048780487804891e-05,2.719425721580094546e+00
9.329268292682926442e-05,3.117827526369479241e+00
9.330487804878049348e-05,3.500083377023985420e+00
9.331707317073170899e-05,3.856203615961366182e+00
9.332926829268292450e-05,4.176881598853197985e+00
9.334146341463414002e-05,4.453736909187109738e+00
9.335365853658536908e-05,4.679534367317790711e+00
9.336585365853658459e-05,4.848373110549106357e+00
9.337804878048780010e-05,4.955840802933044742e+00
9.339024390243902917e-05,4.999128944753744364e+00
9.340243902439024468e-05,4.977106268266267008e+00
9.341463414634146019e-05,4.890348301606527670e+00
9.342682926829268925e-05,4.741122328264867569e+00
9.343902439024390476e-05,4.533328135186359020e+00
9.345121951219512028e-05,4.272396097949538785e+00
9.346341463414633579e-05,3.965145266411500113e+00
9.347560975609756485e-05,3.619605159527874427e+00
9.348780487804878036e-05,3.244805926458280698e+00
9.349999999999999587e-05,2.850542357768947710e+00
9.351219512195122494e-05,2.447117913932691291e+00
9.352439024390244045e-05,2.045075460538964940e+00
9.353658536585365596e-05,1.654921747021184331e+00
9.354878048780487147e-05,1.286852829228836148e+00
9.356097560975610054e-05,9.504876114862190750e-01
9.357317073170731605e-05,6.546164716046165566e-01
9.358536585365853156e-05,4.069715381317497993e-01
9.359756097560976062e-05,2.140246232917704106e-01
9.360975609756097614e-05,8.081809231583658715e-02
9.362195121951219165e-05,1.083308912829084036e-02
9.363414634146342071e-05,5.898562105961069335e-03
9.364634146341463622e-05,6.614346737914367225e-02
9.365853658536585173e-05,1.899933987649671252e-01
9.367073170731706725e-05,3.742117324056706273e-01
9.368292682926829631e-05,6.139842108609785409e-01
9.369512195121951182e-05,9.030447561799208600e-01
9.370731707317072733e-05,1.233839224029833259e+00
9.371951219512195640e-05,1.597722819418808227e+00
9.373170731707317191e-05,1.985186014862809767e+00
9.374390243902438742e-05,2.386103066986656529e+00
9.375609756097561648e-05,2.789996636954256815e+00
9.376829268292683200e-05,3.186311599300490016e+00
9.378048780487804751e-05,3.564690883594283655e+00
9.379268292682926302e-05,3.915246140240900452e+00
9.380487804878049208e-05,4.228816157002443177e+00
9.381707317073170759e-05,4.497206272920436732e+00
9.382926829268292310e-05,4.713402532939849010e+00
9.384146341463415217e-05,4.871754986630470796e+00
9.385365853658536768e-05,4.968125340786403221e+00
9.386585365853658319e-05,4.999995107234750158e+00
9.387804878048779870e-05,4.966531419575952455e+00
9.389024390243902777e-05,4.868608798842213758e+00
9.390243902439024328e-05,4.708786299261247699e+00
9.391463414634145879e-05,4.491240631383886850e+00
9.392682926829268785e-05,4.221657010299670887e+00
9.393902439024390337e-05,3.907080581451898293e+00
9.395121951219511888e-05,3.555732306800436504e+00
9.396341463414634794e-05,3.176794122865775449e+00
9.397560975609756345e-05,2.780168985209914734e+00
9.398780487804877896e-05,2.376222070209585979e+00
9.399999999999999448e-05,1.975509897417606631e+00
9.401219512195122354e-05,1.588504451469852974e+00
9.402439024390243905e-05,1.225319513177387076e+00
9.403658536585365456e-05,8.954463517143955720e-01
9.404878048780488363e-05,6.075056851744042863e-01
9.406097560975609914e-05,3.690223916143824390e-01
9.407317073170731465e-05,1.862288581573783297e-01
9.408536585365853016e-05,6.390210732420431583e-02
9.409756097560975923e-05,5.238957035984093125e-03
9.410975609756097474e-05,1.177247678811488285e-02
9.412195121951219025e-05,8.333192328129790383e-02
9.413414634146341931e-05,2.180472025300055350e-01
9.414634146341463482e-05,4.123977418387441141e-01
9.415853658536585034e-05,6.613044944504933298e-01
9.417073170731707940e-05,9.582626724758938064e-01
9.418292682926829491e-05,1.295511739327624756e+00
9.419512195121951042e-05,1.664238219184442258e+00
9.420731707317072593e-05,2.054806023367586221e+00
9.421951219512195500e-05,2.457008274417565641e+00
9.423170731707317051e-05,2.860334046837965438e+00
9.424390243902438602e-05,3.254243053663837149e+00
9.425609756097561508e-05,3.628441100340931591e+00
9.426829268292683060e-05,3.973149107366151345e+00
9.428048780487804611e-05,4.279358671205743647e+00
9.429268292682926162e-05,4.539067484804351515e+00
9.430487804878049068e-05,4.745488465337404982e+00
9.431707317073170619e-05,4.893227123983383109e+00
9.432926829268292171e-05,4.978422542436594433e+00
9.434146341463415077e-05,4.998848271954967615e+00
9.435365853658536628e-05,4.953970518108915755e+00
9.436585365853658179e-05,4.844962090662358278e+00
9.437804878048781086e-05,4.674671754027093229e+00
9.439024390243902637e-05,4.447549779270625336e+00
9.440243902439024188e-05,4.169531643254474673e+00
9.441463414634145739e-05,3.847882914251044895e+00
9.442682926829268646e-05,3.491009377700446059e+00
9.443902439024390197e-05,3.108237364185197915e+00
9.445121951219511748e-05,2.709570020393425871e+00
9.446341463414634654e-05,2.305425892558604417e+00
9.447560975609756205e-05,1.906366654083595069e+00
9.448780487804877757e-05,1.522821092755236139e+00
9.450000000000000663e-05,1.164812570721434959e+00
9.451219512195122214e-05,8.416970796315554892e-01
9.452439024390243765e-05,5.619187364541073926e-01
9.453658536585365316e-05,3.327891097170434520e-01
9.454878048780488223e-05,1.602961431199760867e-01
9.456097560975609774e-05,4.894767001248068183e-02
9.457317073170731325e-05,1.653608232355718854e-03
9.458536585365854231e-05,1.964991396450832539e-02
9.459756097560975783e-05,1.024662819625921095e-01
9.460975609756097334e-05,2.479384362397016872e-01
9.462195121951218885e-05,4.522646900294065020e-01
9.463414634146341791e-05,7.101052969117183089e-01
9.464634146341463342e-05,1.014721996715751473e+00
9.465853658536584894e-05,1.358154109391687125e+00
9.467073170731707800e-05,1.731426574904997517e+00
9.468292682926829351e-05,2.124784502365720584e+00
9.469512195121950902e-05,2.527948098815156364e+00
9.470731707317073809e-05,2.930381315503193473e+00
9.471951219512195360e-05,3.321567191008437447e+00
9.473170731707316911e-05,3.691282695546043158e+00
9.474390243902438462e-05,4.029865893827228263e+00
9.475609756097561369e-05,4.328468444596708764e+00
9.476829268292682920e-05,4.579286838162571094e+00
9.478048780487804471e-05,4.775766328894837542e+00
9.479268292682927377e-05,4.912772233228242413e+00
9.480487804878048928e-05,4.986724116569903664e+00
9.481707317073170480e-05,4.995689362346942275e+00
9.482926829268292031e-05,4.939433677911557297e+00
9.484146341463414937e-05,4.819427217411712761e+00
9.485365853658536488e-05,4.638806161617431201e+00
9.486585365853658039e-05,4.402290758750413424e+00
9.487804878048780946e-05,4.116061968194552279e+00
9.489024390243902497e-05,3.787599930810835680e+00
9.490243902439024048e-05,3.425488487176511221e+00
9.491463414634146954e-05,3.039190852365267759e+00
9.492682926829268506e-05,2.638802309653971001e+00
9.493902439024390057e-05,2.234786386111847545e+00
9.495121951219511608e-05,1.837701404723491860e+00
9.496341463414634514e-05,1.457924559160343136e+00
9.497560975609756065e-05,1.105380722091704015e+00
9.498780487804877617e-05,7.892830741881380341e-01
9.500000000000000523e-05,5.178923320854591505e-01
9.501219512195122074e-05,2.983008675026512790e-01
9.502439024390243625e-05,1.362473592199506811e-01
9.503658536585365176e-05,3.596682170424081448e-02
9.504878048780488083e-05,7.992964270053803943e-05
9.506097560975609634e-05,2.952453071720384514e-02
9.507317073170731185e-05,1.235311364244013888e-01
9.508536585365854092e-05,2.796430314526041627e-01
9.509756097560975643e-05,4.937804760851354224e-01
9.510975609756097194e-05,7.603473238053182204e-01
9.512195121951220100e-05,1.072377267815022295e+00
9.513414634146341651e-05,1.421715894543526426e+00
9.514634146341463203e-05,1.799233786469125018e+00
9.515853658536584754e-05,2.195065105136640327e+00
9.517073170731707660e-05,2.598865419384571052e+00
9.518292682926829211e-05,3.000082040839322062e+00
9.519512195121950762e-05,3.388229801891482929e+00
9.520731707317073669e-05,3.753165069114907659e+00
9.521951219512195220e-05,4.085350831230911695e+00
9.523170731707316771e-05,4.376105933952397997e+00
9.524390243902439677e-05,4.617831948344718107e+00
9.525609756097561229e-05,4.804211743856786399e+00
9.526829268292682780e-05,4.930374576629788841e+00
9.528048780487804331e-05,4.993023378753017383e+00
9.529268292682927237e-05,4.990520921966840717e+00
9.530487804878048788e-05,4.922932604057494999e+00
9.531707317073170340e-05,4.792024739788180554e+00
9.532926829268293246e-05,4.601218401031663241e+00
9.534146341463414797e-05,4.355500012416976929e+00
9.535365853658536348e-05,4.061291038938627196e+00
9.536585365853657899e-05,3.726280171030539545e+00
9.537804878048780806e-05,3.359222392692148951e+00
9.539024390243902357e-05,2.969710183704267870e+00
9.540243902439023908e-05,2.567922835200372678e+00
9.541463414634146815e-05,2.164360429847385969e+00
9.542682926829268366e-05,1.769569438642786707e+00
9.543902439024389917e-05,1.393867105420244723e+00
9.545121951219512823e-05,1.047071821853135187e+00
9.546341463414634374e-05,7.382465391765742346e-01
9.547560975609755926e-05,4.754619221592033540e-01
9.548780487804877477e-05,2.655854349272948056e-01
9.550000000000000383e-05,1.141018705536858135e-01
9.551219512195121934e-05,2.497001458695535803e-02
9.552439024390243485e-05,5.191883940898200933e-04
9.553658536585366392e-05,4.138837599813083301e-02
9.554878048780487943e-05,1.465095252315853358e-01
9.556097560975609494e-05,3.131354596062978501e-01
9.557317073170731045e-05,5.369116714657820033e-01
9.558536585365853952e-05,8.119901202170645149e-01
9.559756097560975503e-05,1.131182061708829734e+00
9.560975609756097054e-05,1.486145914790505174e+00
9.562195121951219960e-05,1.867605255466124881e+00
9.563414634146341511e-05,2.265591241693441837e+00
9.564634146341463063e-05,2.669703133451051258e+00
9.565853658536585969e-05,3.069380099777135662e+00
9.567073170731707520e-05,3.454177209533890736e+00
9.568292682926829071e-05,3.814038393316761866e+00
9.569512195121950622e-05,4.139559243066088356e+00
9.570731707317073529e-05,4.422232781533981694e+00
9.571951219512195080e-05,4.654671778801237281e+00
9.573170731707316631e-05,4.830801805955070805e+00
9.574390243902439538e-05,4.946019980769262858e+00
9.575609756097561089e-05,4.997315256815942242e+00
9.576829268292682640e-05,4.983347112446372407e+00
9.578048780487805546e-05,4.904480583222461831e+00
9.579268292682927097e-05,4.762776722285183340e+00
9.580487804878048649e-05,4.561938737960181456e+00
9.581707317073170200e-05,4.307215216212233244e+00
9.582926829268293106e-05,4.005262957076191732e+00
9.584146341463414657e-05,3.663973009622439658e+00
9.585365853658536208e-05,3.292264451753293741e+00
9.586585365853659115e-05,2.899851304083300718e+00
9.587804878048780666e-05,2.496988669233102698e+00
9.589024390243902217e-05,2.094204730793106428e+00
9.590243902439023768e-05,1.702025615746909804e+00
9.591463414634146675e-05,1.330700310638210926e+00
9.592682926829268226e-05,9.899328203718611441e-01
9.593902439024389777e-05,6.886285692507787548e-01
9.595121951219512683e-05,4.346616716702729200e-01
9.596341463414634235e-05,2.346691544795356243e-01
9.597560975609755786e-05,9.387750868427291451e-02
9.598780487804878692e-05,1.596610329748360257e-02
9.600000000000000243e-05,2.971030795105189526e-03
9.601219512195121794e-05,5.523189703099973258e-02
9.602439024390243346e-05,1.713829461698468393e-01
9.603658536585366252e-05,3.483887525759263859e-01
9.604878048780487803e-05,5.816235469038153472e-01
9.606097560975609354e-05,8.649921033321608110e-01
9.607317073170732261e-05,1.191089028737589928e+00
9.608536585365853812e-05,1.551392291036496784e+00
9.609756097560975363e-05,1.936485929140465023e+00
9.610975609756096914e-05,2.336306124341307466e+00
9.612195121951219820e-05,2.740404202439613801e+00
9.613414634146341372e-05,3.138219693470770899e+00
9.614634146341462923e-05,3.519356313038170647e+00
9.615853658536585829e-05,3.873853652911503076e+00
9.617073170731707380e-05,4.192447480684411865e+00
9.618292682926828931e-05,4.466811845972412875e+00
9.619512195121951838e-05,4.689776666075904821e+00
9.620731707317073389e-05,4.855515104853838082e+00
9.621951219512194940e-05,4.959695847956254511e+00
9.623170731707316491e-05,4.999596294935406249e+00
9.624390243902439398e-05,4.974173710141842619e+00
9.625609756097560949e-05,4.884092472986480971e+00
9.626829268292682500e-05,4.731706715426311050e+00
9.628048780487805406e-05,4.520998800414071539e+00
9.629268292682926958e-05,4.257475249085379332e+00
9.630487804878048509e-05,3.948022836456871687e+00
9.631707317073170060e-05,3.600728616355282519e+00
9.632926829268292966e-05,3.224668578939005048e+00
9.634146341463414517e-05,2.829670463921436951e+00
9.635365853658536069e-05,2.426056927992550794e+00
9.636585365853658975e-05,2.024375778365605338e+00
9.637804878048780526e-05,1.635124322367998539e+00
9.639024390243902077e-05,1.268475036761893771e+00
9.640243902439024984e-05,9.340097260102961929e-01
9.641463414634146535e-05,6.404691168322960149e-01
9.642682926829268086e-05,3.955244330081124637e-01
9.643902439024389637e-05,2.055769199694199578e-01
9.645121951219512543e-05,7.559055828146110656e-02
9.646341463414634095e-05,8.962337791223351502e-03
9.647560975609755646e-05,7.433482620494924475e-03
9.648780487804878552e-05,7.104394700325800116e-02
9.650000000000000103e-05,1.981313711437278080e-01
9.651219512195121654e-05,3.853745243851851576e-01
9.652439024390244561e-05,6.278801003670970715e-01
9.653658536585366112e-05,9.193105959181919751e-01
9.654878048780487663e-05,1.252049931770704339e+00
9.656097560975609214e-05,1.617402486854968569e+00
9.657317073170732121e-05,2.005820344729059013e+00
9.658536585365853672e-05,2.407152813409194625e+00
9.659756097560975223e-05,2.810911697799723274e+00
9.660975609756098129e-05,3.206545392233120850e+00
9.662195121951219681e-05,3.583714630145848012e+00
9.663414634146341232e-05,3.932562684609504089e+00
9.664634146341462783e-05,4.243972958439693244e+00
9.665853658536585689e-05,4.509807232175020886e+00
9.667073170731707240e-05,4.723118343689607812e+00
9.668292682926828792e-05,4.878331741388006293e+00
9.669512195121951698e-05,4.971391166373642534e+00
9.670731707317073249e-05,4.999864656418035125e+00
9.671951219512194800e-05,4.963008101483024959e+00
9.673170731707317707e-05,4.861784689869643294e+00
9.674390243902439258e-05,4.698839736802217004e+00
9.675609756097560809e-05,4.478431553259897946e+00
9.676829268292682360e-05,4.206320161692958415e+00
9.678048780487805266e-05,3.889616766864721242e+00
9.679268292682926818e-05,3.536597915657026192e+00
9.680487804878048369e-05,3.156489202492051227e+00
9.681707317073171275e-05,2.759224172876662440e+00
9.682926829268292826e-05,2.355184725762738296e+00
9.684146341463414377e-05,1.954929798884873726e+00
9.685365853658535929e-05,1.568919427472986516e+00
9.686585365853658835e-05,1.207241387623632978e+00
9.687804878048780386e-05,8.793475680833864327e-01
9.689024390243901937e-05,5.938069599465123360e-01
9.690243902439024844e-05,3.580817195039136536e-01
9.691463414634146395e-05,1.783321564837514472e-01
9.692682926829267946e-05,5.925574401015243353e-02
9.693902439024390852e-05,3.964357504892657147e-03
9.695121951219512404e-05,1.390295070115721288e-02
9.696341463414633955e-05,8.881179404151362533e-02
9.697560975609755506e-05,2.267332623032465300e-01
9.698780487804878412e-05,4.240629940657321129e-01
9.699999999999999963e-05,6.756440860461863096e-01
9.701219512195121515e-05,9.749018606866606262e-01
9.702439024390244421e-05,1.314015685047585702e+00
9.703658536585365972e-05,1.684123350791348450e+00
9.704878048780487523e-05,2.075552674111653673e+00
9.706097560975610430e-05,2.478074263095446206e+00
9.707317073170731981e-05,2.881168846850416632e+00
9.708536585365853532e-05,3.274302180165066911e+00
9.709756097560975083e-05,3.647200339496212251e+00
9.710975609756097989e-05,3.990118215860390283e+00
9.712195121951219541e-05,4.294094187982624433e+00
9.713414634146341092e-05,4.551184320226578706e+00
9.714634146341463998e-05,4.754669964900854140e+00
9.715853658536585549e-05,4.899233343586318234e+00
9.717073170731707100e-05,4.981096518942777607e+00
9.718292682926828652e-05,4.998120125178952655e+00
9.719512195121951558e-05,4.949859277025495885e+00
9.720731707317073109e-05,4.837575196114086928e+00
9.721951219512194660e-05,4.664202250926446247e+00
9.723170731707317567e-05,4.434271271672657555e+00
9.724390243902439118e-05,4.153791144145738912e+00
9.725609756097560669e-05,3.830091776906704215e+00
9.726829268292683575e-05,3.471632545612521881e+00
9.728048780487805127e-05,3.087781220492720635e+00
9.729268292682926678e-05,2.688569154352699275e+00
9.730487804878048229e-05,2.284429128890809846e+00
9.731707317073171135e-05,1.885922710300274030e+00
9.732926829268292686e-05,1.503464239287753301e+00
9.734146341463414238e-05,1.147048668599364385e+00
9.735365853658537144e-05,8.259903605961245177e-01
9.736585365853658695e-05,5.486796709923968951e-01
9.737804878048780246e-05,3.223636800560569782e-01
9.739024390243901797e-05,1.529568015252529278e-01
9.740243902439024704e-05,4.488621867390962805e-02
9.741463414634146255e-05,9.761868157132091994e-04
9.742682926829267806e-05,2.237422581686088208e-02
9.743902439024390712e-05,1.085211314632457125e-01
9.745121951219512264e-05,2.571655893864370768e-01
9.746341463414633815e-05,4.644230096354657888e-01
9.747560975609756721e-05,7.248770443488561366e-01
9.748780487804878272e-05,1.031721135515144105e+00
9.749999999999999823e-05,1.376936393701548411e+00
9.751219512195121375e-05,1.751501159160613330e+00
9.752439024390244281e-05,2.145626768769753667e+00
9.753658536585365832e-05,2.549013367398829999e+00
9.754878048780487383e-05,2.951119078485239910e+00
9.756097560975610290e-05,3.341435499454880276e+00
9.757317073170731841e-05,3.709762322353410191e+00
9.758536585365853392e-05,4.046473902909853315e+00
9.759756097560974943e-05,4.342770811665088715e+00
9.760975609756097850e-05,4.590909793268966865e+00
9.762195121951219401e-05,4.784406124322784670e+00
9.763414634146340952e-05,4.918203081464467274e+00
9.764634146341463858e-05,4.988804090907271060e+00
9.765853658536585409e-05,4.994364105915908070e+00
9.767073170731706961e-05,4.934737824211989476e+00
9.768292682926829867e-05,4.811483485220650280e+00
9.769512195121951418e-05,4.627822147926185181e+00
9.770731707317072969e-05,4.388553513542163387e+00
9.771951219512194520e-05,4.099930492844380936e+00
9.773170731707317427e-05,3.769495796144731514e+00
9.774390243902438978e-05,3.405884816381405944e+00
9.775609756097560529e-05,3.018599956654852701e+00
9.776829268292683436e-05,2.617762299816257521e+00
9.778048780487804987e-05,2.213847109830925142e+00
9.779268292682926538e-05,1.817410077168124527e+00
9.780487804878049444e-05,1.438811462375395589e+00
9.781707317073170995e-05,1.087945346907388533e+00
9.782926829268292547e-05,7.739810668099800228e-01
9.784146341463414098e-05,5.051235864948122600e-01
9.785365853658537004e-05,2.883990748539364546e-01
9.786585365853658555e-05,1.294712873461838498e-01
9.787804878048780106e-05,3.249355262430597691e-02
9.789024390243903013e-05,2.318006608881262309e-07
9.790243902439024564e-05,3.284048689116536579e-02
9.791463414634146115e-05,1.301560892965571981e-01
9.792682926829267666e-05,2.894038482620802100e-01
9.793902439024390573e-05,5.064220731823971811e-01
9.795121951219512124e-05,7.755393328620172610e-01
9.796341463414633675e-05,1.089722669483552453e+00
9.797560975609756581e-05,1.440761393935701129e+00
9.798780487804878132e-05,1.819481659306181776e+00
9.799999999999999684e-05,2.215986204994677689e+00
9.801219512195122590e-05,2.619913006106582287e+00
9.802439024390244141e-05,3.020706068732342597e+00
9.803658536585365692e-05,3.407891294308206476e+00
9.804878048780487243e-05,3.771350203764800568e+00
9.806097560975610150e-05,4.101584368120814617e+00
9.807317073170731701e-05,4.389963635036586709e+00
9.808536585365853252e-05,4.628951664322999093e+00
9.809756097560976159e-05,4.812302878379605353e+00
9.810975609756097710e-05,4.935225680576738938e+00
9.812195121951219261e-05,4.994507676124933404e+00
9.813414634146340812e-05,4.988599622978165726e+00
9.814634146341463718e-05,4.917655918846111973e+00
9.815853658536585270e-05,4.783530566252691685e+00
9.817073170731706821e-05,4.589728721085114316e+00
9.818292682926829727e-05,4.341315090838011592e+00
9.819512195121951278e-05,4.044781576421945246e+00
9.820731707317072829e-05,3.707877616505198759e+00
9.821951219512195736e-05,3.339407668079976688e+00
9.823170731707317287e-05,2.949001115779145810e+00
9.824390243902438838e-05,2.546860622996470980e+00
9.825609756097560389e-05,2.143495501272839832e+00
9.826829268292683296e-05,1.749447065905029408e+00
9.828048780487804847e-05,1.375013155195330850e+00
9.829268292682926398e-05,1.029979012582532327e+00
9.830487804878049304e-05,7.233615646420195056e-01
9.831707317073170855e-05,4.631737778422548857e-01
9.832926829268292407e-05,2.562152522215570549e-01
9.834146341463413958e-05,1.078945244992874919e-01
9.835365853658536864e-05,2.208772444447548722e-02
9.836585365853658415e-05,1.037278299425015149e-03
9.837804878048779966e-05,4.529330648353457889e-02
9.839024390243902873e-05,1.536992470588800508e-01
9.840243902439024424e-05,3.234220806632333023e-01
9.841463414634145975e-05,5.500263670319913700e-01
9.842682926829268882e-05,8.275901582781217680e-01
9.843902439024390433e-05,1.148859759717733020e+00
9.845121951219511984e-05,1.505439293814899049e+00
9.846341463414633535e-05,1.888010113281457958e+00
9.847560975609756441e-05,2.286574329320519627e+00
9.848780487804877993e-05,2.690716090779120773e+00
9.849999999999999544e-05,3.089873786098169983e+00
9.851219512195122450e-05,3.473616054474350179e+00
9.852439024390244001e-05,3.831914393128351470e+00
9.853658536585365552e-05,4.155405236509201572e+00
9.854878048780488459e-05,4.435634658403998287e+00
9.856097560975610010e-05,4.665279302049447629e+00
9.857317073170731561e-05,4.838337764585975975e+00
9.858536585365853112e-05,4.950287434314365242e+00
9.859756097560976019e-05,4.998202682065070235e+00
9.860975609756097570e-05,4.980831317931308178e+00
9.862195121951219121e-05,4.898627315290072559e+00
9.863414634146342027e-05,4.753738946919578545e+00
9.864634146341463578e-05,4.549952643256111706e+00
9.865853658536585130e-05,4.292594039970293096e+00
9.867073170731706681e-05,3.988388800823446267e+00
9.868292682926829587e-05,3.645286852986288295e+00
9.869512195121951138e-05,3.272254628153262068e+00
9.870731707317072689e-05,2.879040738899612428e+00
9.871951219512195596e-05,2.475921213971174151e+00
9.873170731707317147e-05,2.073430950379616000e+00
9.874390243902438698e-05,1.682088400376061443e+00
9.875609756097561605e-05,1.312120688187895290e+00
9.876829268292683156e-05,9.731963401561716243e-01
9.878048780487804707e-05,6.741726129510519083e-01
9.879268292682926258e-05,4.228640230491844676e-01
9.880487804878049164e-05,2.258381265937625670e-01
9.881707317073170716e-05,8.824388660799353801e-02
9.882926829268292267e-05,1.367711291434492438e-02
9.884146341463415173e-05,4.086491281443560553e-03
9.885365853658536724e-05,5.972265757516259654e-02
9.886585365853658275e-05,1.791316477829831832e-01
9.887804878048779827e-05,3.591928950849396784e-01
9.889024390243902733e-05,5.952007809771817648e-01
9.890243902439024284e-05,8.809876092359067989e-01
9.891463414634145835e-05,1.209084788992405901e+00
9.892682926829268742e-05,1.570918014652239014e+00
9.893902439024390293e-05,1.957031341930883794e+00
9.895121951219511844e-05,2.357334304141560644e+00
9.896341463414634750e-05,2.761365610726775444e+00
9.897560975609756301e-05,3.158566536690211368e+00
9.898780487804877853e-05,3.538556858330152100e+00
9.899999999999999404e-05,3.891406124115655008e+00
9.901219512195122310e-05,4.207893171475180161e+00
9.902439024390243861e-05,4.479747107427515473e+00
9.903658536585365412e-05,4.699863455408810786e+00
9.904878048780488319e-05,4.862489819633999844e+00
9.906097560975609870e-05,4.963376214943472142e+00
9.907317073170731421e-05,4.999886133506382890e+00
9.908536585365854328e-05,4.971065445819759177e+00
9.909756097560975879e-05,4.877667335388264469e+00
9.910975609756097430e-05,4.722132615453459970e+00
9.912195121951218981e-05,4.508525942165075406e+00
9.913414634146341887e-05,4.242429591162306224e+00
9.914634146341463439e-05,3.930797573550154578e+00
9.915853658536584990e-05,3.581773903714850604e+00
9.917073170731707896e-05,3.204479768274141716e+00
9.918292682926829447e-05,2.808775158158737906e+00
9.919512195121950998e-05,2.405001193200765552e+00
9.920731707317072550e-05,2.003709873175290035e+00
9.921951219512195456e-05,1.615388317822362918e+00
9.923170731707317007e-05,1.250184702410300774e+00
9.924390243902438558e-05,9.176430510761159898e-01
9.925609756097561465e-05,6.264538187140251679e-01
9.926829268292683016e-05,3.842267795575788902e-01
9.928048780487804567e-05,1.972921576537429722e-01
9.929268292682927473e-05,7.053519637979333012e-02
9.930487804878049024e-05,7.268490263996341127e-03
9.931707317073170576e-05,9.145415518350130668e-03
9.932926829268292127e-05,7.611692164273620165e-02
9.934146341463415033e-05,2.064328132833188612e-01
9.935365853658536584e-05,3.966874888442419866e-01
9.936585365853658135e-05,6.419089405491331668e-01
9.937804878048781042e-05,9.356886900719529887e-01
9.939024390243902593e-05,1.270349264073035167e+00
9.940243902439024144e-05,1.637144832935067740e+00
9.941463414634145695e-05,2.026489769312551648e+00
9.942682926829268602e-05,2.428209153477944859e+00
9.943902439024390153e-05,2.831804678906331141e+00
9.945121951219511704e-05,3.226729009058967090e+00
9.946341463414634610e-05,3.602661415498255693e+00
9.947560975609756162e-05,3.949777493946359463e+00
9.948780487804877713e-05,4.259005909697814118e+00
9.950000000000000619e-05,4.522265462733548347e+00
9.951219512195122170e-05,4.732676277217578331e+00
9.952439024390243721e-05,4.884739596271966633e+00
9.953658536585365273e-05,4.974481483368577983e+00
9.954878048780488179e-05,4.999556674932627232e+00
9.956097560975609730e-05,4.959309870130539366e+00
9.957317073170731281e-05,4.854792856130763390e+00
9.958536585365854188e-05,4.688737021293656326e+00
9.959756097560975739e-05,4.465481974618574768e+00
9.960975609756097290e-05,4.190862136862351761e+00
9.962195121951218841e-05,3.872054267097442271e+00
9.963414634146341748e-05,3.517389909360342681e+00
9.964634146341463299e-05,3.136137660807525318e+00
9.965853658536584850e-05,2.738260951451619185e+00
9.967073170731707756e-05,2.334157665534208004e+00
9.968292682926829307e-05,1.934388409118649399e+00
9.969512195121950858e-05,1.549400525197385026e+00
9.970731707317073765e-05,1.189255068759939249e+00
9.971951219512195316e-05,8.633638768867399893e-01
9.973170731707316867e-05,5.802436051365162939e-01
9.974390243902438418e-05,3.472931581021772018e-01
9.975609756097561325e-05,1.706003306341914438e-01
9.976829268292682876e-05,5.478271286393798789e-02
9.978048780487804427e-05,2.867016720876858216e-03
9.979268292682927333e-05,1.620997756090680753e-02
9.980487804878048885e-05,9.446289801367591110e-02
9.981707317073170436e-05,2.355807606422231082e-01
9.982926829268293342e-05,4.358756712678619749e-01
9.984146341463414893e-05,6.901132363063808839e-01
9.985365853658536444e-05,9.916493554387642018e-01
9.986585365853657996e-05,1.332603854762615114e+00
9.987804878048780902e-05,1.704066422786379320e+00
9.989024390243902453e-05,2.096329467454040696e+00
